"Benchmark","Mode","Threads","Samples","Score","Score Error (99.9%)","Unit","Param: cacheEntryOverhead","Param: cacheMB","Param: checksum","Param: valueSize"
"com.evolvedbinary.jnibench.jmhbench.GetFFMBenchmarkJava.getIntoMemorySegment","sample",1,3106358,63.227712,2.192197,"ns/op",1024,1,none,10
"com.evolvedbinary.jnibench.jmhbench.GetFFMBenchmarkJava.getIntoMemorySegment:getIntoMemorySegment·p0.00","sample",1,1,0.000000,NaN,"ns/op",1024,1,none,10
"com.evolvedbinary.jnibench.jmhbench.GetFFMBenchmarkJava.getIntoMemorySegment:getIntoMemorySegment·p0.50","sample",1,1,42.000000,NaN,"ns/op",1024,1,none,10
"com.evolvedbinary.jnibench.jmhbench.GetFFMBenchmarkJava.getIntoMemorySegment:getIntoMemorySegment·p0.90","sample",1,1,84.000000,NaN,"ns/op",1024,1,none,10
"com.evolvedbinary.jnibench.jmhbench.GetFFMBenchmarkJava.getIntoMemorySegment:getIntoMemorySegment·p0.95","sample",1,1,84.000000,NaN,"ns/op",1024,1,none,10
"com.evolvedbinary.jnibench.jmhbench.GetFFMBenchmarkJava.getIntoMemorySegment:getIntoMemorySegment·p0.99","sample",1,1,84.000000,NaN,"ns/op",1024,1,none,10
"com.evolvedbinary.jnibench.jmhbench.GetFFMBenchmarkJava.getIntoMemorySegment:getIntoMemorySegment·p0.999","sample",1,1,375.000000,NaN,"ns/op",1024,1,none,10
"com.evolvedbinary.jnibench.jmhbench.GetFFMBenchmarkJava.getIntoMemorySegment:getIntoMemorySegment·p0.9999","sample",1,1,8120.000000,NaN,"ns/op",1024,1,none,10
"com.evolvedbinary.jnibench.jmhbench.GetFFMBenchmarkJava.getIntoMemorySegment:getIntoMemorySegment·p1.00","sample",1,1,2043904.000000,NaN,"ns/op",1024,1,none,10
"com.evolvedbinary.jnibench.jmhbench.GetFFMBenchmarkJava.getIntoMemorySegment","sample",1,4768922,63.499869,1.134017,"ns/op",1024,1,none,50
"com.evolvedbinary.jnibench.jmhbench.GetFFMBenchmarkJava.getIntoMemorySegment:getIntoMemorySegment·p0.00","sample",1,1,0.000000,NaN,"ns/op",1024,1,none,50
"com.evolvedbinary.jnibench.jmhbench.GetFFMBenchmarkJava.getIntoMemorySegment:getIntoMemorySegment·p0.50","sample",1,1,42.000000,NaN,"ns/op",1024,1,none,50
"com.evolvedbinary.jnibench.jmhbench.GetFFMBenchmarkJava.getIntoMemorySegment:getIntoMemorySegment·p0.90","sample",1,1,84.000000,NaN,"ns/op",1024,1,none,50
"com.evolvedbinary.jnibench.jmhbench.GetFFMBenchmarkJava.getIntoMemorySegment:getIntoMemorySegment·p0.95","sample",1,1,84.000000,NaN,"ns/op",1024,1,none,50
"com.evolvedbinary.jnibench.jmhbench.GetFFMBenchmarkJava.getIntoMemorySegment:getIntoMemorySegment·p0.99","sample",1,1,84.000000,NaN,"ns/op",1024,1,none,50
"com.evolvedbinary.jnibench.jmhbench.GetFFMBenchmarkJava.getIntoMemorySegment:getIntoMemorySegment·p0.999","sample",1,1,291.000000,NaN,"ns/op",1024,1,none,50
"com.evolvedbinary.jnibench.jmhbench.GetFFMBenchmarkJava.getIntoMemorySegment:getIntoMemorySegment·p0.9999","sample",1,1,7456.000000,NaN,"ns/op",1024,1,none,50
"com.evolvedbinary.jnibench.jmhbench.GetFFMBenchmarkJava.getIntoMemorySegment:getIntoMemorySegment·p1.00","sample",1,1,1499136.000000,NaN,"ns/op",1024,1,none,50
"com.evolvedbinary.jnibench.jmhbench.GetFFMBenchmarkJava.getIntoMemorySegment","sample",1,4292575,71.065662,3.762439,"ns/op",1024,1,none,512
"com.evolvedbinary.jnibench.jmhbench.GetFFMBenchmarkJava.getIntoMemorySegment:getIntoMemorySegment·p0.00","sample",1,1,0.000000,NaN,"ns/op",1024,1,none,512
"com.evolvedbinary.jnibench.jmhbench.GetFFMBenchmarkJava.getIntoMemorySegment:getIntoMemorySegment·p0.50","sample",1,1,83.000000,NaN,"ns/op",1024,1,none,512
"com.evolvedbinary.jnibench.jmhbench.GetFFMBenchmarkJava.getIntoMemorySegment:getIntoMemorySegment·p0.90","sample",1,1,84.000000,NaN,"ns/op",1024,1,none,512
"com.evolvedbinary.jnibench.jmhbench.GetFFMBenchmarkJava.getIntoMemorySegment:getIntoMemorySegment·p0.95","sample",1,1,84.000000,NaN,"ns/op",1024,1,none,512
"com.evolvedbinary.jnibench.jmhbench.GetFFMBenchmarkJava.getIntoMemorySegment:getIntoMemorySegment·p0.99","sample",1,1,84.000000,NaN,"ns/op",1024,1,none,512
"com.evolvedbinary.jnibench.jmhbench.GetFFMBenchmarkJava.getIntoMemorySegment:getIntoMemorySegment·p0.999","sample",1,1,333.000000,NaN,"ns/op",1024,1,none,512
"com.evolvedbinary.jnibench.jmhbench.GetFFMBenchmarkJava.getIntoMemorySegment:getIntoMemorySegment·p0.9999","sample",1,1,8040.000000,NaN,"ns/op",1024,1,none,512
"com.evolvedbinary.jnibench.jmhbench.GetFFMBenchmarkJava.getIntoMemorySegment:getIntoMemorySegment·p1.00","sample",1,1,4882432.000000,NaN,"ns/op",1024,1,none,512
"com.evolvedbinary.jnibench.jmhbench.GetFFMBenchmarkJava.getIntoMemorySegment","sample",1,3878610,76.849672,1.903338,"ns/op",1024,1,none,1024
"com.evolvedbinary.jnibench.jmhbench.GetFFMBenchmarkJava.getIntoMemorySegment:getIntoMemorySegment·p0.00","sample",1,1,0.000000,NaN,"ns/op",1024,1,none,1024
"com.evolvedbinary.jnibench.jmhbench.GetFFMBenchmarkJava.getIntoMemorySegment:getIntoMemorySegment·p0.50","sample",1,1,83.000000,NaN,"ns/op",1024,1,none,1024
"com.evolvedbinary.jnibench.jmhbench.GetFFMBenchmarkJava.getIntoMemorySegment:getIntoMemorySegment·p0.90","sample",1,1,84.000000,NaN,"ns/op",1024,1,none,1024
"com.evolvedbinary.jnibench.jmhbench.GetFFMBenchmarkJava.getIntoMemorySegment:getIntoMemorySegment·p0.95","sample",1,1,84.000000,NaN,"ns/op",1024,1,none,1024
"com.evolvedbinary.jnibench.jmhbench.GetFFMBenchmarkJava.getIntoMemorySegment:getIntoMemorySegment·p0.99","sample",1,1,84.000000,NaN,"ns/op",1024,1,none,1024
"com.evolvedbinary.jnibench.jmhbench.GetFFMBenchmarkJava.getIntoMemorySegment:getIntoMemorySegment·p0.999","sample",1,1,333.000000,NaN,"ns/op",1024,1,none,1024
"com.evolvedbinary.jnibench.jmhbench.GetFFMBenchmarkJava.getIntoMemorySegment:getIntoMemorySegment·p0.9999","sample",1,1,8836.444800,NaN,"ns/op",1024,1,none,1024
"com.evolvedbinary.jnibench.jmhbench.GetFFMBenchmarkJava.getIntoMemorySegment:getIntoMemorySegment·p1.00","sample",1,1,1636352.000000,NaN,"ns/op",1024,1,none,1024
"com.evolvedbinary.jnibench.jmhbench.GetFFMBenchmarkJava.getIntoMemorySegment","sample",1,4234701,132.037051,1.275817,"ns/op",1024,1,none,4096
"com.evolvedbinary.jnibench.jmhbench.GetFFMBenchmarkJava.getIntoMemorySegment:getIntoMemorySegment·p0.00","sample",1,1,0.000000,NaN,"ns/op",1024,1,none,4096
"com.evolvedbinary.jnibench.jmhbench.GetFFMBenchmarkJava.getIntoMemorySegment:getIntoMemorySegment·p0.50","sample",1,1,125.000000,NaN,"ns/op",1024,1,none,4096
"com.evolvedbinary.jnibench.jmhbench.GetFFMBenchmarkJava.getIntoMemorySegment:getIntoMemorySegment·p0.90","sample",1,1,167.000000,NaN,"ns/op",1024,1,none,4096
"com.evolvedbinary.jnibench.jmhbench.GetFFMBenchmarkJava.getIntoMemorySegment:getIntoMemorySegment·p0.95","sample",1,1,250.000000,NaN,"ns/op",1024,1,none,4096
"com.evolvedbinary.jnibench.jmhbench.GetFFMBenchmarkJava.getIntoMemorySegment:getIntoMemorySegment·p0.99","sample",1,1,291.000000,NaN,"ns/op",1024,1,none,4096
"com.evolvedbinary.jnibench.jmhbench.GetFFMBenchmarkJava.getIntoMemorySegment:getIntoMemorySegment·p0.999","sample",1,1,750.000000,NaN,"ns/op",1024,1,none,4096
"com.evolvedbinary.jnibench.jmhbench.GetFFMBenchmarkJava.getIntoMemorySegment:getIntoMemorySegment·p0.9999","sample",1,1,10601.430400,NaN,"ns/op",1024,1,none,4096
"com.evolvedbinary.jnibench.jmhbench.GetFFMBenchmarkJava.getIntoMemorySegment:getIntoMemorySegment·p1.00","sample",1,1,1355776.000000,NaN,"ns/op",1024,1,none,4096
"com.evolvedbinary.jnibench.jmhbench.GetFFMBenchmarkJava.getIntoMemorySegment","sample",1,3292193,569.479499,4.104048,"ns/op",1024,1,none,16384
"com.evolvedbinary.jnibench.jmhbench.GetFFMBenchmarkJava.getIntoMemorySegment:getIntoMemorySegment·p0.00","sample",1,1,41.000000,NaN,"ns/op",1024,1,none,16384
"com.evolvedbinary.jnibench.jmhbench.GetFFMBenchmarkJava.getIntoMemorySegment:getIntoMemorySegment·p0.50","sample",1,1,417.000000,NaN,"ns/op",1024,1,none,16384
"com.evolvedbinary.jnibench.jmhbench.GetFFMBenchmarkJava.getIntoMemorySegment:getIntoMemorySegment·p0.90","sample",1,1,834.000000,NaN,"ns/op",1024,1,none,16384
"com.evolvedbinary.jnibench.jmhbench.GetFFMBenchmarkJava.getIntoMemorySegment:getIntoMemorySegment·p0.95","sample",1,1,875.000000,NaN,"ns/op",1024,1,none,16384
"com.evolvedbinary.jnibench.jmhbench.GetFFMBenchmarkJava.getIntoMemorySegment:getIntoMemorySegment·p0.99","sample",1,1,958.000000,NaN,"ns/op",1024,1,none,16384
"com.evolvedbinary.jnibench.jmhbench.GetFFMBenchmarkJava.getIntoMemorySegment:getIntoMemorySegment·p0.999","sample",1,1,5080.000000,NaN,"ns/op",1024,1,none,16384
"com.evolvedbinary.jnibench.jmhbench.GetFFMBenchmarkJava.getIntoMemorySegment:getIntoMemorySegment·p0.9999","sample",1,1,18997.875200,NaN,"ns/op",1024,1,none,16384
"com.evolvedbinary.jnibench.jmhbench.GetFFMBenchmarkJava.getIntoMemorySegment:getIntoMemorySegment·p1.00","sample",1,1,3289088.000000,NaN,"ns/op",1024,1,none,16384
"com.evolvedbinary.jnibench.jmhbench.GetFFMBenchmarkJava.getIntoMemorySegment","sample",1,3523078,1066.930042,3.961093,"ns/op",1024,1,none,32768
"com.evolvedbinary.jnibench.jmhbench.GetFFMBenchmarkJava.getIntoMemorySegment:getIntoMemorySegment·p0.00","sample",1,1,333.000000,NaN,"ns/op",1024,1,none,32768
"com.evolvedbinary.jnibench.jmhbench.GetFFMBenchmarkJava.getIntoMemorySegment:getIntoMemorySegment·p0.50","sample",1,1,792.000000,NaN,"ns/op",1024,1,none,32768
"com.evolvedbinary.jnibench.jmhbench.GetFFMBenchmarkJava.getIntoMemorySegment:getIntoMemorySegment·p0.90","sample",1,1,1500.000000,NaN,"ns/op",1024,1,none,32768
"com.evolvedbinary.jnibench.jmhbench.GetFFMBenchmarkJava.getIntoMemorySegment:getIntoMemorySegment·p0.95","sample",1,1,1500.000000,NaN,"ns/op",1024,1,none,32768
"com.evolvedbinary.jnibench.jmhbench.GetFFMBenchmarkJava.getIntoMemorySegment:getIntoMemorySegment·p0.99","sample",1,1,1666.000000,NaN,"ns/op",1024,1,none,32768
"com.evolvedbinary.jnibench.jmhbench.GetFFMBenchmarkJava.getIntoMemorySegment:getIntoMemorySegment·p0.999","sample",1,1,9584.000000,NaN,"ns/op",1024,1,none,32768
"com.evolvedbinary.jnibench.jmhbench.GetFFMBenchmarkJava.getIntoMemorySegment:getIntoMemorySegment·p0.9999","sample",1,1,23606.147200,NaN,"ns/op",1024,1,none,32768
"com.evolvedbinary.jnibench.jmhbench.GetFFMBenchmarkJava.getIntoMemorySegment:getIntoMemorySegment·p1.00","sample",1,1,3584000.000000,NaN,"ns/op",1024,1,none,32768
"com.evolvedbinary.jnibench.jmhbench.GetFFMBenchmarkJava.getIntoMemorySegment","sample",1,3550115,2109.999882,11.709634,"ns/op",1024,1,none,65536
"com.evolvedbinary.jnibench.jmhbench.GetFFMBenchmarkJava.getIntoMemorySegment:getIntoMemorySegment·p0.00","sample",1,1,834.000000,NaN,"ns/op",1024,1,none,65536
"com.evolvedbinary.jnibench.jmhbench.GetFFMBenchmarkJava.getIntoMemorySegment:getIntoMemorySegment·p0.50","sample",1,1,2708.000000,NaN,"ns/op",1024,1,none,65536
"com.evolvedbinary.jnibench.jmhbench.GetFFMBenchmarkJava.getIntoMemorySegment:getIntoMemorySegment·p0.90","sample",1,1,2788.000000,NaN,"ns/op",1024,1,none,65536
"com.evolvedbinary.jnibench.jmhbench.GetFFMBenchmarkJava.getIntoMemorySegment:getIntoMemorySegment·p0.95","sample",1,1,2792.000000,NaN,"ns/op",1024,1,none,65536
"com.evolvedbinary.jnibench.jmhbench.GetFFMBenchmarkJava.getIntoMemorySegment:getIntoMemorySegment·p0.99","sample",1,1,3000.000000,NaN,"ns/op",1024,1,none,65536
"com.evolvedbinary.jnibench.jmhbench.GetFFMBenchmarkJava.getIntoMemorySegment:getIntoMemorySegment·p0.999","sample",1,1,11328.000000,NaN,"ns/op",1024,1,none,65536
"com.evolvedbinary.jnibench.jmhbench.GetFFMBenchmarkJava.getIntoMemorySegment:getIntoMemorySegment·p0.9999","sample",1,1,23360.000000,NaN,"ns/op",1024,1,none,65536
"com.evolvedbinary.jnibench.jmhbench.GetFFMBenchmarkJava.getIntoMemorySegment:getIntoMemorySegment·p1.00","sample",1,1,12337152.000000,NaN,"ns/op",1024,1,none,65536
"com.evolvedbinary.jnibench.jmhbench.GetFFMBenchmarkJava.getIntoMemorySegment","sample",1,3822199,108.220389,1.835757,"ns/op",1024,1,copyout,10
"com.evolvedbinary.jnibench.jmhbench.GetFFMBenchmarkJava.getIntoMemorySegment:getIntoMemorySegment·p0.00","sample",1,1,0.000000,NaN,"ns/op",1024,1,copyout,10
"com.evolvedbinary.jnibench.jmhbench.GetFFMBenchmarkJava.getIntoMemorySegment:getIntoMemorySegment·p0.50","sample",1,1,83.000000,NaN,"ns/op",1024,1,copyout,10
"com.evolvedbinary.jnibench.jmhbench.GetFFMBenchmarkJava.getIntoMemorySegment:getIntoMemorySegment·p0.90","sample",1,1,250.000000,NaN,"ns/op",1024,1,copyout,10
"com.evolvedbinary.jnibench.jmhbench.GetFFMBenchmarkJava.getIntoMemorySegment:getIntoMemorySegment·p0.95","sample",1,1,292.000000,NaN,"ns/op",1024,1,copyout,10
"com.evolvedbinary.jnibench.jmhbench.GetFFMBenchmarkJava.getIntoMemorySegment:getIntoMemorySegment·p0.99","sample",1,1,625.000000,NaN,"ns/op",1024,1,copyout,10
"com.evolvedbinary.jnibench.jmhbench.GetFFMBenchmarkJava.getIntoMemorySegment:getIntoMemorySegment·p0.999","sample",1,1,959.000000,NaN,"ns/op",1024,1,copyout,10
"com.evolvedbinary.jnibench.jmhbench.GetFFMBenchmarkJava.getIntoMemorySegment:getIntoMemorySegment·p0.9999","sample",1,1,7080.000000,NaN,"ns/op",1024,1,copyout,10
"com.evolvedbinary.jnibench.jmhbench.GetFFMBenchmarkJava.getIntoMemorySegment:getIntoMemorySegment·p1.00","sample",1,1,1400832.000000,NaN,"ns/op",1024,1,copyout,10
"com.evolvedbinary.jnibench.jmhbench.GetFFMBenchmarkJava.getIntoMemorySegment","sample",1,3678584,107.203942,1.980627,"ns/op",1024,1,copyout,50
"com.evolvedbinary.jnibench.jmhbench.GetFFMBenchmarkJava.getIntoMemorySegment:getIntoMemorySegment·p0.00","sample",1,1,0.000000,NaN,"ns/op",1024,1,copyout,50
"com.evolvedbinary.jnibench.jmhbench.GetFFMBenchmarkJava.getIntoMemorySegment:getIntoMemorySegment·p0.50","sample",1,1,83.000000,NaN,"ns/op",1024,1,copyout,50
"com.evolvedbinary.jnibench.jmhbench.GetFFMBenchmarkJava.getIntoMemorySegment:getIntoMemorySegment·p0.90","sample",1,1,208.000000,NaN,"ns/op",1024,1,copyout,50
"com.evolvedbinary.jnibench.jmhbench.GetFFMBenchmarkJava.getIntoMemorySegment:getIntoMemorySegment·p0.95","sample",1,1,292.000000,NaN,"ns/op",1024,1,copyout,50
"com.evolvedbinary.jnibench.jmhbench.GetFFMBenchmarkJava.getIntoMemorySegment:getIntoMemorySegment·p0.99","sample",1,1,584.000000,NaN,"ns/op",1024,1,copyout,50
"com.evolvedbinary.jnibench.jmhbench.GetFFMBenchmarkJava.getIntoMemorySegment:getIntoMemorySegment·p0.999","sample",1,1,959.000000,NaN,"ns/op",1024,1,copyout,50
"com.evolvedbinary.jnibench.jmhbench.GetFFMBenchmarkJava.getIntoMemorySegment:getIntoMemorySegment·p0.9999","sample",1,1,7624.000000,NaN,"ns/op",1024,1,copyout,50
"com.evolvedbinary.jnibench.jmhbench.GetFFMBenchmarkJava.getIntoMemorySegment:getIntoMemorySegment·p1.00","sample",1,1,1517568.000000,NaN,"ns/op",1024,1,copyout,50
"com.evolvedbinary.jnibench.jmhbench.GetFFMBenchmarkJava.getIntoMemorySegment","sample",1,4099034,121.308726,1.223954,"ns/op",1024,1,copyout,512
"com.evolvedbinary.jnibench.jmhbench.GetFFMBenchmarkJava.getIntoMemorySegment:getIntoMemorySegment·p0.00","sample",1,1,0.000000,NaN,"ns/op",1024,1,copyout,512
"com.evolvedbinary.jnibench.jmhbench.GetFFMBenchmarkJava.getIntoMemorySegment:getIntoMemorySegment·p0.50","sample",1,1,83.000000,NaN,"ns/op",1024,1,copyout,512
"com.evolvedbinary.jnibench.jmhbench.GetFFMBenchmarkJava.getIntoMemorySegment:getIntoMemorySegment·p0.90","sample",1,1,208.000000,NaN,"ns/op",1024,1,copyout,512
"com.evolvedbinary.jnibench.jmhbench.GetFFMBenchmarkJava.getIntoMemorySegment:getIntoMemorySegment·p0.95","sample",1,1,333.000000,NaN,"ns/op",1024,1,copyout,512
"com.evolvedbinary.jnibench.jmhbench.GetFFMBenchmarkJava.getIntoMemorySegment:getIntoMemorySegment·p0.99","sample",1,1,625.000000,NaN,"ns/op",1024,1,copyout,512
"com.evolvedbinary.jnibench.jmhbench.GetFFMBenchmarkJava.getIntoMemorySegment:getIntoMemorySegment·p0.999","sample",1,1,1082.000000,NaN,"ns/op",1024,1,copyout,512
"com.evolvedbinary.jnibench.jmhbench.GetFFMBenchmarkJava.getIntoMemorySegment:getIntoMemorySegment·p0.9999","sample",1,1,7912.000000,NaN,"ns/op",1024,1,copyout,512
"com.evolvedbinary.jnibench.jmhbench.GetFFMBenchmarkJava.getIntoMemorySegment:getIntoMemorySegment·p1.00","sample",1,1,1384448.000000,NaN,"ns/op",1024,1,copyout,512
"com.evolvedbinary.jnibench.jmhbench.GetFFMBenchmarkJava.getIntoMemorySegment","sample",1,4084812,133.755573,2.442850,"ns/op",1024,1,copyout,1024
"com.evolvedbinary.jnibench.jmhbench.GetFFMBenchmarkJava.getIntoMemorySegment:getIntoMemorySegment·p0.00","sample",1,1,0.000000,NaN,"ns/op",1024,1,copyout,1024
"com.evolvedbinary.jnibench.jmhbench.GetFFMBenchmarkJava.getIntoMemorySegment:getIntoMemorySegment·p0.50","sample",1,1,84.000000,NaN,"ns/op",1024,1,copyout,1024
"com.evolvedbinary.jnibench.jmhbench.GetFFMBenchmarkJava.getIntoMemorySegment:getIntoMemorySegment·p0.90","sample",1,1,209.000000,NaN,"ns/op",1024,1,copyout,1024
"com.evolvedbinary.jnibench.jmhbench.GetFFMBenchmarkJava.getIntoMemorySegment:getIntoMemorySegment·p0.95","sample",1,1,334.000000,NaN,"ns/op",1024,1,copyout,1024
"com.evolvedbinary.jnibench.jmhbench.GetFFMBenchmarkJava.getIntoMemorySegment:getIntoMemorySegment·p0.99","sample",1,1,625.000000,NaN,"ns/op",1024,1,copyout,1024
"com.evolvedbinary.jnibench.jmhbench.GetFFMBenchmarkJava.getIntoMemorySegment:getIntoMemorySegment·p0.999","sample",1,1,1166.000000,NaN,"ns/op",1024,1,copyout,1024
"com.evolvedbinary.jnibench.jmhbench.GetFFMBenchmarkJava.getIntoMemorySegment:getIntoMemorySegment·p0.9999","sample",1,1,8160.000000,NaN,"ns/op",1024,1,copyout,1024
"com.evolvedbinary.jnibench.jmhbench.GetFFMBenchmarkJava.getIntoMemorySegment:getIntoMemorySegment·p1.00","sample",1,1,2097152.000000,NaN,"ns/op",1024,1,copyout,1024
"com.evolvedbinary.jnibench.jmhbench.GetFFMBenchmarkJava.getIntoMemorySegment","sample",1,4273892,236.465766,0.525034,"ns/op",1024,1,copyout,4096
"com.evolvedbinary.jnibench.jmhbench.GetFFMBenchmarkJava.getIntoMemorySegment:getIntoMemorySegment·p0.00","sample",1,1,41.000000,NaN,"ns/op",1024,1,copyout,4096
"com.evolvedbinary.jnibench.jmhbench.GetFFMBenchmarkJava.getIntoMemorySegment:getIntoMemorySegment·p0.50","sample",1,1,208.000000,NaN,"ns/op",1024,1,copyout,4096
"com.evolvedbinary.jnibench.jmhbench.GetFFMBenchmarkJava.getIntoMemorySegment:getIntoMemorySegment·p0.90","sample",1,1,333.000000,NaN,"ns/op",1024,1,copyout,4096
"com.evolvedbinary.jnibench.jmhbench.GetFFMBenchmarkJava.getIntoMemorySegment:getIntoMemorySegment·p0.95","sample",1,1,375.000000,NaN,"ns/op",1024,1,copyout,4096
"com.evolvedbinary.jnibench.jmhbench.GetFFMBenchmarkJava.getIntoMemorySegment:getIntoMemorySegment·p0.99","sample",1,1,667.000000,NaN,"ns/op",1024,1,copyout,4096
"com.evolvedbinary.jnibench.jmhbench.GetFFMBenchmarkJava.getIntoMemorySegment:getIntoMemorySegment·p0.999","sample",1,1,1962.494000,NaN,"ns/op",1024,1,copyout,4096
"com.evolvedbinary.jnibench.jmhbench.GetFFMBenchmarkJava.getIntoMemorySegment:getIntoMemorySegment·p0.9999","sample",1,1,11389.313600,NaN,"ns/op",1024,1,copyout,4096
"com.evolvedbinary.jnibench.jmhbench.GetFFMBenchmarkJava.getIntoMemorySegment:getIntoMemorySegment·p1.00","sample",1,1,116096.000000,NaN,"ns/op",1024,1,copyout,4096
"com.evolvedbinary.jnibench.jmhbench.GetFFMBenchmarkJava.getIntoMemorySegment","sample",1,3288375,627.961292,3.600920,"ns/op",1024,1,copyout,16384
"com.evolvedbinary.jnibench.jmhbench.GetFFMBenchmarkJava.getIntoMemorySegment:getIntoMemorySegment·p0.00","sample",1,1,166.000000,NaN,"ns/op",1024,1,copyout,16384
"com.evolvedbinary.jnibench.jmhbench.GetFFMBenchmarkJava.getIntoMemorySegment:getIntoMemorySegment·p0.50","sample",1,1,625.000000,NaN,"ns/op",1024,1,copyout,16384
"com.evolvedbinary.jnibench.jmhbench.GetFFMBenchmarkJava.getIntoMemorySegment:getIntoMemorySegment·p0.90","sample",1,1,709.000000,NaN,"ns/op",1024,1,copyout,16384
"com.evolvedbinary.jnibench.jmhbench.GetFFMBenchmarkJava.getIntoMemorySegment:getIntoMemorySegment·p0.95","sample",1,1,792.000000,NaN,"ns/op",1024,1,copyout,16384
"com.evolvedbinary.jnibench.jmhbench.GetFFMBenchmarkJava.getIntoMemorySegment:getIntoMemorySegment·p0.99","sample",1,1,1000.000000,NaN,"ns/op",1024,1,copyout,16384
"com.evolvedbinary.jnibench.jmhbench.GetFFMBenchmarkJava.getIntoMemorySegment:getIntoMemorySegment·p0.999","sample",1,1,5120.000000,NaN,"ns/op",1024,1,copyout,16384
"com.evolvedbinary.jnibench.jmhbench.GetFFMBenchmarkJava.getIntoMemorySegment:getIntoMemorySegment·p0.9999","sample",1,1,13797.196800,NaN,"ns/op",1024,1,copyout,16384
"com.evolvedbinary.jnibench.jmhbench.GetFFMBenchmarkJava.getIntoMemorySegment:getIntoMemorySegment·p1.00","sample",1,1,2105344.000000,NaN,"ns/op",1024,1,copyout,16384
"com.evolvedbinary.jnibench.jmhbench.GetFFMBenchmarkJava.getIntoMemorySegment","sample",1,3805905,1071.233532,2.228182,"ns/op",1024,1,copyout,32768
"com.evolvedbinary.jnibench.jmhbench.GetFFMBenchmarkJava.getIntoMemorySegment:getIntoMemorySegment·p0.00","sample",1,1,416.000000,NaN,"ns/op",1024,1,copyout,32768
"com.evolvedbinary.jnibench.jmhbench.GetFFMBenchmarkJava.getIntoMemorySegment:getIntoMemorySegment·p0.50","sample",1,1,1042.000000,NaN,"ns/op",1024,1,copyout,32768
"com.evolvedbinary.jnibench.jmhbench.GetFFMBenchmarkJava.getIntoMemorySegment:getIntoMemorySegment·p0.90","sample",1,1,1250.000000,NaN,"ns/op",1024,1,copyout,32768
"com.evolvedbinary.jnibench.jmhbench.GetFFMBenchmarkJava.getIntoMemorySegment:getIntoMemorySegment·p0.95","sample",1,1,1292.000000,NaN,"ns/op",1024,1,copyout,32768
"com.evolvedbinary.jnibench.jmhbench.GetFFMBenchmarkJava.getIntoMemorySegment:getIntoMemorySegment·p0.99","sample",1,1,1582.000000,NaN,"ns/op",1024,1,copyout,32768
"com.evolvedbinary.jnibench.jmhbench.GetFFMBenchmarkJava.getIntoMemorySegment:getIntoMemorySegment·p0.999","sample",1,1,6160.000000,NaN,"ns/op",1024,1,copyout,32768
"com.evolvedbinary.jnibench.jmhbench.GetFFMBenchmarkJava.getIntoMemorySegment:getIntoMemorySegment·p0.9999","sample",1,1,17421.100800,NaN,"ns/op",1024,1,copyout,32768
"com.evolvedbinary.jnibench.jmhbench.GetFFMBenchmarkJava.getIntoMemorySegment:getIntoMemorySegment·p1.00","sample",1,1,2424832.000000,NaN,"ns/op",1024,1,copyout,32768
"com.evolvedbinary.jnibench.jmhbench.GetFFMBenchmarkJava.getIntoMemorySegment","sample",1,3807550,2105.510974,2.075125,"ns/op",1024,1,copyout,65536
"com.evolvedbinary.jnibench.jmhbench.GetFFMBenchmarkJava.getIntoMemorySegment:getIntoMemorySegment·p0.00","sample",1,1,1750.000000,NaN,"ns/op",1024,1,copyout,65536
"com.evolvedbinary.jnibench.jmhbench.GetFFMBenchmarkJava.getIntoMemorySegment:getIntoMemorySegment·p0.50","sample",1,1,2042.000000,NaN,"ns/op",1024,1,copyout,65536
"com.evolvedbinary.jnibench.jmhbench.GetFFMBenchmarkJava.getIntoMemorySegment:getIntoMemorySegment·p0.90","sample",1,1,2292.000000,NaN,"ns/op",1024,1,copyout,65536
"com.evolvedbinary.jnibench.jmhbench.GetFFMBenchmarkJava.getIntoMemorySegment:getIntoMemorySegment·p0.95","sample",1,1,2332.000000,NaN,"ns/op",1024,1,copyout,65536
"com.evolvedbinary.jnibench.jmhbench.GetFFMBenchmarkJava.getIntoMemorySegment:getIntoMemorySegment·p0.99","sample",1,1,2580.000000,NaN,"ns/op",1024,1,copyout,65536
"com.evolvedbinary.jnibench.jmhbench.GetFFMBenchmarkJava.getIntoMemorySegment:getIntoMemorySegment·p0.999","sample",1,1,6368.000000,NaN,"ns/op",1024,1,copyout,65536
"com.evolvedbinary.jnibench.jmhbench.GetFFMBenchmarkJava.getIntoMemorySegment:getIntoMemorySegment·p0.9999","sample",1,1,17959.836800,NaN,"ns/op",1024,1,copyout,65536
"com.evolvedbinary.jnibench.jmhbench.GetFFMBenchmarkJava.getIntoMemorySegment:getIntoMemorySegment·p1.00","sample",1,1,1710080.000000,NaN,"ns/op",1024,1,copyout,65536
"com.evolvedbinary.jnibench.jmhbench.GetJNIBenchmark.getIntoByteArrayCritical","sample",1,3574074,293.732146,0.538361,"ns/op",1024,1,none,10
"com.evolvedbinary.jnibench.jmhbench.GetJNIBenchmark.getIntoByteArrayCritical:getIntoByteArrayCritical·p0.00","sample",1,1,41.000000,NaN,"ns/op",1024,1,none,10
"com.evolvedbinary.jnibench.jmhbench.GetJNIBenchmark.getIntoByteArrayCritical:getIntoByteArrayCritical·p0.50","sample",1,1,292.000000,NaN,"ns/op",1024,1,none,10
"com.evolvedbinary.jnibench.jmhbench.GetJNIBenchmark.getIntoByteArrayCritical:getIntoByteArrayCritical·p0.90","sample",1,1,292.000000,NaN,"ns/op",1024,1,none,10
"com.evolvedbinary.jnibench.jmhbench.GetJNIBenchmark.getIntoByteArrayCritical:getIntoByteArrayCritical·p0.95","sample",1,1,292.000000,NaN,"ns/op",1024,1,none,10
"com.evolvedbinary.jnibench.jmhbench.GetJNIBenchmark.getIntoByteArrayCritical:getIntoByteArrayCritical·p0.99","sample",1,1,334.000000,NaN,"ns/op",1024,1,none,10
"com.evolvedbinary.jnibench.jmhbench.GetJNIBenchmark.getIntoByteArrayCritical:getIntoByteArrayCritical·p0.999","sample",1,1,2332.000000,NaN,"ns/op",1024,1,none,10
"com.evolvedbinary.jnibench.jmhbench.GetJNIBenchmark.getIntoByteArrayCritical:getIntoByteArrayCritical·p0.9999","sample",1,1,10736.000000,NaN,"ns/op",1024,1,none,10
"com.evolvedbinary.jnibench.jmhbench.GetJNIBenchmark.getIntoByteArrayCritical:getIntoByteArrayCritical·p1.00","sample",1,1,276992.000000,NaN,"ns/op",1024,1,none,10
"com.evolvedbinary.jnibench.jmhbench.GetJNIBenchmark.getIntoByteArrayCritical","sample",1,3576885,292.639010,1.632087,"ns/op",1024,1,none,50
"com.evolvedbinary.jnibench.jmhbench.GetJNIBenchmark.getIntoByteArrayCritical:getIntoByteArrayCritical·p0.00","sample",1,1,41.000000,NaN,"ns/op",1024,1,none,50
"com.evolvedbinary.jnibench.jmhbench.GetJNIBenchmark.getIntoByteArrayCritical:getIntoByteArrayCritical·p0.50","sample",1,1,292.000000,NaN,"ns/op",1024,1,none,50
"com.evolvedbinary.jnibench.jmhbench.GetJNIBenchmark.getIntoByteArrayCritical:getIntoByteArrayCritical·p0.90","sample",1,1,292.000000,NaN,"ns/op",1024,1,none,50
"com.evolvedbinary.jnibench.jmhbench.GetJNIBenchmark.getIntoByteArrayCritical:getIntoByteArrayCritical·p0.95","sample",1,1,292.000000,NaN,"ns/op",1024,1,none,50
"com.evolvedbinary.jnibench.jmhbench.GetJNIBenchmark.getIntoByteArrayCritical:getIntoByteArrayCritical·p0.99","sample",1,1,334.000000,NaN,"ns/op",1024,1,none,50
"com.evolvedbinary.jnibench.jmhbench.GetJNIBenchmark.getIntoByteArrayCritical:getIntoByteArrayCritical·p0.999","sample",1,1,2040.000000,NaN,"ns/op",1024,1,none,50
"com.evolvedbinary.jnibench.jmhbench.GetJNIBenchmark.getIntoByteArrayCritical:getIntoByteArrayCritical·p0.9999","sample",1,1,10160.000000,NaN,"ns/op",1024,1,none,50
"com.evolvedbinary.jnibench.jmhbench.GetJNIBenchmark.getIntoByteArrayCritical:getIntoByteArrayCritical·p1.00","sample",1,1,1701888.000000,NaN,"ns/op",1024,1,none,50
"com.evolvedbinary.jnibench.jmhbench.GetJNIBenchmark.getIntoByteArrayCritical","sample",1,3511597,298.357813,1.144489,"ns/op",1024,1,none,512
"com.evolvedbinary.jnibench.jmhbench.GetJNIBenchmark.getIntoByteArrayCritical:getIntoByteArrayCritical·p0.00","sample",1,1,41.000000,NaN,"ns/op",1024,1,none,512
"com.evolvedbinary.jnibench.jmhbench.GetJNIBenchmark.getIntoByteArrayCritical:getIntoByteArrayCritical·p0.50","sample",1,1,292.000000,NaN,"ns/op",1024,1,none,512
"com.evolvedbinary.jnibench.jmhbench.GetJNIBenchmark.getIntoByteArrayCritical:getIntoByteArrayCritical·p0.90","sample",1,1,292.000000,NaN,"ns/op",1024,1,none,512
"com.evolvedbinary.jnibench.jmhbench.GetJNIBenchmark.getIntoByteArrayCritical:getIntoByteArrayCritical·p0.95","sample",1,1,333.000000,NaN,"ns/op",1024,1,none,512
"com.evolvedbinary.jnibench.jmhbench.GetJNIBenchmark.getIntoByteArrayCritical:getIntoByteArrayCritical·p0.99","sample",1,1,334.000000,NaN,"ns/op",1024,1,none,512
"com.evolvedbinary.jnibench.jmhbench.GetJNIBenchmark.getIntoByteArrayCritical:getIntoByteArrayCritical·p0.999","sample",1,1,2208.000000,NaN,"ns/op",1024,1,none,512
"com.evolvedbinary.jnibench.jmhbench.GetJNIBenchmark.getIntoByteArrayCritical:getIntoByteArrayCritical·p0.9999","sample",1,1,10360.329600,NaN,"ns/op",1024,1,none,512
"com.evolvedbinary.jnibench.jmhbench.GetJNIBenchmark.getIntoByteArrayCritical:getIntoByteArrayCritical·p1.00","sample",1,1,1097728.000000,NaN,"ns/op",1024,1,none,512
"com.evolvedbinary.jnibench.jmhbench.GetJNIBenchmark.getIntoByteArrayCritical","sample",1,3428627,304.012989,0.439903,"ns/op",1024,1,none,1024
"com.evolvedbinary.jnibench.jmhbench.GetJNIBenchmark.getIntoByteArrayCritical:getIntoByteArrayCritical·p0.00","sample",1,1,41.000000,NaN,"ns/op",1024,1,none,1024
"com.evolvedbinary.jnibench.jmhbench.GetJNIBenchmark.getIntoByteArrayCritical:getIntoByteArrayCritical·p0.50","sample",1,1,292.000000,NaN,"ns/op",1024,1,none,1024
"com.evolvedbinary.jnibench.jmhbench.GetJNIBenchmark.getIntoByteArrayCritical:getIntoByteArrayCritical·p0.90","sample",1,1,333.000000,NaN,"ns/op",1024,1,none,1024
"com.evolvedbinary.jnibench.jmhbench.GetJNIBenchmark.getIntoByteArrayCritical:getIntoByteArrayCritical·p0.95","sample",1,1,334.000000,NaN,"ns/op",1024,1,none,1024
"com.evolvedbinary.jnibench.jmhbench.GetJNIBenchmark.getIntoByteArrayCritical:getIntoByteArrayCritical·p0.99","sample",1,1,334.000000,NaN,"ns/op",1024,1,none,1024
"com.evolvedbinary.jnibench.jmhbench.GetJNIBenchmark.getIntoByteArrayCritical:getIntoByteArrayCritical·p0.999","sample",1,1,2000.000000,NaN,"ns/op",1024,1,none,1024
"com.evolvedbinary.jnibench.jmhbench.GetJNIBenchmark.getIntoByteArrayCritical:getIntoByteArrayCritical·p0.9999","sample",1,1,10032.000000,NaN,"ns/op",1024,1,none,1024
"com.evolvedbinary.jnibench.jmhbench.GetJNIBenchmark.getIntoByteArrayCritical:getIntoByteArrayCritical·p1.00","sample",1,1,76032.000000,NaN,"ns/op",1024,1,none,1024
"com.evolvedbinary.jnibench.jmhbench.GetJNIBenchmark.getIntoByteArrayCritical","sample",1,2920209,396.988725,2.426922,"ns/op",1024,1,none,4096
"com.evolvedbinary.jnibench.jmhbench.GetJNIBenchmark.getIntoByteArrayCritical:getIntoByteArrayCritical·p0.00","sample",1,1,41.000000,NaN,"ns/op",1024,1,none,4096
"com.evolvedbinary.jnibench.jmhbench.GetJNIBenchmark.getIntoByteArrayCritical:getIntoByteArrayCritical·p0.50","sample",1,1,375.000000,NaN,"ns/op",1024,1,none,4096
"com.evolvedbinary.jnibench.jmhbench.GetJNIBenchmark.getIntoByteArrayCritical:getIntoByteArrayCritical·p0.90","sample",1,1,500.000000,NaN,"ns/op",1024,1,none,4096
"com.evolvedbinary.jnibench.jmhbench.GetJNIBenchmark.getIntoByteArrayCritical:getIntoByteArrayCritical·p0.95","sample",1,1,500.000000,NaN,"ns/op",1024,1,none,4096
"com.evolvedbinary.jnibench.jmhbench.GetJNIBenchmark.getIntoByteArrayCritical:getIntoByteArrayCritical·p0.99","sample",1,1,583.000000,NaN,"ns/op",1024,1,none,4096
"com.evolvedbinary.jnibench.jmhbench.GetJNIBenchmark.getIntoByteArrayCritical:getIntoByteArrayCritical·p0.999","sample",1,1,3000.000000,NaN,"ns/op",1024,1,none,4096
"com.evolvedbinary.jnibench.jmhbench.GetJNIBenchmark.getIntoByteArrayCritical:getIntoByteArrayCritical·p0.9999","sample",1,1,11248.000000,NaN,"ns/op",1024,1,none,4096
"com.evolvedbinary.jnibench.jmhbench.GetJNIBenchmark.getIntoByteArrayCritical:getIntoByteArrayCritical·p1.00","sample",1,1,2097152.000000,NaN,"ns/op",1024,1,none,4096
"com.evolvedbinary.jnibench.jmhbench.GetJNIBenchmark.getIntoByteArrayCritical","sample",1,3896269,917.809552,2.291554,"ns/op",1024,1,none,16384
"com.evolvedbinary.jnibench.jmhbench.GetJNIBenchmark.getIntoByteArrayCritical:getIntoByteArrayCritical·p0.00","sample",1,1,458.000000,NaN,"ns/op",1024,1,none,16384
"com.evolvedbinary.jnibench.jmhbench.GetJNIBenchmark.getIntoByteArrayCritical:getIntoByteArrayCritical·p0.50","sample",1,1,1042.000000,NaN,"ns/op",1024,1,none,16384
"com.evolvedbinary.jnibench.jmhbench.GetJNIBenchmark.getIntoByteArrayCritical:getIntoByteArrayCritical·p0.90","sample",1,1,1084.000000,NaN,"ns/op",1024,1,none,16384
"com.evolvedbinary.jnibench.jmhbench.GetJNIBenchmark.getIntoByteArrayCritical:getIntoByteArrayCritical·p0.95","sample",1,1,1124.000000,NaN,"ns/op",1024,1,none,16384
"com.evolvedbinary.jnibench.jmhbench.GetJNIBenchmark.getIntoByteArrayCritical:getIntoByteArrayCritical·p0.99","sample",1,1,1208.000000,NaN,"ns/op",1024,1,none,16384
"com.evolvedbinary.jnibench.jmhbench.GetJNIBenchmark.getIntoByteArrayCritical:getIntoByteArrayCritical·p0.999","sample",1,1,4403.040000,NaN,"ns/op",1024,1,none,16384
"com.evolvedbinary.jnibench.jmhbench.GetJNIBenchmark.getIntoByteArrayCritical:getIntoByteArrayCritical·p0.9999","sample",1,1,15072.000000,NaN,"ns/op",1024,1,none,16384
"com.evolvedbinary.jnibench.jmhbench.GetJNIBenchmark.getIntoByteArrayCritical:getIntoByteArrayCritical·p1.00","sample",1,1,2576384.000000,NaN,"ns/op",1024,1,none,16384
"com.evolvedbinary.jnibench.jmhbench.GetJNIBenchmark.getIntoByteArrayCritical","sample",1,3462019,1258.893435,1.923188,"ns/op",1024,1,none,32768
"com.evolvedbinary.jnibench.jmhbench.GetJNIBenchmark.getIntoByteArrayCritical:getIntoByteArrayCritical·p0.00","sample",1,1,667.000000,NaN,"ns/op",1024,1,none,32768
"com.evolvedbinary.jnibench.jmhbench.GetJNIBenchmark.getIntoByteArrayCritical:getIntoByteArrayCritical·p0.50","sample",1,1,1000.000000,NaN,"ns/op",1024,1,none,32768
"com.evolvedbinary.jnibench.jmhbench.GetJNIBenchmark.getIntoByteArrayCritical:getIntoByteArrayCritical·p0.90","sample",1,1,1750.000000,NaN,"ns/op",1024,1,none,32768
"com.evolvedbinary.jnibench.jmhbench.GetJNIBenchmark.getIntoByteArrayCritical:getIntoByteArrayCritical·p0.95","sample",1,1,1750.000000,NaN,"ns/op",1024,1,none,32768
"com.evolvedbinary.jnibench.jmhbench.GetJNIBenchmark.getIntoByteArrayCritical:getIntoByteArrayCritical·p0.99","sample",1,1,1874.000000,NaN,"ns/op",1024,1,none,32768
"com.evolvedbinary.jnibench.jmhbench.GetJNIBenchmark.getIntoByteArrayCritical:getIntoByteArrayCritical·p0.999","sample",1,1,5040.000000,NaN,"ns/op",1024,1,none,32768
"com.evolvedbinary.jnibench.jmhbench.GetJNIBenchmark.getIntoByteArrayCritical:getIntoByteArrayCritical·p0.9999","sample",1,1,16198.304000,NaN,"ns/op",1024,1,none,32768
"com.evolvedbinary.jnibench.jmhbench.GetJNIBenchmark.getIntoByteArrayCritical:getIntoByteArrayCritical·p1.00","sample",1,1,1722368.000000,NaN,"ns/op",1024,1,none,32768
"com.evolvedbinary.jnibench.jmhbench.GetJNIBenchmark.getIntoByteArrayCritical","sample",1,3049620,1706.537746,4.013033,"ns/op",1024,1,none,65536
"com.evolvedbinary.jnibench.jmhbench.GetJNIBenchmark.getIntoByteArrayCritical:getIntoByteArrayCritical·p0.00","sample",1,1,1166.000000,NaN,"ns/op",1024,1,none,65536
"com.evolvedbinary.jnibench.jmhbench.GetJNIBenchmark.getIntoByteArrayCritical:getIntoByteArrayCritical·p0.50","sample",1,1,1416.000000,NaN,"ns/op",1024,1,none,65536
"com.evolvedbinary.jnibench.jmhbench.GetJNIBenchmark.getIntoByteArrayCritical:getIntoByteArrayCritical·p0.90","sample",1,1,3000.000000,NaN,"ns/op",1024,1,none,65536
"com.evolvedbinary.jnibench.jmhbench.GetJNIBenchmark.getIntoByteArrayCritical:getIntoByteArrayCritical·p0.95","sample",1,1,3000.000000,NaN,"ns/op",1024,1,none,65536
"com.evolvedbinary.jnibench.jmhbench.GetJNIBenchmark.getIntoByteArrayCritical:getIntoByteArrayCritical·p0.99","sample",1,1,3080.000000,NaN,"ns/op",1024,1,none,65536
"com.evolvedbinary.jnibench.jmhbench.GetJNIBenchmark.getIntoByteArrayCritical:getIntoByteArrayCritical·p0.999","sample",1,1,6624.000000,NaN,"ns/op",1024,1,none,65536
"com.evolvedbinary.jnibench.jmhbench.GetJNIBenchmark.getIntoByteArrayCritical:getIntoByteArrayCritical·p0.9999","sample",1,1,22113.212800,NaN,"ns/op",1024,1,none,65536
"com.evolvedbinary.jnibench.jmhbench.GetJNIBenchmark.getIntoByteArrayCritical:getIntoByteArrayCritical·p1.00","sample",1,1,3084288.000000,NaN,"ns/op",1024,1,none,65536
"com.evolvedbinary.jnibench.jmhbench.GetJNIBenchmark.getIntoByteArrayCritical","sample",1,3444134,305.647912,3.236212,"ns/op",1024,1,copyout,10
"com.evolvedbinary.jnibench.jmhbench.GetJNIBenchmark.getIntoByteArrayCritical:getIntoByteArrayCritical·p0.00","sample",1,1,41.000000,NaN,"ns/op",1024,1,copyout,10
"com.evolvedbinary.jnibench.jmhbench.GetJNIBenchmark.getIntoByteArrayCritical:getIntoByteArrayCritical·p0.50","sample",1,1,292.000000,NaN,"ns/op",1024,1,copyout,10
"com.evolvedbinary.jnibench.jmhbench.GetJNIBenchmark.getIntoByteArrayCritical:getIntoByteArrayCritical·p0.90","sample",1,1,292.000000,NaN,"ns/op",1024,1,copyout,10
"com.evolvedbinary.jnibench.jmhbench.GetJNIBenchmark.getIntoByteArrayCritical:getIntoByteArrayCritical·p0.95","sample",1,1,333.000000,NaN,"ns/op",1024,1,copyout,10
"com.evolvedbinary.jnibench.jmhbench.GetJNIBenchmark.getIntoByteArrayCritical:getIntoByteArrayCritical·p0.99","sample",1,1,459.000000,NaN,"ns/op",1024,1,copyout,10
"com.evolvedbinary.jnibench.jmhbench.GetJNIBenchmark.getIntoByteArrayCritical:getIntoByteArrayCritical·p0.999","sample",1,1,2832.000000,NaN,"ns/op",1024,1,copyout,10
"com.evolvedbinary.jnibench.jmhbench.GetJNIBenchmark.getIntoByteArrayCritical:getIntoByteArrayCritical·p0.9999","sample",1,1,11120.000000,NaN,"ns/op",1024,1,copyout,10
"com.evolvedbinary.jnibench.jmhbench.GetJNIBenchmark.getIntoByteArrayCritical:getIntoByteArrayCritical·p1.00","sample",1,1,1691648.000000,NaN,"ns/op",1024,1,copyout,10
"com.evolvedbinary.jnibench.jmhbench.GetJNIBenchmark.getIntoByteArrayCritical","sample",1,3472386,301.275151,2.352918,"ns/op",1024,1,copyout,50
"com.evolvedbinary.jnibench.jmhbench.GetJNIBenchmark.getIntoByteArrayCritical:getIntoByteArrayCritical·p0.00","sample",1,1,41.000000,NaN,"ns/op",1024,1,copyout,50
"com.evolvedbinary.jnibench.jmhbench.GetJNIBenchmark.getIntoByteArrayCritical:getIntoByteArrayCritical·p0.50","sample",1,1,292.000000,NaN,"ns/op",1024,1,copyout,50
"com.evolvedbinary.jnibench.jmhbench.GetJNIBenchmark.getIntoByteArrayCritical:getIntoByteArrayCritical·p0.90","sample",1,1,292.000000,NaN,"ns/op",1024,1,copyout,50
"com.evolvedbinary.jnibench.jmhbench.GetJNIBenchmark.getIntoByteArrayCritical:getIntoByteArrayCritical·p0.95","sample",1,1,333.000000,NaN,"ns/op",1024,1,copyout,50
"com.evolvedbinary.jnibench.jmhbench.GetJNIBenchmark.getIntoByteArrayCritical:getIntoByteArrayCritical·p0.99","sample",1,1,334.000000,NaN,"ns/op",1024,1,copyout,50
"com.evolvedbinary.jnibench.jmhbench.GetJNIBenchmark.getIntoByteArrayCritical:getIntoByteArrayCritical·p0.999","sample",1,1,2124.000000,NaN,"ns/op",1024,1,copyout,50
"com.evolvedbinary.jnibench.jmhbench.GetJNIBenchmark.getIntoByteArrayCritical:getIntoByteArrayCritical·p0.9999","sample",1,1,10612.542400,NaN,"ns/op",1024,1,copyout,50
"com.evolvedbinary.jnibench.jmhbench.GetJNIBenchmark.getIntoByteArrayCritical:getIntoByteArrayCritical·p1.00","sample",1,1,1751040.000000,NaN,"ns/op",1024,1,copyout,50
"com.evolvedbinary.jnibench.jmhbench.GetJNIBenchmark.getIntoByteArrayCritical","sample",1,3041886,343.300581,0.893238,"ns/op",1024,1,copyout,512
"com.evolvedbinary.jnibench.jmhbench.GetJNIBenchmark.getIntoByteArrayCritical:getIntoByteArrayCritical·p0.00","sample",1,1,41.000000,NaN,"ns/op",1024,1,copyout,512
"com.evolvedbinary.jnibench.jmhbench.GetJNIBenchmark.getIntoByteArrayCritical:getIntoByteArrayCritical·p0.50","sample",1,1,292.000000,NaN,"ns/op",1024,1,copyout,512
"com.evolvedbinary.jnibench.jmhbench.GetJNIBenchmark.getIntoByteArrayCritical:getIntoByteArrayCritical·p0.90","sample",1,1,417.000000,NaN,"ns/op",1024,1,copyout,512
"com.evolvedbinary.jnibench.jmhbench.GetJNIBenchmark.getIntoByteArrayCritical:getIntoByteArrayCritical·p0.95","sample",1,1,542.000000,NaN,"ns/op",1024,1,copyout,512
"com.evolvedbinary.jnibench.jmhbench.GetJNIBenchmark.getIntoByteArrayCritical:getIntoByteArrayCritical·p0.99","sample",1,1,875.000000,NaN,"ns/op",1024,1,copyout,512
"com.evolvedbinary.jnibench.jmhbench.GetJNIBenchmark.getIntoByteArrayCritical:getIntoByteArrayCritical·p0.999","sample",1,1,3292.000000,NaN,"ns/op",1024,1,copyout,512
"com.evolvedbinary.jnibench.jmhbench.GetJNIBenchmark.getIntoByteArrayCritical:getIntoByteArrayCritical·p0.9999","sample",1,1,12112.000000,NaN,"ns/op",1024,1,copyout,512
"com.evolvedbinary.jnibench.jmhbench.GetJNIBenchmark.getIntoByteArrayCritical:getIntoByteArrayCritical·p1.00","sample",1,1,543744.000000,NaN,"ns/op",1024,1,copyout,512
"com.evolvedbinary.jnibench.jmhbench.GetJNIBenchmark.getIntoByteArrayCritical","sample",1,2933872,358.383495,3.699229,"ns/op",1024,1,copyout,1024
"com.evolvedbinary.jnibench.jmhbench.GetJNIBenchmark.getIntoByteArrayCritical:getIntoByteArrayCritical·p0.00","sample",1,1,41.000000,NaN,"ns/op",1024,1,copyout,1024
"com.evolvedbinary.jnibench.jmhbench.GetJNIBenchmark.getIntoByteArrayCritical:getIntoByteArrayCritical·p0.50","sample",1,1,333.000000,NaN,"ns/op",1024,1,copyout,1024
"com.evolvedbinary.jnibench.jmhbench.GetJNIBenchmark.getIntoByteArrayCritical:getIntoByteArrayCritical·p0.90","sample",1,1,417.000000,NaN,"ns/op",1024,1,copyout,1024
"com.evolvedbinary.jnibench.jmhbench.GetJNIBenchmark.getIntoByteArrayCritical:getIntoByteArrayCritical·p0.95","sample",1,1,542.000000,NaN,"ns/op",1024,1,copyout,1024
"com.evolvedbinary.jnibench.jmhbench.GetJNIBenchmark.getIntoByteArrayCritical:getIntoByteArrayCritical·p0.99","sample",1,1,875.000000,NaN,"ns/op",1024,1,copyout,1024
"com.evolvedbinary.jnibench.jmhbench.GetJNIBenchmark.getIntoByteArrayCritical:getIntoByteArrayCritical·p0.999","sample",1,1,3540.000000,NaN,"ns/op",1024,1,copyout,1024
"com.evolvedbinary.jnibench.jmhbench.GetJNIBenchmark.getIntoByteArrayCritical:getIntoByteArrayCritical·p0.9999","sample",1,1,12576.000000,NaN,"ns/op",1024,1,copyout,1024
"com.evolvedbinary.jnibench.jmhbench.GetJNIBenchmark.getIntoByteArrayCritical:getIntoByteArrayCritical·p1.00","sample",1,1,2359296.000000,NaN,"ns/op",1024,1,copyout,1024
"com.evolvedbinary.jnibench.jmhbench.GetJNIBenchmark.getIntoByteArrayCritical","sample",1,4440032,463.936006,0.505504,"ns/op",1024,1,copyout,4096
"com.evolvedbinary.jnibench.jmhbench.GetJNIBenchmark.getIntoByteArrayCritical:getIntoByteArrayCritical·p0.00","sample",1,1,83.000000,NaN,"ns/op",1024,1,copyout,4096
"com.evolvedbinary.jnibench.jmhbench.GetJNIBenchmark.getIntoByteArrayCritical:getIntoByteArrayCritical·p0.50","sample",1,1,417.000000,NaN,"ns/op",1024,1,copyout,4096
"com.evolvedbinary.jnibench.jmhbench.GetJNIBenchmark.getIntoByteArrayCritical:getIntoByteArrayCritical·p0.90","sample",1,1,542.000000,NaN,"ns/op",1024,1,copyout,4096
"com.evolvedbinary.jnibench.jmhbench.GetJNIBenchmark.getIntoByteArrayCritical:getIntoByteArrayCritical·p0.95","sample",1,1,583.000000,NaN,"ns/op",1024,1,copyout,4096
"com.evolvedbinary.jnibench.jmhbench.GetJNIBenchmark.getIntoByteArrayCritical:getIntoByteArrayCritical·p0.99","sample",1,1,791.000000,NaN,"ns/op",1024,1,copyout,4096
"com.evolvedbinary.jnibench.jmhbench.GetJNIBenchmark.getIntoByteArrayCritical:getIntoByteArrayCritical·p0.999","sample",1,1,2416.000000,NaN,"ns/op",1024,1,copyout,4096
"com.evolvedbinary.jnibench.jmhbench.GetJNIBenchmark.getIntoByteArrayCritical:getIntoByteArrayCritical·p0.9999","sample",1,1,10943.894400,NaN,"ns/op",1024,1,copyout,4096
"com.evolvedbinary.jnibench.jmhbench.GetJNIBenchmark.getIntoByteArrayCritical:getIntoByteArrayCritical·p1.00","sample",1,1,271360.000000,NaN,"ns/op",1024,1,copyout,4096
"com.evolvedbinary.jnibench.jmhbench.GetJNIBenchmark.getIntoByteArrayCritical","sample",1,4288860,880.429746,1.365182,"ns/op",1024,1,copyout,16384
"com.evolvedbinary.jnibench.jmhbench.GetJNIBenchmark.getIntoByteArrayCritical:getIntoByteArrayCritical·p0.00","sample",1,1,375.000000,NaN,"ns/op",1024,1,copyout,16384
"com.evolvedbinary.jnibench.jmhbench.GetJNIBenchmark.getIntoByteArrayCritical:getIntoByteArrayCritical·p0.50","sample",1,1,875.000000,NaN,"ns/op",1024,1,copyout,16384
"com.evolvedbinary.jnibench.jmhbench.GetJNIBenchmark.getIntoByteArrayCritical:getIntoByteArrayCritical·p0.90","sample",1,1,1000.000000,NaN,"ns/op",1024,1,copyout,16384
"com.evolvedbinary.jnibench.jmhbench.GetJNIBenchmark.getIntoByteArrayCritical:getIntoByteArrayCritical·p0.95","sample",1,1,1042.000000,NaN,"ns/op",1024,1,copyout,16384
"com.evolvedbinary.jnibench.jmhbench.GetJNIBenchmark.getIntoByteArrayCritical:getIntoByteArrayCritical·p0.99","sample",1,1,1208.000000,NaN,"ns/op",1024,1,copyout,16384
"com.evolvedbinary.jnibench.jmhbench.GetJNIBenchmark.getIntoByteArrayCritical:getIntoByteArrayCritical·p0.999","sample",1,1,3916.000000,NaN,"ns/op",1024,1,copyout,16384
"com.evolvedbinary.jnibench.jmhbench.GetJNIBenchmark.getIntoByteArrayCritical:getIntoByteArrayCritical·p0.9999","sample",1,1,13616.000000,NaN,"ns/op",1024,1,copyout,16384
"com.evolvedbinary.jnibench.jmhbench.GetJNIBenchmark.getIntoByteArrayCritical:getIntoByteArrayCritical·p1.00","sample",1,1,1550336.000000,NaN,"ns/op",1024,1,copyout,16384
"com.evolvedbinary.jnibench.jmhbench.GetJNIBenchmark.getIntoByteArrayCritical","sample",1,3197076,1265.497156,2.560625,"ns/op",1024,1,copyout,32768
"com.evolvedbinary.jnibench.jmhbench.GetJNIBenchmark.getIntoByteArrayCritical:getIntoByteArrayCritical·p0.00","sample",1,1,917.000000,NaN,"ns/op",1024,1,copyout,32768
"com.evolvedbinary.jnibench.jmhbench.GetJNIBenchmark.getIntoByteArrayCritical:getIntoByteArrayCritical·p0.50","sample",1,1,1208.000000,NaN,"ns/op",1024,1,copyout,32768
"com.evolvedbinary.jnibench.jmhbench.GetJNIBenchmark.getIntoByteArrayCritical:getIntoByteArrayCritical·p0.90","sample",1,1,1416.000000,NaN,"ns/op",1024,1,copyout,32768
"com.evolvedbinary.jnibench.jmhbench.GetJNIBenchmark.getIntoByteArrayCritical:getIntoByteArrayCritical·p0.95","sample",1,1,1500.000000,NaN,"ns/op",1024,1,copyout,32768
"com.evolvedbinary.jnibench.jmhbench.GetJNIBenchmark.getIntoByteArrayCritical:getIntoByteArrayCritical·p0.99","sample",1,1,1708.000000,NaN,"ns/op",1024,1,copyout,32768
"com.evolvedbinary.jnibench.jmhbench.GetJNIBenchmark.getIntoByteArrayCritical:getIntoByteArrayCritical·p0.999","sample",1,1,5744.000000,NaN,"ns/op",1024,1,copyout,32768
"com.evolvedbinary.jnibench.jmhbench.GetJNIBenchmark.getIntoByteArrayCritical:getIntoByteArrayCritical·p0.9999","sample",1,1,18080.000000,NaN,"ns/op",1024,1,copyout,32768
"com.evolvedbinary.jnibench.jmhbench.GetJNIBenchmark.getIntoByteArrayCritical:getIntoByteArrayCritical·p1.00","sample",1,1,1656832.000000,NaN,"ns/op",1024,1,copyout,32768
"com.evolvedbinary.jnibench.jmhbench.GetJNIBenchmark.getIntoByteArrayCritical","sample",1,3220405,2489.581530,1.038559,"ns/op",1024,1,copyout,65536
"com.evolvedbinary.jnibench.jmhbench.GetJNIBenchmark.getIntoByteArrayCritical:getIntoByteArrayCritical·p0.00","sample",1,1,2080.000000,NaN,"ns/op",1024,1,copyout,65536
"com.evolvedbinary.jnibench.jmhbench.GetJNIBenchmark.getIntoByteArrayCritical:getIntoByteArrayCritical·p0.50","sample",1,1,2416.000000,NaN,"ns/op",1024,1,copyout,65536
"com.evolvedbinary.jnibench.jmhbench.GetJNIBenchmark.getIntoByteArrayCritical:getIntoByteArrayCritical·p0.90","sample",1,1,2708.000000,NaN,"ns/op",1024,1,copyout,65536
"com.evolvedbinary.jnibench.jmhbench.GetJNIBenchmark.getIntoByteArrayCritical:getIntoByteArrayCritical·p0.95","sample",1,1,2792.000000,NaN,"ns/op",1024,1,copyout,65536
"com.evolvedbinary.jnibench.jmhbench.GetJNIBenchmark.getIntoByteArrayCritical:getIntoByteArrayCritical·p0.99","sample",1,1,3000.000000,NaN,"ns/op",1024,1,copyout,65536
"com.evolvedbinary.jnibench.jmhbench.GetJNIBenchmark.getIntoByteArrayCritical:getIntoByteArrayCritical·p0.999","sample",1,1,7912.000000,NaN,"ns/op",1024,1,copyout,65536
"com.evolvedbinary.jnibench.jmhbench.GetJNIBenchmark.getIntoByteArrayCritical:getIntoByteArrayCritical·p0.9999","sample",1,1,31678.700800,NaN,"ns/op",1024,1,copyout,65536
"com.evolvedbinary.jnibench.jmhbench.GetJNIBenchmark.getIntoByteArrayCritical:getIntoByteArrayCritical·p1.00","sample",1,1,161024.000000,NaN,"ns/op",1024,1,copyout,65536
"com.evolvedbinary.jnibench.jmhbench.GetJNIBenchmark.getIntoByteArrayGetElements","sample",1,3325720,314.131861,1.614778,"ns/op",1024,1,none,10
"com.evolvedbinary.jnibench.jmhbench.GetJNIBenchmark.getIntoByteArrayGetElements:getIntoByteArrayGetElements·p0.00","sample",1,1,41.000000,NaN,"ns/op",1024,1,none,10
"com.evolvedbinary.jnibench.jmhbench.GetJNIBenchmark.getIntoByteArrayGetElements:getIntoByteArrayGetElements·p0.50","sample",1,1,292.000000,NaN,"ns/op",1024,1,none,10
"com.evolvedbinary.jnibench.jmhbench.GetJNIBenchmark.getIntoByteArrayGetElements:getIntoByteArrayGetElements·p0.90","sample",1,1,334.000000,NaN,"ns/op",1024,1,none,10
"com.evolvedbinary.jnibench.jmhbench.GetJNIBenchmark.getIntoByteArrayGetElements:getIntoByteArrayGetElements·p0.95","sample",1,1,334.000000,NaN,"ns/op",1024,1,none,10
"com.evolvedbinary.jnibench.jmhbench.GetJNIBenchmark.getIntoByteArrayGetElements:getIntoByteArrayGetElements·p0.99","sample",1,1,334.000000,NaN,"ns/op",1024,1,none,10
"com.evolvedbinary.jnibench.jmhbench.GetJNIBenchmark.getIntoByteArrayGetElements:getIntoByteArrayGetElements·p0.999","sample",1,1,2248.000000,NaN,"ns/op",1024,1,none,10
"com.evolvedbinary.jnibench.jmhbench.GetJNIBenchmark.getIntoByteArrayGetElements:getIntoByteArrayGetElements·p0.9999","sample",1,1,10736.000000,NaN,"ns/op",1024,1,none,10
"com.evolvedbinary.jnibench.jmhbench.GetJNIBenchmark.getIntoByteArrayGetElements:getIntoByteArrayGetElements·p1.00","sample",1,1,1538048.000000,NaN,"ns/op",1024,1,none,10
"com.evolvedbinary.jnibench.jmhbench.GetJNIBenchmark.getIntoByteArrayGetElements","sample",1,3304114,314.844602,0.472898,"ns/op",1024,1,none,50
"com.evolvedbinary.jnibench.jmhbench.GetJNIBenchmark.getIntoByteArrayGetElements:getIntoByteArrayGetElements·p0.00","sample",1,1,41.000000,NaN,"ns/op",1024,1,none,50
"com.evolvedbinary.jnibench.jmhbench.GetJNIBenchmark.getIntoByteArrayGetElements:getIntoByteArrayGetElements·p0.50","sample",1,1,292.000000,NaN,"ns/op",1024,1,none,50
"com.evolvedbinary.jnibench.jmhbench.GetJNIBenchmark.getIntoByteArrayGetElements:getIntoByteArrayGetElements·p0.90","sample",1,1,334.000000,NaN,"ns/op",1024,1,none,50
"com.evolvedbinary.jnibench.jmhbench.GetJNIBenchmark.getIntoByteArrayGetElements:getIntoByteArrayGetElements·p0.95","sample",1,1,334.000000,NaN,"ns/op",1024,1,none,50
"com.evolvedbinary.jnibench.jmhbench.GetJNIBenchmark.getIntoByteArrayGetElements:getIntoByteArrayGetElements·p0.99","sample",1,1,334.000000,NaN,"ns/op",1024,1,none,50
"com.evolvedbinary.jnibench.jmhbench.GetJNIBenchmark.getIntoByteArrayGetElements:getIntoByteArrayGetElements·p0.999","sample",1,1,2124.000000,NaN,"ns/op",1024,1,none,50
"com.evolvedbinary.jnibench.jmhbench.GetJNIBenchmark.getIntoByteArrayGetElements:getIntoByteArrayGetElements·p0.9999","sample",1,1,10496.000000,NaN,"ns/op",1024,1,none,50
"com.evolvedbinary.jnibench.jmhbench.GetJNIBenchmark.getIntoByteArrayGetElements:getIntoByteArrayGetElements·p1.00","sample",1,1,132864.000000,NaN,"ns/op",1024,1,none,50
"com.evolvedbinary.jnibench.jmhbench.GetJNIBenchmark.getIntoByteArrayGetElements","sample",1,3051392,343.871569,7.613001,"ns/op",1024,1,none,512
"com.evolvedbinary.jnibench.jmhbench.GetJNIBenchmark.getIntoByteArrayGetElements:getIntoByteArrayGetElements·p0.00","sample",1,1,41.000000,NaN,"ns/op",1024,1,none,512
"com.evolvedbinary.jnibench.jmhbench.GetJNIBenchmark.getIntoByteArrayGetElements:getIntoByteArrayGetElements·p0.50","sample",1,1,333.000000,NaN,"ns/op",1024,1,none,512
"com.evolvedbinary.jnibench.jmhbench.GetJNIBenchmark.getIntoByteArrayGetElements:getIntoByteArrayGetElements·p0.90","sample",1,1,334.000000,NaN,"ns/op",1024,1,none,512
"com.evolvedbinary.jnibench.jmhbench.GetJNIBenchmark.getIntoByteArrayGetElements:getIntoByteArrayGetElements·p0.95","sample",1,1,375.000000,NaN,"ns/op",1024,1,none,512
"com.evolvedbinary.jnibench.jmhbench.GetJNIBenchmark.getIntoByteArrayGetElements:getIntoByteArrayGetElements·p0.99","sample",1,1,375.000000,NaN,"ns/op",1024,1,none,512
"com.evolvedbinary.jnibench.jmhbench.GetJNIBenchmark.getIntoByteArrayGetElements:getIntoByteArrayGetElements·p0.999","sample",1,1,2042.000000,NaN,"ns/op",1024,1,none,512
"com.evolvedbinary.jnibench.jmhbench.GetJNIBenchmark.getIntoByteArrayGetElements:getIntoByteArrayGetElements·p0.9999","sample",1,1,11401.313600,NaN,"ns/op",1024,1,none,512
"com.evolvedbinary.jnibench.jmhbench.GetJNIBenchmark.getIntoByteArrayGetElements:getIntoByteArrayGetElements·p1.00","sample",1,1,6717440.000000,NaN,"ns/op",1024,1,none,512
"com.evolvedbinary.jnibench.jmhbench.GetJNIBenchmark.getIntoByteArrayGetElements","sample",1,2894796,359.021082,0.619527,"ns/op",1024,1,none,1024
"com.evolvedbinary.jnibench.jmhbench.GetJNIBenchmark.getIntoByteArrayGetElements:getIntoByteArrayGetElements·p0.00","sample",1,1,41.000000,NaN,"ns/op",1024,1,none,1024
"com.evolvedbinary.jnibench.jmhbench.GetJNIBenchmark.getIntoByteArrayGetElements:getIntoByteArrayGetElements·p0.50","sample",1,1,334.000000,NaN,"ns/op",1024,1,none,1024
"com.evolvedbinary.jnibench.jmhbench.GetJNIBenchmark.getIntoByteArrayGetElements:getIntoByteArrayGetElements·p0.90","sample",1,1,375.000000,NaN,"ns/op",1024,1,none,1024
"com.evolvedbinary.jnibench.jmhbench.GetJNIBenchmark.getIntoByteArrayGetElements:getIntoByteArrayGetElements·p0.95","sample",1,1,375.000000,NaN,"ns/op",1024,1,none,1024
"com.evolvedbinary.jnibench.jmhbench.GetJNIBenchmark.getIntoByteArrayGetElements:getIntoByteArrayGetElements·p0.99","sample",1,1,416.000000,NaN,"ns/op",1024,1,none,1024
"com.evolvedbinary.jnibench.jmhbench.GetJNIBenchmark.getIntoByteArrayGetElements:getIntoByteArrayGetElements·p0.999","sample",1,1,2332.000000,NaN,"ns/op",1024,1,none,1024
"com.evolvedbinary.jnibench.jmhbench.GetJNIBenchmark.getIntoByteArrayGetElements:getIntoByteArrayGetElements·p0.9999","sample",1,1,12208.000000,NaN,"ns/op",1024,1,none,1024
"com.evolvedbinary.jnibench.jmhbench.GetJNIBenchmark.getIntoByteArrayGetElements:getIntoByteArrayGetElements·p1.00","sample",1,1,216832.000000,NaN,"ns/op",1024,1,none,1024
"com.evolvedbinary.jnibench.jmhbench.GetJNIBenchmark.getIntoByteArrayGetElements","sample",1,4220345,485.240404,1.131759,"ns/op",1024,1,none,4096
"com.evolvedbinary.jnibench.jmhbench.GetJNIBenchmark.getIntoByteArrayGetElements:getIntoByteArrayGetElements·p0.00","sample",1,1,208.000000,NaN,"ns/op",1024,1,none,4096
"com.evolvedbinary.jnibench.jmhbench.GetJNIBenchmark.getIntoByteArrayGetElements:getIntoByteArrayGetElements·p0.50","sample",1,1,458.000000,NaN,"ns/op",1024,1,none,4096
"com.evolvedbinary.jnibench.jmhbench.GetJNIBenchmark.getIntoByteArrayGetElements:getIntoByteArrayGetElements·p0.90","sample",1,1,583.000000,NaN,"ns/op",1024,1,none,4096
"com.evolvedbinary.jnibench.jmhbench.GetJNIBenchmark.getIntoByteArrayGetElements:getIntoByteArrayGetElements·p0.95","sample",1,1,584.000000,NaN,"ns/op",1024,1,none,4096
"com.evolvedbinary.jnibench.jmhbench.GetJNIBenchmark.getIntoByteArrayGetElements:getIntoByteArrayGetElements·p0.99","sample",1,1,750.000000,NaN,"ns/op",1024,1,none,4096
"com.evolvedbinary.jnibench.jmhbench.GetJNIBenchmark.getIntoByteArrayGetElements:getIntoByteArrayGetElements·p0.999","sample",1,1,2208.000000,NaN,"ns/op",1024,1,none,4096
"com.evolvedbinary.jnibench.jmhbench.GetJNIBenchmark.getIntoByteArrayGetElements:getIntoByteArrayGetElements·p0.9999","sample",1,1,10576.000000,NaN,"ns/op",1024,1,none,4096
"com.evolvedbinary.jnibench.jmhbench.GetJNIBenchmark.getIntoByteArrayGetElements:getIntoByteArrayGetElements·p1.00","sample",1,1,1347584.000000,NaN,"ns/op",1024,1,none,4096
"com.evolvedbinary.jnibench.jmhbench.GetJNIBenchmark.getIntoByteArrayGetElements","sample",1,3660915,1233.570474,2.569326,"ns/op",1024,1,none,16384
"com.evolvedbinary.jnibench.jmhbench.GetJNIBenchmark.getIntoByteArrayGetElements:getIntoByteArrayGetElements·p0.00","sample",1,1,791.000000,NaN,"ns/op",1024,1,none,16384
"com.evolvedbinary.jnibench.jmhbench.GetJNIBenchmark.getIntoByteArrayGetElements:getIntoByteArrayGetElements·p0.50","sample",1,1,1040.000000,NaN,"ns/op",1024,1,none,16384
"com.evolvedbinary.jnibench.jmhbench.GetJNIBenchmark.getIntoByteArrayGetElements:getIntoByteArrayGetElements·p0.90","sample",1,1,1916.000000,NaN,"ns/op",1024,1,none,16384
"com.evolvedbinary.jnibench.jmhbench.GetJNIBenchmark.getIntoByteArrayGetElements:getIntoByteArrayGetElements·p0.95","sample",1,1,1958.000000,NaN,"ns/op",1024,1,none,16384
"com.evolvedbinary.jnibench.jmhbench.GetJNIBenchmark.getIntoByteArrayGetElements:getIntoByteArrayGetElements·p0.99","sample",1,1,2124.000000,NaN,"ns/op",1024,1,none,16384
"com.evolvedbinary.jnibench.jmhbench.GetJNIBenchmark.getIntoByteArrayGetElements:getIntoByteArrayGetElements·p0.999","sample",1,1,7120.000000,NaN,"ns/op",1024,1,none,16384
"com.evolvedbinary.jnibench.jmhbench.GetJNIBenchmark.getIntoByteArrayGetElements:getIntoByteArrayGetElements·p0.9999","sample",1,1,22240.000000,NaN,"ns/op",1024,1,none,16384
"com.evolvedbinary.jnibench.jmhbench.GetJNIBenchmark.getIntoByteArrayGetElements:getIntoByteArrayGetElements·p1.00","sample",1,1,2461696.000000,NaN,"ns/op",1024,1,none,16384
"com.evolvedbinary.jnibench.jmhbench.GetJNIBenchmark.getIntoByteArrayGetElements","sample",1,2725347,1596.320982,3.240139,"ns/op",1024,1,none,32768
"com.evolvedbinary.jnibench.jmhbench.GetJNIBenchmark.getIntoByteArrayGetElements:getIntoByteArrayGetElements·p0.00","sample",1,1,1124.000000,NaN,"ns/op",1024,1,none,32768
"com.evolvedbinary.jnibench.jmhbench.GetJNIBenchmark.getIntoByteArrayGetElements:getIntoByteArrayGetElements·p0.50","sample",1,1,1500.000000,NaN,"ns/op",1024,1,none,32768
"com.evolvedbinary.jnibench.jmhbench.GetJNIBenchmark.getIntoByteArrayGetElements:getIntoByteArrayGetElements·p0.90","sample",1,1,1708.000000,NaN,"ns/op",1024,1,none,32768
"com.evolvedbinary.jnibench.jmhbench.GetJNIBenchmark.getIntoByteArrayGetElements:getIntoByteArrayGetElements·p0.95","sample",1,1,1792.000000,NaN,"ns/op",1024,1,none,32768
"com.evolvedbinary.jnibench.jmhbench.GetJNIBenchmark.getIntoByteArrayGetElements:getIntoByteArrayGetElements·p0.99","sample",1,1,3164.000000,NaN,"ns/op",1024,1,none,32768
"com.evolvedbinary.jnibench.jmhbench.GetJNIBenchmark.getIntoByteArrayGetElements:getIntoByteArrayGetElements·p0.999","sample",1,1,7872.000000,NaN,"ns/op",1024,1,none,32768
"com.evolvedbinary.jnibench.jmhbench.GetJNIBenchmark.getIntoByteArrayGetElements:getIntoByteArrayGetElements·p0.9999","sample",1,1,23579.545600,NaN,"ns/op",1024,1,none,32768
"com.evolvedbinary.jnibench.jmhbench.GetJNIBenchmark.getIntoByteArrayGetElements:getIntoByteArrayGetElements·p1.00","sample",1,1,2041856.000000,NaN,"ns/op",1024,1,none,32768
"com.evolvedbinary.jnibench.jmhbench.GetJNIBenchmark.getIntoByteArrayGetElements","sample",1,2859369,2810.019735,3.187201,"ns/op",1024,1,none,65536
"com.evolvedbinary.jnibench.jmhbench.GetJNIBenchmark.getIntoByteArrayGetElements:getIntoByteArrayGetElements·p0.00","sample",1,1,2000.000000,NaN,"ns/op",1024,1,none,65536
"com.evolvedbinary.jnibench.jmhbench.GetJNIBenchmark.getIntoByteArrayGetElements:getIntoByteArrayGetElements·p0.50","sample",1,1,2748.000000,NaN,"ns/op",1024,1,none,65536
"com.evolvedbinary.jnibench.jmhbench.GetJNIBenchmark.getIntoByteArrayGetElements:getIntoByteArrayGetElements·p0.90","sample",1,1,2832.000000,NaN,"ns/op",1024,1,none,65536
"com.evolvedbinary.jnibench.jmhbench.GetJNIBenchmark.getIntoByteArrayGetElements:getIntoByteArrayGetElements·p0.95","sample",1,1,2872.000000,NaN,"ns/op",1024,1,none,65536
"com.evolvedbinary.jnibench.jmhbench.GetJNIBenchmark.getIntoByteArrayGetElements:getIntoByteArrayGetElements·p0.99","sample",1,1,3956.000000,NaN,"ns/op",1024,1,none,65536
"com.evolvedbinary.jnibench.jmhbench.GetJNIBenchmark.getIntoByteArrayGetElements:getIntoByteArrayGetElements·p0.999","sample",1,1,9824.000000,NaN,"ns/op",1024,1,none,65536
"com.evolvedbinary.jnibench.jmhbench.GetJNIBenchmark.getIntoByteArrayGetElements:getIntoByteArrayGetElements·p0.9999","sample",1,1,29282.016000,NaN,"ns/op",1024,1,none,65536
"com.evolvedbinary.jnibench.jmhbench.GetJNIBenchmark.getIntoByteArrayGetElements:getIntoByteArrayGetElements·p1.00","sample",1,1,1886208.000000,NaN,"ns/op",1024,1,none,65536
"com.evolvedbinary.jnibench.jmhbench.GetJNIBenchmark.getIntoByteArrayGetElements","sample",1,3238388,324.083760,1.884015,"ns/op",1024,1,copyout,10
"com.evolvedbinary.jnibench.jmhbench.GetJNIBenchmark.getIntoByteArrayGetElements:getIntoByteArrayGetElements·p0.00","sample",1,1,42.000000,NaN,"ns/op",1024,1,copyout,10
"com.evolvedbinary.jnibench.jmhbench.GetJNIBenchmark.getIntoByteArrayGetElements:getIntoByteArrayGetElements·p0.50","sample",1,1,292.000000,NaN,"ns/op",1024,1,copyout,10
"com.evolvedbinary.jnibench.jmhbench.GetJNIBenchmark.getIntoByteArrayGetElements:getIntoByteArrayGetElements·p0.90","sample",1,1,334.000000,NaN,"ns/op",1024,1,copyout,10
"com.evolvedbinary.jnibench.jmhbench.GetJNIBenchmark.getIntoByteArrayGetElements:getIntoByteArrayGetElements·p0.95","sample",1,1,334.000000,NaN,"ns/op",1024,1,copyout,10
"com.evolvedbinary.jnibench.jmhbench.GetJNIBenchmark.getIntoByteArrayGetElements:getIntoByteArrayGetElements·p0.99","sample",1,1,458.000000,NaN,"ns/op",1024,1,copyout,10
"com.evolvedbinary.jnibench.jmhbench.GetJNIBenchmark.getIntoByteArrayGetElements:getIntoByteArrayGetElements·p0.999","sample",1,1,3040.000000,NaN,"ns/op",1024,1,copyout,10
"com.evolvedbinary.jnibench.jmhbench.GetJNIBenchmark.getIntoByteArrayGetElements:getIntoByteArrayGetElements·p0.9999","sample",1,1,11703.732800,NaN,"ns/op",1024,1,copyout,10
"com.evolvedbinary.jnibench.jmhbench.GetJNIBenchmark.getIntoByteArrayGetElements:getIntoByteArrayGetElements·p1.00","sample",1,1,1718272.000000,NaN,"ns/op",1024,1,copyout,10
"com.evolvedbinary.jnibench.jmhbench.GetJNIBenchmark.getIntoByteArrayGetElements","sample",1,3202682,325.206354,0.775109,"ns/op",1024,1,copyout,50
"com.evolvedbinary.jnibench.jmhbench.GetJNIBenchmark.getIntoByteArrayGetElements:getIntoByteArrayGetElements·p0.00","sample",1,1,41.000000,NaN,"ns/op",1024,1,copyout,50
"com.evolvedbinary.jnibench.jmhbench.GetJNIBenchmark.getIntoByteArrayGetElements:getIntoByteArrayGetElements·p0.50","sample",1,1,333.000000,NaN,"ns/op",1024,1,copyout,50
"com.evolvedbinary.jnibench.jmhbench.GetJNIBenchmark.getIntoByteArrayGetElements:getIntoByteArrayGetElements·p0.90","sample",1,1,334.000000,NaN,"ns/op",1024,1,copyout,50
"com.evolvedbinary.jnibench.jmhbench.GetJNIBenchmark.getIntoByteArrayGetElements:getIntoByteArrayGetElements·p0.95","sample",1,1,334.000000,NaN,"ns/op",1024,1,copyout,50
"com.evolvedbinary.jnibench.jmhbench.GetJNIBenchmark.getIntoByteArrayGetElements:getIntoByteArrayGetElements·p0.99","sample",1,1,375.000000,NaN,"ns/op",1024,1,copyout,50
"com.evolvedbinary.jnibench.jmhbench.GetJNIBenchmark.getIntoByteArrayGetElements:getIntoByteArrayGetElements·p0.999","sample",1,1,2456.000000,NaN,"ns/op",1024,1,copyout,50
"com.evolvedbinary.jnibench.jmhbench.GetJNIBenchmark.getIntoByteArrayGetElements:getIntoByteArrayGetElements·p0.9999","sample",1,1,11664.000000,NaN,"ns/op",1024,1,copyout,50
"com.evolvedbinary.jnibench.jmhbench.GetJNIBenchmark.getIntoByteArrayGetElements:getIntoByteArrayGetElements·p1.00","sample",1,1,556032.000000,NaN,"ns/op",1024,1,copyout,50
"com.evolvedbinary.jnibench.jmhbench.GetJNIBenchmark.getIntoByteArrayGetElements","sample",1,2965357,396.735527,0.667765,"ns/op",1024,1,copyout,512
"com.evolvedbinary.jnibench.jmhbench.GetJNIBenchmark.getIntoByteArrayGetElements:getIntoByteArrayGetElements·p0.00","sample",1,1,41.000000,NaN,"ns/op",1024,1,copyout,512
"com.evolvedbinary.jnibench.jmhbench.GetJNIBenchmark.getIntoByteArrayGetElements:getIntoByteArrayGetElements·p0.50","sample",1,1,334.000000,NaN,"ns/op",1024,1,copyout,512
"com.evolvedbinary.jnibench.jmhbench.GetJNIBenchmark.getIntoByteArrayGetElements:getIntoByteArrayGetElements·p0.90","sample",1,1,500.000000,NaN,"ns/op",1024,1,copyout,512
"com.evolvedbinary.jnibench.jmhbench.GetJNIBenchmark.getIntoByteArrayGetElements:getIntoByteArrayGetElements·p0.95","sample",1,1,625.000000,NaN,"ns/op",1024,1,copyout,512
"com.evolvedbinary.jnibench.jmhbench.GetJNIBenchmark.getIntoByteArrayGetElements:getIntoByteArrayGetElements·p0.99","sample",1,1,1042.000000,NaN,"ns/op",1024,1,copyout,512
"com.evolvedbinary.jnibench.jmhbench.GetJNIBenchmark.getIntoByteArrayGetElements:getIntoByteArrayGetElements·p0.999","sample",1,1,3832.000000,NaN,"ns/op",1024,1,copyout,512
"com.evolvedbinary.jnibench.jmhbench.GetJNIBenchmark.getIntoByteArrayGetElements:getIntoByteArrayGetElements·p0.9999","sample",1,1,12598.281600,NaN,"ns/op",1024,1,copyout,512
"com.evolvedbinary.jnibench.jmhbench.GetJNIBenchmark.getIntoByteArrayGetElements:getIntoByteArrayGetElements·p1.00","sample",1,1,68352.000000,NaN,"ns/op",1024,1,copyout,512
"com.evolvedbinary.jnibench.jmhbench.GetJNIBenchmark.getIntoByteArrayGetElements","sample",1,2797271,404.097876,2.538184,"ns/op",1024,1,copyout,1024
"com.evolvedbinary.jnibench.jmhbench.GetJNIBenchmark.getIntoByteArrayGetElements:getIntoByteArrayGetElements·p0.00","sample",1,1,41.000000,NaN,"ns/op",1024,1,copyout,1024
"com.evolvedbinary.jnibench.jmhbench.GetJNIBenchmark.getIntoByteArrayGetElements:getIntoByteArrayGetElements·p0.50","sample",1,1,375.000000,NaN,"ns/op",1024,1,copyout,1024
"com.evolvedbinary.jnibench.jmhbench.GetJNIBenchmark.getIntoByteArrayGetElements:getIntoByteArrayGetElements·p0.90","sample",1,1,458.000000,NaN,"ns/op",1024,1,copyout,1024
"com.evolvedbinary.jnibench.jmhbench.GetJNIBenchmark.getIntoByteArrayGetElements:getIntoByteArrayGetElements·p0.95","sample",1,1,542.000000,NaN,"ns/op",1024,1,copyout,1024
"com.evolvedbinary.jnibench.jmhbench.GetJNIBenchmark.getIntoByteArrayGetElements:getIntoByteArrayGetElements·p0.99","sample",1,1,834.000000,NaN,"ns/op",1024,1,copyout,1024
"com.evolvedbinary.jnibench.jmhbench.GetJNIBenchmark.getIntoByteArrayGetElements:getIntoByteArrayGetElements·p0.999","sample",1,1,3372.000000,NaN,"ns/op",1024,1,copyout,1024
"com.evolvedbinary.jnibench.jmhbench.GetJNIBenchmark.getIntoByteArrayGetElements:getIntoByteArrayGetElements·p0.9999","sample",1,1,13880.729600,NaN,"ns/op",1024,1,copyout,1024
"com.evolvedbinary.jnibench.jmhbench.GetJNIBenchmark.getIntoByteArrayGetElements:getIntoByteArrayGetElements·p1.00","sample",1,1,1515520.000000,NaN,"ns/op",1024,1,copyout,1024
"com.evolvedbinary.jnibench.jmhbench.GetJNIBenchmark.getIntoByteArrayGetElements","sample",1,3170827,645.452129,1.714611,"ns/op",1024,1,copyout,4096
"com.evolvedbinary.jnibench.jmhbench.GetJNIBenchmark.getIntoByteArrayGetElements:getIntoByteArrayGetElements·p0.00","sample",1,1,167.000000,NaN,"ns/op",1024,1,copyout,4096
"com.evolvedbinary.jnibench.jmhbench.GetJNIBenchmark.getIntoByteArrayGetElements:getIntoByteArrayGetElements·p0.50","sample",1,1,584.000000,NaN,"ns/op",1024,1,copyout,4096
"com.evolvedbinary.jnibench.jmhbench.GetJNIBenchmark.getIntoByteArrayGetElements:getIntoByteArrayGetElements·p0.90","sample",1,1,792.000000,NaN,"ns/op",1024,1,copyout,4096
"com.evolvedbinary.jnibench.jmhbench.GetJNIBenchmark.getIntoByteArrayGetElements:getIntoByteArrayGetElements·p0.95","sample",1,1,917.000000,NaN,"ns/op",1024,1,copyout,4096
"com.evolvedbinary.jnibench.jmhbench.GetJNIBenchmark.getIntoByteArrayGetElements:getIntoByteArrayGetElements·p0.99","sample",1,1,1208.000000,NaN,"ns/op",1024,1,copyout,4096
"com.evolvedbinary.jnibench.jmhbench.GetJNIBenchmark.getIntoByteArrayGetElements:getIntoByteArrayGetElements·p0.999","sample",1,1,3956.000000,NaN,"ns/op",1024,1,copyout,4096
"com.evolvedbinary.jnibench.jmhbench.GetJNIBenchmark.getIntoByteArrayGetElements:getIntoByteArrayGetElements·p0.9999","sample",1,1,14160.000000,NaN,"ns/op",1024,1,copyout,4096
"com.evolvedbinary.jnibench.jmhbench.GetJNIBenchmark.getIntoByteArrayGetElements:getIntoByteArrayGetElements·p1.00","sample",1,1,1511424.000000,NaN,"ns/op",1024,1,copyout,4096
"com.evolvedbinary.jnibench.jmhbench.GetJNIBenchmark.getIntoByteArrayGetElements","sample",1,3334968,1538.776908,2.514398,"ns/op",1024,1,copyout,16384
"com.evolvedbinary.jnibench.jmhbench.GetJNIBenchmark.getIntoByteArrayGetElements:getIntoByteArrayGetElements·p0.00","sample",1,1,958.000000,NaN,"ns/op",1024,1,copyout,16384
"com.evolvedbinary.jnibench.jmhbench.GetJNIBenchmark.getIntoByteArrayGetElements:getIntoByteArrayGetElements·p0.50","sample",1,1,1292.000000,NaN,"ns/op",1024,1,copyout,16384
"com.evolvedbinary.jnibench.jmhbench.GetJNIBenchmark.getIntoByteArrayGetElements:getIntoByteArrayGetElements·p0.90","sample",1,1,2372.000000,NaN,"ns/op",1024,1,copyout,16384
"com.evolvedbinary.jnibench.jmhbench.GetJNIBenchmark.getIntoByteArrayGetElements:getIntoByteArrayGetElements·p0.95","sample",1,1,2456.000000,NaN,"ns/op",1024,1,copyout,16384
"com.evolvedbinary.jnibench.jmhbench.GetJNIBenchmark.getIntoByteArrayGetElements:getIntoByteArrayGetElements·p0.99","sample",1,1,2584.000000,NaN,"ns/op",1024,1,copyout,16384
"com.evolvedbinary.jnibench.jmhbench.GetJNIBenchmark.getIntoByteArrayGetElements:getIntoByteArrayGetElements·p0.999","sample",1,1,6248.000000,NaN,"ns/op",1024,1,copyout,16384
"com.evolvedbinary.jnibench.jmhbench.GetJNIBenchmark.getIntoByteArrayGetElements:getIntoByteArrayGetElements·p0.9999","sample",1,1,18880.198400,NaN,"ns/op",1024,1,copyout,16384
"com.evolvedbinary.jnibench.jmhbench.GetJNIBenchmark.getIntoByteArrayGetElements:getIntoByteArrayGetElements·p1.00","sample",1,1,2289664.000000,NaN,"ns/op",1024,1,copyout,16384
"com.evolvedbinary.jnibench.jmhbench.GetJNIBenchmark.getIntoByteArrayGetElements","sample",1,3933913,2086.792671,1.530439,"ns/op",1024,1,copyout,32768
"com.evolvedbinary.jnibench.jmhbench.GetJNIBenchmark.getIntoByteArrayGetElements:getIntoByteArrayGetElements·p0.00","sample",1,1,1458.000000,NaN,"ns/op",1024,1,copyout,32768
"com.evolvedbinary.jnibench.jmhbench.GetJNIBenchmark.getIntoByteArrayGetElements:getIntoByteArrayGetElements·p0.50","sample",1,1,2000.000000,NaN,"ns/op",1024,1,copyout,32768
"com.evolvedbinary.jnibench.jmhbench.GetJNIBenchmark.getIntoByteArrayGetElements:getIntoByteArrayGetElements·p0.90","sample",1,1,2208.000000,NaN,"ns/op",1024,1,copyout,32768
"com.evolvedbinary.jnibench.jmhbench.GetJNIBenchmark.getIntoByteArrayGetElements:getIntoByteArrayGetElements·p0.95","sample",1,1,2292.000000,NaN,"ns/op",1024,1,copyout,32768
"com.evolvedbinary.jnibench.jmhbench.GetJNIBenchmark.getIntoByteArrayGetElements:getIntoByteArrayGetElements·p0.99","sample",1,1,4040.000000,NaN,"ns/op",1024,1,copyout,32768
"com.evolvedbinary.jnibench.jmhbench.GetJNIBenchmark.getIntoByteArrayGetElements:getIntoByteArrayGetElements·p0.999","sample",1,1,6040.000000,NaN,"ns/op",1024,1,copyout,32768
"com.evolvedbinary.jnibench.jmhbench.GetJNIBenchmark.getIntoByteArrayGetElements:getIntoByteArrayGetElements·p0.9999","sample",1,1,17472.000000,NaN,"ns/op",1024,1,copyout,32768
"com.evolvedbinary.jnibench.jmhbench.GetJNIBenchmark.getIntoByteArrayGetElements:getIntoByteArrayGetElements·p1.00","sample",1,1,1501184.000000,NaN,"ns/op",1024,1,copyout,32768
"com.evolvedbinary.jnibench.jmhbench.GetJNIBenchmark.getIntoByteArrayGetElements","sample",1,4212893,3766.629316,8.319690,"ns/op",1024,1,copyout,65536
"com.evolvedbinary.jnibench.jmhbench.GetJNIBenchmark.getIntoByteArrayGetElements:getIntoByteArrayGetElements·p0.00","sample",1,1,2872.000000,NaN,"ns/op",1024,1,copyout,65536
"com.evolvedbinary.jnibench.jmhbench.GetJNIBenchmark.getIntoByteArrayGetElements:getIntoByteArrayGetElements·p0.50","sample",1,1,3708.000000,NaN,"ns/op",1024,1,copyout,65536
"com.evolvedbinary.jnibench.jmhbench.GetJNIBenchmark.getIntoByteArrayGetElements:getIntoByteArrayGetElements·p0.90","sample",1,1,3872.000000,NaN,"ns/op",1024,1,copyout,65536
"com.evolvedbinary.jnibench.jmhbench.GetJNIBenchmark.getIntoByteArrayGetElements:getIntoByteArrayGetElements·p0.95","sample",1,1,3956.000000,NaN,"ns/op",1024,1,copyout,65536
"com.evolvedbinary.jnibench.jmhbench.GetJNIBenchmark.getIntoByteArrayGetElements:getIntoByteArrayGetElements·p0.99","sample",1,1,4416.000000,NaN,"ns/op",1024,1,copyout,65536
"com.evolvedbinary.jnibench.jmhbench.GetJNIBenchmark.getIntoByteArrayGetElements:getIntoByteArrayGetElements·p0.999","sample",1,1,8992.000000,NaN,"ns/op",1024,1,copyout,65536
"com.evolvedbinary.jnibench.jmhbench.GetJNIBenchmark.getIntoByteArrayGetElements:getIntoByteArrayGetElements·p0.9999","sample",1,1,23126.739200,NaN,"ns/op",1024,1,copyout,65536
"com.evolvedbinary.jnibench.jmhbench.GetJNIBenchmark.getIntoByteArrayGetElements:getIntoByteArrayGetElements·p1.00","sample",1,1,9519104.000000,NaN,"ns/op",1024,1,copyout,65536
"com.evolvedbinary.jnibench.jmhbench.GetJNIBenchmark.getIntoByteArraySetRegion","sample",1,4388704,240.301987,0.330727,"ns/op",1024,1,none,10
"com.evolvedbinary.jnibench.jmhbench.GetJNIBenchmark.getIntoByteArraySetRegion:getIntoByteArraySetRegion·p0.00","sample",1,1,42.000000,NaN,"ns/op",1024,1,none,10
"com.evolvedbinary.jnibench.jmhbench.GetJNIBenchmark.getIntoByteArraySetRegion:getIntoByteArraySetRegion·p0.50","sample",1,1,250.000000,NaN,"ns/op",1024,1,none,10
"com.evolvedbinary.jnibench.jmhbench.GetJNIBenchmark.getIntoByteArraySetRegion:getIntoByteArraySetRegion·p0.90","sample",1,1,250.000000,NaN,"ns/op",1024,1,none,10
"com.evolvedbinary.jnibench.jmhbench.GetJNIBenchmark.getIntoByteArraySetRegion:getIntoByteArraySetRegion·p0.95","sample",1,1,250.000000,NaN,"ns/op",1024,1,none,10
"com.evolvedbinary.jnibench.jmhbench.GetJNIBenchmark.getIntoByteArraySetRegion:getIntoByteArraySetRegion·p0.99","sample",1,1,250.000000,NaN,"ns/op",1024,1,none,10
"com.evolvedbinary.jnibench.jmhbench.GetJNIBenchmark.getIntoByteArraySetRegion:getIntoByteArraySetRegion·p0.999","sample",1,1,1500.000000,NaN,"ns/op",1024,1,none,10
"com.evolvedbinary.jnibench.jmhbench.GetJNIBenchmark.getIntoByteArraySetRegion:getIntoByteArraySetRegion·p0.9999","sample",1,1,7952.000000,NaN,"ns/op",1024,1,none,10
"com.evolvedbinary.jnibench.jmhbench.GetJNIBenchmark.getIntoByteArraySetRegion:getIntoByteArraySetRegion·p1.00","sample",1,1,86656.000000,NaN,"ns/op",1024,1,none,10
"com.evolvedbinary.jnibench.jmhbench.GetJNIBenchmark.getIntoByteArraySetRegion","sample",1,4353260,241.613554,1.378925,"ns/op",1024,1,none,50
"com.evolvedbinary.jnibench.jmhbench.GetJNIBenchmark.getIntoByteArraySetRegion:getIntoByteArraySetRegion·p0.00","sample",1,1,42.000000,NaN,"ns/op",1024,1,none,50
"com.evolvedbinary.jnibench.jmhbench.GetJNIBenchmark.getIntoByteArraySetRegion:getIntoByteArraySetRegion·p0.50","sample",1,1,250.000000,NaN,"ns/op",1024,1,none,50
"com.evolvedbinary.jnibench.jmhbench.GetJNIBenchmark.getIntoByteArraySetRegion:getIntoByteArraySetRegion·p0.90","sample",1,1,250.000000,NaN,"ns/op",1024,1,none,50
"com.evolvedbinary.jnibench.jmhbench.GetJNIBenchmark.getIntoByteArraySetRegion:getIntoByteArraySetRegion·p0.95","sample",1,1,250.000000,NaN,"ns/op",1024,1,none,50
"com.evolvedbinary.jnibench.jmhbench.GetJNIBenchmark.getIntoByteArraySetRegion:getIntoByteArraySetRegion·p0.99","sample",1,1,250.000000,NaN,"ns/op",1024,1,none,50
"com.evolvedbinary.jnibench.jmhbench.GetJNIBenchmark.getIntoByteArraySetRegion:getIntoByteArraySetRegion·p0.999","sample",1,1,1374.000000,NaN,"ns/op",1024,1,none,50
"com.evolvedbinary.jnibench.jmhbench.GetJNIBenchmark.getIntoByteArraySetRegion:getIntoByteArraySetRegion·p0.9999","sample",1,1,7416.000000,NaN,"ns/op",1024,1,none,50
"com.evolvedbinary.jnibench.jmhbench.GetJNIBenchmark.getIntoByteArraySetRegion:getIntoByteArraySetRegion·p1.00","sample",1,1,1740800.000000,NaN,"ns/op",1024,1,none,50
"com.evolvedbinary.jnibench.jmhbench.GetJNIBenchmark.getIntoByteArraySetRegion","sample",1,4290293,246.124453,0.991813,"ns/op",1024,1,none,512
"com.evolvedbinary.jnibench.jmhbench.GetJNIBenchmark.getIntoByteArraySetRegion:getIntoByteArraySetRegion·p0.00","sample",1,1,42.000000,NaN,"ns/op",1024,1,none,512
"com.evolvedbinary.jnibench.jmhbench.GetJNIBenchmark.getIntoByteArraySetRegion:getIntoByteArraySetRegion·p0.50","sample",1,1,250.000000,NaN,"ns/op",1024,1,none,512
"com.evolvedbinary.jnibench.jmhbench.GetJNIBenchmark.getIntoByteArraySetRegion:getIntoByteArraySetRegion·p0.90","sample",1,1,250.000000,NaN,"ns/op",1024,1,none,512
"com.evolvedbinary.jnibench.jmhbench.GetJNIBenchmark.getIntoByteArraySetRegion:getIntoByteArraySetRegion·p0.95","sample",1,1,250.000000,NaN,"ns/op",1024,1,none,512
"com.evolvedbinary.jnibench.jmhbench.GetJNIBenchmark.getIntoByteArraySetRegion:getIntoByteArraySetRegion·p0.99","sample",1,1,291.000000,NaN,"ns/op",1024,1,none,512
"com.evolvedbinary.jnibench.jmhbench.GetJNIBenchmark.getIntoByteArraySetRegion:getIntoByteArraySetRegion·p0.999","sample",1,1,1542.000000,NaN,"ns/op",1024,1,none,512
"com.evolvedbinary.jnibench.jmhbench.GetJNIBenchmark.getIntoByteArraySetRegion:getIntoByteArraySetRegion·p0.9999","sample",1,1,7872.000000,NaN,"ns/op",1024,1,none,512
"com.evolvedbinary.jnibench.jmhbench.GetJNIBenchmark.getIntoByteArraySetRegion:getIntoByteArraySetRegion·p1.00","sample",1,1,1179648.000000,NaN,"ns/op",1024,1,none,512
"com.evolvedbinary.jnibench.jmhbench.GetJNIBenchmark.getIntoByteArraySetRegion","sample",1,4162189,252.387636,0.494462,"ns/op",1024,1,none,1024
"com.evolvedbinary.jnibench.jmhbench.GetJNIBenchmark.getIntoByteArraySetRegion:getIntoByteArraySetRegion·p0.00","sample",1,1,41.000000,NaN,"ns/op",1024,1,none,1024
"com.evolvedbinary.jnibench.jmhbench.GetJNIBenchmark.getIntoByteArraySetRegion:getIntoByteArraySetRegion·p0.50","sample",1,1,250.000000,NaN,"ns/op",1024,1,none,1024
"com.evolvedbinary.jnibench.jmhbench.GetJNIBenchmark.getIntoByteArraySetRegion:getIntoByteArraySetRegion·p0.90","sample",1,1,250.000000,NaN,"ns/op",1024,1,none,1024
"com.evolvedbinary.jnibench.jmhbench.GetJNIBenchmark.getIntoByteArraySetRegion:getIntoByteArraySetRegion·p0.95","sample",1,1,250.000000,NaN,"ns/op",1024,1,none,1024
"com.evolvedbinary.jnibench.jmhbench.GetJNIBenchmark.getIntoByteArraySetRegion:getIntoByteArraySetRegion·p0.99","sample",1,1,292.000000,NaN,"ns/op",1024,1,none,1024
"com.evolvedbinary.jnibench.jmhbench.GetJNIBenchmark.getIntoByteArraySetRegion:getIntoByteArraySetRegion·p0.999","sample",1,1,1542.000000,NaN,"ns/op",1024,1,none,1024
"com.evolvedbinary.jnibench.jmhbench.GetJNIBenchmark.getIntoByteArraySetRegion:getIntoByteArraySetRegion·p0.9999","sample",1,1,7744.000000,NaN,"ns/op",1024,1,none,1024
"com.evolvedbinary.jnibench.jmhbench.GetJNIBenchmark.getIntoByteArraySetRegion:getIntoByteArraySetRegion·p1.00","sample",1,1,382464.000000,NaN,"ns/op",1024,1,none,1024
"com.evolvedbinary.jnibench.jmhbench.GetJNIBenchmark.getIntoByteArraySetRegion","sample",1,3075490,340.135834,1.677190,"ns/op",1024,1,none,4096
"com.evolvedbinary.jnibench.jmhbench.GetJNIBenchmark.getIntoByteArraySetRegion:getIntoByteArraySetRegion·p0.00","sample",1,1,41.000000,NaN,"ns/op",1024,1,none,4096
"com.evolvedbinary.jnibench.jmhbench.GetJNIBenchmark.getIntoByteArraySetRegion:getIntoByteArraySetRegion·p0.50","sample",1,1,292.000000,NaN,"ns/op",1024,1,none,4096
"com.evolvedbinary.jnibench.jmhbench.GetJNIBenchmark.getIntoByteArraySetRegion:getIntoByteArraySetRegion·p0.90","sample",1,1,417.000000,NaN,"ns/op",1024,1,none,4096
"com.evolvedbinary.jnibench.jmhbench.GetJNIBenchmark.getIntoByteArraySetRegion:getIntoByteArraySetRegion·p0.95","sample",1,1,458.000000,NaN,"ns/op",1024,1,none,4096
"com.evolvedbinary.jnibench.jmhbench.GetJNIBenchmark.getIntoByteArraySetRegion:getIntoByteArraySetRegion·p0.99","sample",1,1,500.000000,NaN,"ns/op",1024,1,none,4096
"com.evolvedbinary.jnibench.jmhbench.GetJNIBenchmark.getIntoByteArraySetRegion:getIntoByteArraySetRegion·p0.999","sample",1,1,2372.000000,NaN,"ns/op",1024,1,none,4096
"com.evolvedbinary.jnibench.jmhbench.GetJNIBenchmark.getIntoByteArraySetRegion:getIntoByteArraySetRegion·p0.9999","sample",1,1,10000.000000,NaN,"ns/op",1024,1,none,4096
"com.evolvedbinary.jnibench.jmhbench.GetJNIBenchmark.getIntoByteArraySetRegion:getIntoByteArraySetRegion·p1.00","sample",1,1,1497088.000000,NaN,"ns/op",1024,1,none,4096
"com.evolvedbinary.jnibench.jmhbench.GetJNIBenchmark.getIntoByteArraySetRegion","sample",1,3947361,918.685451,2.597134,"ns/op",1024,1,none,16384
"com.evolvedbinary.jnibench.jmhbench.GetJNIBenchmark.getIntoByteArraySetRegion:getIntoByteArraySetRegion·p0.00","sample",1,1,375.000000,NaN,"ns/op",1024,1,none,16384
"com.evolvedbinary.jnibench.jmhbench.GetJNIBenchmark.getIntoByteArraySetRegion:getIntoByteArraySetRegion·p0.50","sample",1,1,1000.000000,NaN,"ns/op",1024,1,none,16384
"com.evolvedbinary.jnibench.jmhbench.GetJNIBenchmark.getIntoByteArraySetRegion:getIntoByteArraySetRegion·p0.90","sample",1,1,1124.000000,NaN,"ns/op",1024,1,none,16384
"com.evolvedbinary.jnibench.jmhbench.GetJNIBenchmark.getIntoByteArraySetRegion:getIntoByteArraySetRegion·p0.95","sample",1,1,1166.000000,NaN,"ns/op",1024,1,none,16384
"com.evolvedbinary.jnibench.jmhbench.GetJNIBenchmark.getIntoByteArraySetRegion:getIntoByteArraySetRegion·p0.99","sample",1,1,1208.000000,NaN,"ns/op",1024,1,none,16384
"com.evolvedbinary.jnibench.jmhbench.GetJNIBenchmark.getIntoByteArraySetRegion:getIntoByteArraySetRegion·p0.999","sample",1,1,4160.000000,NaN,"ns/op",1024,1,none,16384
"com.evolvedbinary.jnibench.jmhbench.GetJNIBenchmark.getIntoByteArraySetRegion:getIntoByteArraySetRegion·p0.9999","sample",1,1,14784.000000,NaN,"ns/op",1024,1,none,16384
"com.evolvedbinary.jnibench.jmhbench.GetJNIBenchmark.getIntoByteArraySetRegion:getIntoByteArraySetRegion·p1.00","sample",1,1,1949696.000000,NaN,"ns/op",1024,1,none,16384
"com.evolvedbinary.jnibench.jmhbench.GetJNIBenchmark.getIntoByteArraySetRegion","sample",1,3752207,1320.956417,2.588031,"ns/op",1024,1,none,32768
"com.evolvedbinary.jnibench.jmhbench.GetJNIBenchmark.getIntoByteArraySetRegion:getIntoByteArraySetRegion·p0.00","sample",1,1,625.000000,NaN,"ns/op",1024,1,none,32768
"com.evolvedbinary.jnibench.jmhbench.GetJNIBenchmark.getIntoByteArraySetRegion:getIntoByteArraySetRegion·p0.50","sample",1,1,1624.000000,NaN,"ns/op",1024,1,none,32768
"com.evolvedbinary.jnibench.jmhbench.GetJNIBenchmark.getIntoByteArraySetRegion:getIntoByteArraySetRegion·p0.90","sample",1,1,1708.000000,NaN,"ns/op",1024,1,none,32768
"com.evolvedbinary.jnibench.jmhbench.GetJNIBenchmark.getIntoByteArraySetRegion:getIntoByteArraySetRegion·p0.95","sample",1,1,1708.000000,NaN,"ns/op",1024,1,none,32768
"com.evolvedbinary.jnibench.jmhbench.GetJNIBenchmark.getIntoByteArraySetRegion:getIntoByteArraySetRegion·p0.99","sample",1,1,1874.000000,NaN,"ns/op",1024,1,none,32768
"com.evolvedbinary.jnibench.jmhbench.GetJNIBenchmark.getIntoByteArraySetRegion:getIntoByteArraySetRegion·p0.999","sample",1,1,5000.000000,NaN,"ns/op",1024,1,none,32768
"com.evolvedbinary.jnibench.jmhbench.GetJNIBenchmark.getIntoByteArraySetRegion:getIntoByteArraySetRegion·p0.9999","sample",1,1,16416.000000,NaN,"ns/op",1024,1,none,32768
"com.evolvedbinary.jnibench.jmhbench.GetJNIBenchmark.getIntoByteArraySetRegion:getIntoByteArraySetRegion·p1.00","sample",1,1,1982464.000000,NaN,"ns/op",1024,1,none,32768
"com.evolvedbinary.jnibench.jmhbench.GetJNIBenchmark.getIntoByteArraySetRegion","sample",1,3220944,2091.759292,1.679638,"ns/op",1024,1,none,65536
"com.evolvedbinary.jnibench.jmhbench.GetJNIBenchmark.getIntoByteArraySetRegion:getIntoByteArraySetRegion·p0.00","sample",1,1,1166.000000,NaN,"ns/op",1024,1,none,65536
"com.evolvedbinary.jnibench.jmhbench.GetJNIBenchmark.getIntoByteArraySetRegion:getIntoByteArraySetRegion·p0.50","sample",1,1,1624.000000,NaN,"ns/op",1024,1,none,65536
"com.evolvedbinary.jnibench.jmhbench.GetJNIBenchmark.getIntoByteArraySetRegion:getIntoByteArraySetRegion·p0.90","sample",1,1,2956.000000,NaN,"ns/op",1024,1,none,65536
"com.evolvedbinary.jnibench.jmhbench.GetJNIBenchmark.getIntoByteArraySetRegion:getIntoByteArraySetRegion·p0.95","sample",1,1,2956.000000,NaN,"ns/op",1024,1,none,65536
"com.evolvedbinary.jnibench.jmhbench.GetJNIBenchmark.getIntoByteArraySetRegion:getIntoByteArraySetRegion·p0.99","sample",1,1,3164.000000,NaN,"ns/op",1024,1,none,65536
"com.evolvedbinary.jnibench.jmhbench.GetJNIBenchmark.getIntoByteArraySetRegion:getIntoByteArraySetRegion·p0.999","sample",1,1,7328.000000,NaN,"ns/op",1024,1,none,65536
"com.evolvedbinary.jnibench.jmhbench.GetJNIBenchmark.getIntoByteArraySetRegion:getIntoByteArraySetRegion·p0.9999","sample",1,1,21536.000000,NaN,"ns/op",1024,1,none,65536
"com.evolvedbinary.jnibench.jmhbench.GetJNIBenchmark.getIntoByteArraySetRegion:getIntoByteArraySetRegion·p1.00","sample",1,1,393728.000000,NaN,"ns/op",1024,1,none,65536
"com.evolvedbinary.jnibench.jmhbench.GetJNIBenchmark.getIntoByteArraySetRegion","sample",1,4126707,254.849466,1.406065,"ns/op",1024,1,copyout,10
"com.evolvedbinary.jnibench.jmhbench.GetJNIBenchmark.getIntoByteArraySetRegion:getIntoByteArraySetRegion·p0.00","sample",1,1,41.000000,NaN,"ns/op",1024,1,copyout,10
"com.evolvedbinary.jnibench.jmhbench.GetJNIBenchmark.getIntoByteArraySetRegion:getIntoByteArraySetRegion·p0.50","sample",1,1,250.000000,NaN,"ns/op",1024,1,copyout,10
"com.evolvedbinary.jnibench.jmhbench.GetJNIBenchmark.getIntoByteArraySetRegion:getIntoByteArraySetRegion·p0.90","sample",1,1,250.000000,NaN,"ns/op",1024,1,copyout,10
"com.evolvedbinary.jnibench.jmhbench.GetJNIBenchmark.getIntoByteArraySetRegion:getIntoByteArraySetRegion·p0.95","sample",1,1,291.000000,NaN,"ns/op",1024,1,copyout,10
"com.evolvedbinary.jnibench.jmhbench.GetJNIBenchmark.getIntoByteArraySetRegion:getIntoByteArraySetRegion·p0.99","sample",1,1,375.000000,NaN,"ns/op",1024,1,copyout,10
"com.evolvedbinary.jnibench.jmhbench.GetJNIBenchmark.getIntoByteArraySetRegion:getIntoByteArraySetRegion·p0.999","sample",1,1,2416.000000,NaN,"ns/op",1024,1,copyout,10
"com.evolvedbinary.jnibench.jmhbench.GetJNIBenchmark.getIntoByteArraySetRegion:getIntoByteArraySetRegion·p0.9999","sample",1,1,9616.000000,NaN,"ns/op",1024,1,copyout,10
"com.evolvedbinary.jnibench.jmhbench.GetJNIBenchmark.getIntoByteArraySetRegion:getIntoByteArraySetRegion·p1.00","sample",1,1,1658880.000000,NaN,"ns/op",1024,1,copyout,10
"com.evolvedbinary.jnibench.jmhbench.GetJNIBenchmark.getIntoByteArraySetRegion","sample",1,4100832,257.916169,1.824837,"ns/op",1024,1,copyout,50
"com.evolvedbinary.jnibench.jmhbench.GetJNIBenchmark.getIntoByteArraySetRegion:getIntoByteArraySetRegion·p0.00","sample",1,1,41.000000,NaN,"ns/op",1024,1,copyout,50
"com.evolvedbinary.jnibench.jmhbench.GetJNIBenchmark.getIntoByteArraySetRegion:getIntoByteArraySetRegion·p0.50","sample",1,1,250.000000,NaN,"ns/op",1024,1,copyout,50
"com.evolvedbinary.jnibench.jmhbench.GetJNIBenchmark.getIntoByteArraySetRegion:getIntoByteArraySetRegion·p0.90","sample",1,1,250.000000,NaN,"ns/op",1024,1,copyout,50
"com.evolvedbinary.jnibench.jmhbench.GetJNIBenchmark.getIntoByteArraySetRegion:getIntoByteArraySetRegion·p0.95","sample",1,1,291.000000,NaN,"ns/op",1024,1,copyout,50
"com.evolvedbinary.jnibench.jmhbench.GetJNIBenchmark.getIntoByteArraySetRegion:getIntoByteArraySetRegion·p0.99","sample",1,1,375.000000,NaN,"ns/op",1024,1,copyout,50
"com.evolvedbinary.jnibench.jmhbench.GetJNIBenchmark.getIntoByteArraySetRegion:getIntoByteArraySetRegion·p0.999","sample",1,1,2080.000000,NaN,"ns/op",1024,1,copyout,50
"com.evolvedbinary.jnibench.jmhbench.GetJNIBenchmark.getIntoByteArraySetRegion:getIntoByteArraySetRegion·p0.9999","sample",1,1,10368.000000,NaN,"ns/op",1024,1,copyout,50
"com.evolvedbinary.jnibench.jmhbench.GetJNIBenchmark.getIntoByteArraySetRegion:getIntoByteArraySetRegion·p1.00","sample",1,1,1536000.000000,NaN,"ns/op",1024,1,copyout,50
"com.evolvedbinary.jnibench.jmhbench.GetJNIBenchmark.getIntoByteArraySetRegion","sample",1,3576141,294.594481,0.636783,"ns/op",1024,1,copyout,512
"com.evolvedbinary.jnibench.jmhbench.GetJNIBenchmark.getIntoByteArraySetRegion:getIntoByteArraySetRegion·p0.00","sample",1,1,41.000000,NaN,"ns/op",1024,1,copyout,512
"com.evolvedbinary.jnibench.jmhbench.GetJNIBenchmark.getIntoByteArraySetRegion:getIntoByteArraySetRegion·p0.50","sample",1,1,250.000000,NaN,"ns/op",1024,1,copyout,512
"com.evolvedbinary.jnibench.jmhbench.GetJNIBenchmark.getIntoByteArraySetRegion:getIntoByteArraySetRegion·p0.90","sample",1,1,375.000000,NaN,"ns/op",1024,1,copyout,512
"com.evolvedbinary.jnibench.jmhbench.GetJNIBenchmark.getIntoByteArraySetRegion:getIntoByteArraySetRegion·p0.95","sample",1,1,500.000000,NaN,"ns/op",1024,1,copyout,512
"com.evolvedbinary.jnibench.jmhbench.GetJNIBenchmark.getIntoByteArraySetRegion:getIntoByteArraySetRegion·p0.99","sample",1,1,792.000000,NaN,"ns/op",1024,1,copyout,512
"com.evolvedbinary.jnibench.jmhbench.GetJNIBenchmark.getIntoByteArraySetRegion:getIntoByteArraySetRegion·p0.999","sample",1,1,3500.000000,NaN,"ns/op",1024,1,copyout,512
"com.evolvedbinary.jnibench.jmhbench.GetJNIBenchmark.getIntoByteArraySetRegion:getIntoByteArraySetRegion·p0.9999","sample",1,1,11506.518400,NaN,"ns/op",1024,1,copyout,512
"com.evolvedbinary.jnibench.jmhbench.GetJNIBenchmark.getIntoByteArraySetRegion:getIntoByteArraySetRegion·p1.00","sample",1,1,299008.000000,NaN,"ns/op",1024,1,copyout,512
"com.evolvedbinary.jnibench.jmhbench.GetJNIBenchmark.getIntoByteArraySetRegion","sample",1,3435419,306.608146,3.609779,"ns/op",1024,1,copyout,1024
"com.evolvedbinary.jnibench.jmhbench.GetJNIBenchmark.getIntoByteArraySetRegion:getIntoByteArraySetRegion·p0.00","sample",1,1,41.000000,NaN,"ns/op",1024,1,copyout,1024
"com.evolvedbinary.jnibench.jmhbench.GetJNIBenchmark.getIntoByteArraySetRegion:getIntoByteArraySetRegion·p0.50","sample",1,1,291.000000,NaN,"ns/op",1024,1,copyout,1024
"com.evolvedbinary.jnibench.jmhbench.GetJNIBenchmark.getIntoByteArraySetRegion:getIntoByteArraySetRegion·p0.90","sample",1,1,375.000000,NaN,"ns/op",1024,1,copyout,1024
"com.evolvedbinary.jnibench.jmhbench.GetJNIBenchmark.getIntoByteArraySetRegion:getIntoByteArraySetRegion·p0.95","sample",1,1,500.000000,NaN,"ns/op",1024,1,copyout,1024
"com.evolvedbinary.jnibench.jmhbench.GetJNIBenchmark.getIntoByteArraySetRegion:getIntoByteArraySetRegion·p0.99","sample",1,1,833.000000,NaN,"ns/op",1024,1,copyout,1024
"com.evolvedbinary.jnibench.jmhbench.GetJNIBenchmark.getIntoByteArraySetRegion:getIntoByteArraySetRegion·p0.999","sample",1,1,2500.000000,NaN,"ns/op",1024,1,copyout,1024
"com.evolvedbinary.jnibench.jmhbench.GetJNIBenchmark.getIntoByteArraySetRegion:getIntoByteArraySetRegion·p0.9999","sample",1,1,10496.000000,NaN,"ns/op",1024,1,copyout,1024
"com.evolvedbinary.jnibench.jmhbench.GetJNIBenchmark.getIntoByteArraySetRegion:getIntoByteArraySetRegion·p1.00","sample",1,1,2334720.000000,NaN,"ns/op",1024,1,copyout,1024
"com.evolvedbinary.jnibench.jmhbench.GetJNIBenchmark.getIntoByteArraySetRegion","sample",1,3606291,422.286479,0.509204,"ns/op",1024,1,copyout,4096
"com.evolvedbinary.jnibench.jmhbench.GetJNIBenchmark.getIntoByteArraySetRegion:getIntoByteArraySetRegion·p0.00","sample",1,1,41.000000,NaN,"ns/op",1024,1,copyout,4096
"com.evolvedbinary.jnibench.jmhbench.GetJNIBenchmark.getIntoByteArraySetRegion:getIntoByteArraySetRegion·p0.50","sample",1,1,375.000000,NaN,"ns/op",1024,1,copyout,4096
"com.evolvedbinary.jnibench.jmhbench.GetJNIBenchmark.getIntoByteArraySetRegion:getIntoByteArraySetRegion·p0.90","sample",1,1,500.000000,NaN,"ns/op",1024,1,copyout,4096
"com.evolvedbinary.jnibench.jmhbench.GetJNIBenchmark.getIntoByteArraySetRegion:getIntoByteArraySetRegion·p0.95","sample",1,1,542.000000,NaN,"ns/op",1024,1,copyout,4096
"com.evolvedbinary.jnibench.jmhbench.GetJNIBenchmark.getIntoByteArraySetRegion:getIntoByteArraySetRegion·p0.99","sample",1,1,750.000000,NaN,"ns/op",1024,1,copyout,4096
"com.evolvedbinary.jnibench.jmhbench.GetJNIBenchmark.getIntoByteArraySetRegion:getIntoByteArraySetRegion·p0.999","sample",1,1,2708.000000,NaN,"ns/op",1024,1,copyout,4096
"com.evolvedbinary.jnibench.jmhbench.GetJNIBenchmark.getIntoByteArraySetRegion:getIntoByteArraySetRegion·p0.9999","sample",1,1,11969.798400,NaN,"ns/op",1024,1,copyout,4096
"com.evolvedbinary.jnibench.jmhbench.GetJNIBenchmark.getIntoByteArraySetRegion:getIntoByteArraySetRegion·p1.00","sample",1,1,60480.000000,NaN,"ns/op",1024,1,copyout,4096
"com.evolvedbinary.jnibench.jmhbench.GetJNIBenchmark.getIntoByteArraySetRegion","sample",1,3826880,842.234350,0.611947,"ns/op",1024,1,copyout,16384
"com.evolvedbinary.jnibench.jmhbench.GetJNIBenchmark.getIntoByteArraySetRegion:getIntoByteArraySetRegion·p0.00","sample",1,1,333.000000,NaN,"ns/op",1024,1,copyout,16384
"com.evolvedbinary.jnibench.jmhbench.GetJNIBenchmark.getIntoByteArraySetRegion:getIntoByteArraySetRegion·p0.50","sample",1,1,833.000000,NaN,"ns/op",1024,1,copyout,16384
"com.evolvedbinary.jnibench.jmhbench.GetJNIBenchmark.getIntoByteArraySetRegion:getIntoByteArraySetRegion·p0.90","sample",1,1,958.000000,NaN,"ns/op",1024,1,copyout,16384
"com.evolvedbinary.jnibench.jmhbench.GetJNIBenchmark.getIntoByteArraySetRegion:getIntoByteArraySetRegion·p0.95","sample",1,1,1000.000000,NaN,"ns/op",1024,1,copyout,16384
"com.evolvedbinary.jnibench.jmhbench.GetJNIBenchmark.getIntoByteArraySetRegion:getIntoByteArraySetRegion·p0.99","sample",1,1,1166.000000,NaN,"ns/op",1024,1,copyout,16384
"com.evolvedbinary.jnibench.jmhbench.GetJNIBenchmark.getIntoByteArraySetRegion:getIntoByteArraySetRegion·p0.999","sample",1,1,4000.000000,NaN,"ns/op",1024,1,copyout,16384
"com.evolvedbinary.jnibench.jmhbench.GetJNIBenchmark.getIntoByteArraySetRegion:getIntoByteArraySetRegion·p0.9999","sample",1,1,14009.980800,NaN,"ns/op",1024,1,copyout,16384
"com.evolvedbinary.jnibench.jmhbench.GetJNIBenchmark.getIntoByteArraySetRegion:getIntoByteArraySetRegion·p1.00","sample",1,1,172288.000000,NaN,"ns/op",1024,1,copyout,16384
"com.evolvedbinary.jnibench.jmhbench.GetJNIBenchmark.getIntoByteArraySetRegion","sample",1,3096763,1308.780957,3.488211,"ns/op",1024,1,copyout,32768
"com.evolvedbinary.jnibench.jmhbench.GetJNIBenchmark.getIntoByteArraySetRegion:getIntoByteArraySetRegion·p0.00","sample",1,1,791.000000,NaN,"ns/op",1024,1,copyout,32768
"com.evolvedbinary.jnibench.jmhbench.GetJNIBenchmark.getIntoByteArraySetRegion:getIntoByteArraySetRegion·p0.50","sample",1,1,1292.000000,NaN,"ns/op",1024,1,copyout,32768
"com.evolvedbinary.jnibench.jmhbench.GetJNIBenchmark.getIntoByteArraySetRegion:getIntoByteArraySetRegion·p0.90","sample",1,1,1416.000000,NaN,"ns/op",1024,1,copyout,32768
"com.evolvedbinary.jnibench.jmhbench.GetJNIBenchmark.getIntoByteArraySetRegion:getIntoByteArraySetRegion·p0.95","sample",1,1,1500.000000,NaN,"ns/op",1024,1,copyout,32768
"com.evolvedbinary.jnibench.jmhbench.GetJNIBenchmark.getIntoByteArraySetRegion:getIntoByteArraySetRegion·p0.99","sample",1,1,1708.000000,NaN,"ns/op",1024,1,copyout,32768
"com.evolvedbinary.jnibench.jmhbench.GetJNIBenchmark.getIntoByteArraySetRegion:getIntoByteArraySetRegion·p0.999","sample",1,1,5872.000000,NaN,"ns/op",1024,1,copyout,32768
"com.evolvedbinary.jnibench.jmhbench.GetJNIBenchmark.getIntoByteArraySetRegion:getIntoByteArraySetRegion·p0.9999","sample",1,1,18688.000000,NaN,"ns/op",1024,1,copyout,32768
"com.evolvedbinary.jnibench.jmhbench.GetJNIBenchmark.getIntoByteArraySetRegion:getIntoByteArraySetRegion·p1.00","sample",1,1,2035712.000000,NaN,"ns/op",1024,1,copyout,32768
"com.evolvedbinary.jnibench.jmhbench.GetJNIBenchmark.getIntoByteArraySetRegion","sample",1,3308211,2425.428946,2.741594,"ns/op",1024,1,copyout,65536
"com.evolvedbinary.jnibench.jmhbench.GetJNIBenchmark.getIntoByteArraySetRegion:getIntoByteArraySetRegion·p0.00","sample",1,1,2000.000000,NaN,"ns/op",1024,1,copyout,65536
"com.evolvedbinary.jnibench.jmhbench.GetJNIBenchmark.getIntoByteArraySetRegion:getIntoByteArraySetRegion·p0.50","sample",1,1,2372.000000,NaN,"ns/op",1024,1,copyout,65536
"com.evolvedbinary.jnibench.jmhbench.GetJNIBenchmark.getIntoByteArraySetRegion:getIntoByteArraySetRegion·p0.90","sample",1,1,2580.000000,NaN,"ns/op",1024,1,copyout,65536
"com.evolvedbinary.jnibench.jmhbench.GetJNIBenchmark.getIntoByteArraySetRegion:getIntoByteArraySetRegion·p0.95","sample",1,1,2624.000000,NaN,"ns/op",1024,1,copyout,65536
"com.evolvedbinary.jnibench.jmhbench.GetJNIBenchmark.getIntoByteArraySetRegion:getIntoByteArraySetRegion·p0.99","sample",1,1,2832.000000,NaN,"ns/op",1024,1,copyout,65536
"com.evolvedbinary.jnibench.jmhbench.GetJNIBenchmark.getIntoByteArraySetRegion:getIntoByteArraySetRegion·p0.999","sample",1,1,7248.000000,NaN,"ns/op",1024,1,copyout,65536
"com.evolvedbinary.jnibench.jmhbench.GetJNIBenchmark.getIntoByteArraySetRegion:getIntoByteArraySetRegion·p0.9999","sample",1,1,23237.721600,NaN,"ns/op",1024,1,copyout,65536
"com.evolvedbinary.jnibench.jmhbench.GetJNIBenchmark.getIntoByteArraySetRegion:getIntoByteArraySetRegion·p1.00","sample",1,1,1628160.000000,NaN,"ns/op",1024,1,copyout,65536
"com.evolvedbinary.jnibench.jmhbench.GetJNIBenchmark.getIntoDirectByteBuffer","sample",1,3362822,311.541236,0.599069,"ns/op",1024,1,none,10
"com.evolvedbinary.jnibench.jmhbench.GetJNIBenchmark.getIntoDirectByteBuffer:getIntoDirectByteBuffer·p0.00","sample",1,1,41.000000,NaN,"ns/op",1024,1,none,10
"com.evolvedbinary.jnibench.jmhbench.GetJNIBenchmark.getIntoDirectByteBuffer:getIntoDirectByteBuffer·p0.50","sample",1,1,292.000000,NaN,"ns/op",1024,1,none,10
"com.evolvedbinary.jnibench.jmhbench.GetJNIBenchmark.getIntoDirectByteBuffer:getIntoDirectByteBuffer·p0.90","sample",1,1,333.000000,NaN,"ns/op",1024,1,none,10
"com.evolvedbinary.jnibench.jmhbench.GetJNIBenchmark.getIntoDirectByteBuffer:getIntoDirectByteBuffer·p0.95","sample",1,1,334.000000,NaN,"ns/op",1024,1,none,10
"com.evolvedbinary.jnibench.jmhbench.GetJNIBenchmark.getIntoDirectByteBuffer:getIntoDirectByteBuffer·p0.99","sample",1,1,334.000000,NaN,"ns/op",1024,1,none,10
"com.evolvedbinary.jnibench.jmhbench.GetJNIBenchmark.getIntoDirectByteBuffer:getIntoDirectByteBuffer·p0.999","sample",1,1,2292.000000,NaN,"ns/op",1024,1,none,10
"com.evolvedbinary.jnibench.jmhbench.GetJNIBenchmark.getIntoDirectByteBuffer:getIntoDirectByteBuffer·p0.9999","sample",1,1,12112.000000,NaN,"ns/op",1024,1,none,10
"com.evolvedbinary.jnibench.jmhbench.GetJNIBenchmark.getIntoDirectByteBuffer:getIntoDirectByteBuffer·p1.00","sample",1,1,254720.000000,NaN,"ns/op",1024,1,none,10
"com.evolvedbinary.jnibench.jmhbench.GetJNIBenchmark.getIntoDirectByteBuffer","sample",1,3333607,315.532958,0.871519,"ns/op",1024,1,none,50
"com.evolvedbinary.jnibench.jmhbench.GetJNIBenchmark.getIntoDirectByteBuffer:getIntoDirectByteBuffer·p0.00","sample",1,1,41.000000,NaN,"ns/op",1024,1,none,50
"com.evolvedbinary.jnibench.jmhbench.GetJNIBenchmark.getIntoDirectByteBuffer:getIntoDirectByteBuffer·p0.50","sample",1,1,292.000000,NaN,"ns/op",1024,1,none,50
"com.evolvedbinary.jnibench.jmhbench.GetJNIBenchmark.getIntoDirectByteBuffer:getIntoDirectByteBuffer·p0.90","sample",1,1,334.000000,NaN,"ns/op",1024,1,none,50
"com.evolvedbinary.jnibench.jmhbench.GetJNIBenchmark.getIntoDirectByteBuffer:getIntoDirectByteBuffer·p0.95","sample",1,1,334.000000,NaN,"ns/op",1024,1,none,50
"com.evolvedbinary.jnibench.jmhbench.GetJNIBenchmark.getIntoDirectByteBuffer:getIntoDirectByteBuffer·p0.99","sample",1,1,375.000000,NaN,"ns/op",1024,1,none,50
"com.evolvedbinary.jnibench.jmhbench.GetJNIBenchmark.getIntoDirectByteBuffer:getIntoDirectByteBuffer·p0.999","sample",1,1,2292.000000,NaN,"ns/op",1024,1,none,50
"com.evolvedbinary.jnibench.jmhbench.GetJNIBenchmark.getIntoDirectByteBuffer:getIntoDirectByteBuffer·p0.9999","sample",1,1,11872.000000,NaN,"ns/op",1024,1,none,50
"com.evolvedbinary.jnibench.jmhbench.GetJNIBenchmark.getIntoDirectByteBuffer:getIntoDirectByteBuffer·p1.00","sample",1,1,678912.000000,NaN,"ns/op",1024,1,none,50
"com.evolvedbinary.jnibench.jmhbench.GetJNIBenchmark.getIntoDirectByteBuffer","sample",1,3290640,318.657954,2.425645,"ns/op",1024,1,none,512
"com.evolvedbinary.jnibench.jmhbench.GetJNIBenchmark.getIntoDirectByteBuffer:getIntoDirectByteBuffer·p0.00","sample",1,1,41.000000,NaN,"ns/op",1024,1,none,512
"com.evolvedbinary.jnibench.jmhbench.GetJNIBenchmark.getIntoDirectByteBuffer:getIntoDirectByteBuffer·p0.50","sample",1,1,292.000000,NaN,"ns/op",1024,1,none,512
"com.evolvedbinary.jnibench.jmhbench.GetJNIBenchmark.getIntoDirectByteBuffer:getIntoDirectByteBuffer·p0.90","sample",1,1,334.000000,NaN,"ns/op",1024,1,none,512
"com.evolvedbinary.jnibench.jmhbench.GetJNIBenchmark.getIntoDirectByteBuffer:getIntoDirectByteBuffer·p0.95","sample",1,1,334.000000,NaN,"ns/op",1024,1,none,512
"com.evolvedbinary.jnibench.jmhbench.GetJNIBenchmark.getIntoDirectByteBuffer:getIntoDirectByteBuffer·p0.99","sample",1,1,375.000000,NaN,"ns/op",1024,1,none,512
"com.evolvedbinary.jnibench.jmhbench.GetJNIBenchmark.getIntoDirectByteBuffer:getIntoDirectByteBuffer·p0.999","sample",1,1,2164.000000,NaN,"ns/op",1024,1,none,512
"com.evolvedbinary.jnibench.jmhbench.GetJNIBenchmark.getIntoDirectByteBuffer:getIntoDirectByteBuffer·p0.9999","sample",1,1,10624.000000,NaN,"ns/op",1024,1,none,512
"com.evolvedbinary.jnibench.jmhbench.GetJNIBenchmark.getIntoDirectByteBuffer:getIntoDirectByteBuffer·p1.00","sample",1,1,1703936.000000,NaN,"ns/op",1024,1,none,512
"com.evolvedbinary.jnibench.jmhbench.GetJNIBenchmark.getIntoDirectByteBuffer","sample",1,3240235,321.529827,0.508842,"ns/op",1024,1,none,1024
"com.evolvedbinary.jnibench.jmhbench.GetJNIBenchmark.getIntoDirectByteBuffer:getIntoDirectByteBuffer·p0.00","sample",1,1,42.000000,NaN,"ns/op",1024,1,none,1024
"com.evolvedbinary.jnibench.jmhbench.GetJNIBenchmark.getIntoDirectByteBuffer:getIntoDirectByteBuffer·p0.50","sample",1,1,333.000000,NaN,"ns/op",1024,1,none,1024
"com.evolvedbinary.jnibench.jmhbench.GetJNIBenchmark.getIntoDirectByteBuffer:getIntoDirectByteBuffer·p0.90","sample",1,1,334.000000,NaN,"ns/op",1024,1,none,1024
"com.evolvedbinary.jnibench.jmhbench.GetJNIBenchmark.getIntoDirectByteBuffer:getIntoDirectByteBuffer·p0.95","sample",1,1,334.000000,NaN,"ns/op",1024,1,none,1024
"com.evolvedbinary.jnibench.jmhbench.GetJNIBenchmark.getIntoDirectByteBuffer:getIntoDirectByteBuffer·p0.99","sample",1,1,375.000000,NaN,"ns/op",1024,1,none,1024
"com.evolvedbinary.jnibench.jmhbench.GetJNIBenchmark.getIntoDirectByteBuffer:getIntoDirectByteBuffer·p0.999","sample",1,1,2208.000000,NaN,"ns/op",1024,1,none,1024
"com.evolvedbinary.jnibench.jmhbench.GetJNIBenchmark.getIntoDirectByteBuffer:getIntoDirectByteBuffer·p0.9999","sample",1,1,10782.867200,NaN,"ns/op",1024,1,none,1024
"com.evolvedbinary.jnibench.jmhbench.GetJNIBenchmark.getIntoDirectByteBuffer:getIntoDirectByteBuffer·p1.00","sample",1,1,179712.000000,NaN,"ns/op",1024,1,none,1024
"com.evolvedbinary.jnibench.jmhbench.GetJNIBenchmark.getIntoDirectByteBuffer","sample",1,3197515,410.031760,1.854975,"ns/op",1024,1,none,4096
"com.evolvedbinary.jnibench.jmhbench.GetJNIBenchmark.getIntoDirectByteBuffer:getIntoDirectByteBuffer·p0.00","sample",1,1,42.000000,NaN,"ns/op",1024,1,none,4096
"com.evolvedbinary.jnibench.jmhbench.GetJNIBenchmark.getIntoDirectByteBuffer:getIntoDirectByteBuffer·p0.50","sample",1,1,375.000000,NaN,"ns/op",1024,1,none,4096
"com.evolvedbinary.jnibench.jmhbench.GetJNIBenchmark.getIntoDirectByteBuffer:getIntoDirectByteBuffer·p0.90","sample",1,1,500.000000,NaN,"ns/op",1024,1,none,4096
"com.evolvedbinary.jnibench.jmhbench.GetJNIBenchmark.getIntoDirectByteBuffer:getIntoDirectByteBuffer·p0.95","sample",1,1,541.000000,NaN,"ns/op",1024,1,none,4096
"com.evolvedbinary.jnibench.jmhbench.GetJNIBenchmark.getIntoDirectByteBuffer:getIntoDirectByteBuffer·p0.99","sample",1,1,542.000000,NaN,"ns/op",1024,1,none,4096
"com.evolvedbinary.jnibench.jmhbench.GetJNIBenchmark.getIntoDirectByteBuffer:getIntoDirectByteBuffer·p0.999","sample",1,1,2664.000000,NaN,"ns/op",1024,1,none,4096
"com.evolvedbinary.jnibench.jmhbench.GetJNIBenchmark.getIntoDirectByteBuffer:getIntoDirectByteBuffer·p0.9999","sample",1,1,11696.000000,NaN,"ns/op",1024,1,none,4096
"com.evolvedbinary.jnibench.jmhbench.GetJNIBenchmark.getIntoDirectByteBuffer:getIntoDirectByteBuffer·p1.00","sample",1,1,1550336.000000,NaN,"ns/op",1024,1,none,4096
"com.evolvedbinary.jnibench.jmhbench.GetJNIBenchmark.getIntoDirectByteBuffer","sample",1,3692264,834.906198,3.001751,"ns/op",1024,1,none,16384
"com.evolvedbinary.jnibench.jmhbench.GetJNIBenchmark.getIntoDirectByteBuffer:getIntoDirectByteBuffer·p0.00","sample",1,1,417.000000,NaN,"ns/op",1024,1,none,16384
"com.evolvedbinary.jnibench.jmhbench.GetJNIBenchmark.getIntoDirectByteBuffer:getIntoDirectByteBuffer·p0.50","sample",1,1,667.000000,NaN,"ns/op",1024,1,none,16384
"com.evolvedbinary.jnibench.jmhbench.GetJNIBenchmark.getIntoDirectByteBuffer:getIntoDirectByteBuffer·p0.90","sample",1,1,1084.000000,NaN,"ns/op",1024,1,none,16384
"com.evolvedbinary.jnibench.jmhbench.GetJNIBenchmark.getIntoDirectByteBuffer:getIntoDirectByteBuffer·p0.95","sample",1,1,1124.000000,NaN,"ns/op",1024,1,none,16384
"com.evolvedbinary.jnibench.jmhbench.GetJNIBenchmark.getIntoDirectByteBuffer:getIntoDirectByteBuffer·p0.99","sample",1,1,1166.000000,NaN,"ns/op",1024,1,none,16384
"com.evolvedbinary.jnibench.jmhbench.GetJNIBenchmark.getIntoDirectByteBuffer:getIntoDirectByteBuffer·p0.999","sample",1,1,3956.000000,NaN,"ns/op",1024,1,none,16384
"com.evolvedbinary.jnibench.jmhbench.GetJNIBenchmark.getIntoDirectByteBuffer:getIntoDirectByteBuffer·p0.9999","sample",1,1,13941.128000,NaN,"ns/op",1024,1,none,16384
"com.evolvedbinary.jnibench.jmhbench.GetJNIBenchmark.getIntoDirectByteBuffer:getIntoDirectByteBuffer·p1.00","sample",1,1,2883584.000000,NaN,"ns/op",1024,1,none,16384
"com.evolvedbinary.jnibench.jmhbench.GetJNIBenchmark.getIntoDirectByteBuffer","sample",1,3157424,1425.234141,9.352430,"ns/op",1024,1,none,32768
"com.evolvedbinary.jnibench.jmhbench.GetJNIBenchmark.getIntoDirectByteBuffer:getIntoDirectByteBuffer·p0.00","sample",1,1,709.000000,NaN,"ns/op",1024,1,none,32768
"com.evolvedbinary.jnibench.jmhbench.GetJNIBenchmark.getIntoDirectByteBuffer:getIntoDirectByteBuffer·p0.50","sample",1,1,1708.000000,NaN,"ns/op",1024,1,none,32768
"com.evolvedbinary.jnibench.jmhbench.GetJNIBenchmark.getIntoDirectByteBuffer:getIntoDirectByteBuffer·p0.90","sample",1,1,1750.000000,NaN,"ns/op",1024,1,none,32768
"com.evolvedbinary.jnibench.jmhbench.GetJNIBenchmark.getIntoDirectByteBuffer:getIntoDirectByteBuffer·p0.95","sample",1,1,1750.000000,NaN,"ns/op",1024,1,none,32768
"com.evolvedbinary.jnibench.jmhbench.GetJNIBenchmark.getIntoDirectByteBuffer:getIntoDirectByteBuffer·p0.99","sample",1,1,1916.000000,NaN,"ns/op",1024,1,none,32768
"com.evolvedbinary.jnibench.jmhbench.GetJNIBenchmark.getIntoDirectByteBuffer:getIntoDirectByteBuffer·p0.999","sample",1,1,5576.000000,NaN,"ns/op",1024,1,none,32768
"com.evolvedbinary.jnibench.jmhbench.GetJNIBenchmark.getIntoDirectByteBuffer:getIntoDirectByteBuffer·p0.9999","sample",1,1,18784.000000,NaN,"ns/op",1024,1,none,32768
"com.evolvedbinary.jnibench.jmhbench.GetJNIBenchmark.getIntoDirectByteBuffer:getIntoDirectByteBuffer·p1.00","sample",1,1,6373376.000000,NaN,"ns/op",1024,1,none,32768
"com.evolvedbinary.jnibench.jmhbench.GetJNIBenchmark.getIntoDirectByteBuffer","sample",1,3352368,2330.098952,1.587577,"ns/op",1024,1,none,65536
"com.evolvedbinary.jnibench.jmhbench.GetJNIBenchmark.getIntoDirectByteBuffer:getIntoDirectByteBuffer·p0.00","sample",1,1,1208.000000,NaN,"ns/op",1024,1,none,65536
"com.evolvedbinary.jnibench.jmhbench.GetJNIBenchmark.getIntoDirectByteBuffer:getIntoDirectByteBuffer·p0.50","sample",1,1,2956.000000,NaN,"ns/op",1024,1,none,65536
"com.evolvedbinary.jnibench.jmhbench.GetJNIBenchmark.getIntoDirectByteBuffer:getIntoDirectByteBuffer·p0.90","sample",1,1,3040.000000,NaN,"ns/op",1024,1,none,65536
"com.evolvedbinary.jnibench.jmhbench.GetJNIBenchmark.getIntoDirectByteBuffer:getIntoDirectByteBuffer·p0.95","sample",1,1,3040.000000,NaN,"ns/op",1024,1,none,65536
"com.evolvedbinary.jnibench.jmhbench.GetJNIBenchmark.getIntoDirectByteBuffer:getIntoDirectByteBuffer·p0.99","sample",1,1,3208.000000,NaN,"ns/op",1024,1,none,65536
"com.evolvedbinary.jnibench.jmhbench.GetJNIBenchmark.getIntoDirectByteBuffer:getIntoDirectByteBuffer·p0.999","sample",1,1,7872.000000,NaN,"ns/op",1024,1,none,65536
"com.evolvedbinary.jnibench.jmhbench.GetJNIBenchmark.getIntoDirectByteBuffer:getIntoDirectByteBuffer·p0.9999","sample",1,1,20832.000000,NaN,"ns/op",1024,1,none,65536
"com.evolvedbinary.jnibench.jmhbench.GetJNIBenchmark.getIntoDirectByteBuffer:getIntoDirectByteBuffer·p1.00","sample",1,1,166912.000000,NaN,"ns/op",1024,1,none,65536
"com.evolvedbinary.jnibench.jmhbench.GetJNIBenchmark.getIntoDirectByteBuffer","sample",1,3234443,323.091440,1.971533,"ns/op",1024,1,copyout,10
"com.evolvedbinary.jnibench.jmhbench.GetJNIBenchmark.getIntoDirectByteBuffer:getIntoDirectByteBuffer·p0.00","sample",1,1,41.000000,NaN,"ns/op",1024,1,copyout,10
"com.evolvedbinary.jnibench.jmhbench.GetJNIBenchmark.getIntoDirectByteBuffer:getIntoDirectByteBuffer·p0.50","sample",1,1,333.000000,NaN,"ns/op",1024,1,copyout,10
"com.evolvedbinary.jnibench.jmhbench.GetJNIBenchmark.getIntoDirectByteBuffer:getIntoDirectByteBuffer·p0.90","sample",1,1,334.000000,NaN,"ns/op",1024,1,copyout,10
"com.evolvedbinary.jnibench.jmhbench.GetJNIBenchmark.getIntoDirectByteBuffer:getIntoDirectByteBuffer·p0.95","sample",1,1,334.000000,NaN,"ns/op",1024,1,copyout,10
"com.evolvedbinary.jnibench.jmhbench.GetJNIBenchmark.getIntoDirectByteBuffer:getIntoDirectByteBuffer·p0.99","sample",1,1,375.000000,NaN,"ns/op",1024,1,copyout,10
"com.evolvedbinary.jnibench.jmhbench.GetJNIBenchmark.getIntoDirectByteBuffer:getIntoDirectByteBuffer·p0.999","sample",1,1,2456.000000,NaN,"ns/op",1024,1,copyout,10
"com.evolvedbinary.jnibench.jmhbench.GetJNIBenchmark.getIntoDirectByteBuffer:getIntoDirectByteBuffer·p0.9999","sample",1,1,10641.779200,NaN,"ns/op",1024,1,copyout,10
"com.evolvedbinary.jnibench.jmhbench.GetJNIBenchmark.getIntoDirectByteBuffer:getIntoDirectByteBuffer·p1.00","sample",1,1,1867776.000000,NaN,"ns/op",1024,1,copyout,10
"com.evolvedbinary.jnibench.jmhbench.GetJNIBenchmark.getIntoDirectByteBuffer","sample",1,3204339,325.822510,0.565132,"ns/op",1024,1,copyout,50
"com.evolvedbinary.jnibench.jmhbench.GetJNIBenchmark.getIntoDirectByteBuffer:getIntoDirectByteBuffer·p0.00","sample",1,1,42.000000,NaN,"ns/op",1024,1,copyout,50
"com.evolvedbinary.jnibench.jmhbench.GetJNIBenchmark.getIntoDirectByteBuffer:getIntoDirectByteBuffer·p0.50","sample",1,1,333.000000,NaN,"ns/op",1024,1,copyout,50
"com.evolvedbinary.jnibench.jmhbench.GetJNIBenchmark.getIntoDirectByteBuffer:getIntoDirectByteBuffer·p0.90","sample",1,1,334.000000,NaN,"ns/op",1024,1,copyout,50
"com.evolvedbinary.jnibench.jmhbench.GetJNIBenchmark.getIntoDirectByteBuffer:getIntoDirectByteBuffer·p0.95","sample",1,1,334.000000,NaN,"ns/op",1024,1,copyout,50
"com.evolvedbinary.jnibench.jmhbench.GetJNIBenchmark.getIntoDirectByteBuffer:getIntoDirectByteBuffer·p0.99","sample",1,1,416.000000,NaN,"ns/op",1024,1,copyout,50
"com.evolvedbinary.jnibench.jmhbench.GetJNIBenchmark.getIntoDirectByteBuffer:getIntoDirectByteBuffer·p0.999","sample",1,1,2792.000000,NaN,"ns/op",1024,1,copyout,50
"com.evolvedbinary.jnibench.jmhbench.GetJNIBenchmark.getIntoDirectByteBuffer:getIntoDirectByteBuffer·p0.9999","sample",1,1,11248.000000,NaN,"ns/op",1024,1,copyout,50
"com.evolvedbinary.jnibench.jmhbench.GetJNIBenchmark.getIntoDirectByteBuffer:getIntoDirectByteBuffer·p1.00","sample",1,1,247808.000000,NaN,"ns/op",1024,1,copyout,50
"com.evolvedbinary.jnibench.jmhbench.GetJNIBenchmark.getIntoDirectByteBuffer","sample",1,2812578,375.178212,4.362105,"ns/op",1024,1,copyout,512
"com.evolvedbinary.jnibench.jmhbench.GetJNIBenchmark.getIntoDirectByteBuffer:getIntoDirectByteBuffer·p0.00","sample",1,1,41.000000,NaN,"ns/op",1024,1,copyout,512
"com.evolvedbinary.jnibench.jmhbench.GetJNIBenchmark.getIntoDirectByteBuffer:getIntoDirectByteBuffer·p0.50","sample",1,1,333.000000,NaN,"ns/op",1024,1,copyout,512
"com.evolvedbinary.jnibench.jmhbench.GetJNIBenchmark.getIntoDirectByteBuffer:getIntoDirectByteBuffer·p0.90","sample",1,1,459.000000,NaN,"ns/op",1024,1,copyout,512
"com.evolvedbinary.jnibench.jmhbench.GetJNIBenchmark.getIntoDirectByteBuffer:getIntoDirectByteBuffer·p0.95","sample",1,1,625.000000,NaN,"ns/op",1024,1,copyout,512
"com.evolvedbinary.jnibench.jmhbench.GetJNIBenchmark.getIntoDirectByteBuffer:getIntoDirectByteBuffer·p0.99","sample",1,1,959.000000,NaN,"ns/op",1024,1,copyout,512
"com.evolvedbinary.jnibench.jmhbench.GetJNIBenchmark.getIntoDirectByteBuffer:getIntoDirectByteBuffer·p0.999","sample",1,1,3872.000000,NaN,"ns/op",1024,1,copyout,512
"com.evolvedbinary.jnibench.jmhbench.GetJNIBenchmark.getIntoDirectByteBuffer:getIntoDirectByteBuffer·p0.9999","sample",1,1,13651.620800,NaN,"ns/op",1024,1,copyout,512
"com.evolvedbinary.jnibench.jmhbench.GetJNIBenchmark.getIntoDirectByteBuffer:getIntoDirectByteBuffer·p1.00","sample",1,1,1773568.000000,NaN,"ns/op",1024,1,copyout,512
"com.evolvedbinary.jnibench.jmhbench.GetJNIBenchmark.getIntoDirectByteBuffer","sample",1,2876142,403.602901,1.869665,"ns/op",1024,1,copyout,1024
"com.evolvedbinary.jnibench.jmhbench.GetJNIBenchmark.getIntoDirectByteBuffer:getIntoDirectByteBuffer·p0.00","sample",1,1,41.000000,NaN,"ns/op",1024,1,copyout,1024
"com.evolvedbinary.jnibench.jmhbench.GetJNIBenchmark.getIntoDirectByteBuffer:getIntoDirectByteBuffer·p0.50","sample",1,1,334.000000,NaN,"ns/op",1024,1,copyout,1024
"com.evolvedbinary.jnibench.jmhbench.GetJNIBenchmark.getIntoDirectByteBuffer:getIntoDirectByteBuffer·p0.90","sample",1,1,584.000000,NaN,"ns/op",1024,1,copyout,1024
"com.evolvedbinary.jnibench.jmhbench.GetJNIBenchmark.getIntoDirectByteBuffer:getIntoDirectByteBuffer·p0.95","sample",1,1,667.000000,NaN,"ns/op",1024,1,copyout,1024
"com.evolvedbinary.jnibench.jmhbench.GetJNIBenchmark.getIntoDirectByteBuffer:getIntoDirectByteBuffer·p0.99","sample",1,1,1042.000000,NaN,"ns/op",1024,1,copyout,1024
"com.evolvedbinary.jnibench.jmhbench.GetJNIBenchmark.getIntoDirectByteBuffer:getIntoDirectByteBuffer·p0.999","sample",1,1,3792.000000,NaN,"ns/op",1024,1,copyout,1024
"com.evolvedbinary.jnibench.jmhbench.GetJNIBenchmark.getIntoDirectByteBuffer:getIntoDirectByteBuffer·p0.9999","sample",1,1,12130.513600,NaN,"ns/op",1024,1,copyout,1024
"com.evolvedbinary.jnibench.jmhbench.GetJNIBenchmark.getIntoDirectByteBuffer:getIntoDirectByteBuffer·p1.00","sample",1,1,1501184.000000,NaN,"ns/op",1024,1,copyout,1024
"com.evolvedbinary.jnibench.jmhbench.GetJNIBenchmark.getIntoDirectByteBuffer","sample",1,4104189,505.448780,1.460147,"ns/op",1024,1,copyout,4096
"com.evolvedbinary.jnibench.jmhbench.GetJNIBenchmark.getIntoDirectByteBuffer:getIntoDirectByteBuffer·p0.00","sample",1,1,84.000000,NaN,"ns/op",1024,1,copyout,4096
"com.evolvedbinary.jnibench.jmhbench.GetJNIBenchmark.getIntoDirectByteBuffer:getIntoDirectByteBuffer·p0.50","sample",1,1,459.000000,NaN,"ns/op",1024,1,copyout,4096
"com.evolvedbinary.jnibench.jmhbench.GetJNIBenchmark.getIntoDirectByteBuffer:getIntoDirectByteBuffer·p0.90","sample",1,1,583.000000,NaN,"ns/op",1024,1,copyout,4096
"com.evolvedbinary.jnibench.jmhbench.GetJNIBenchmark.getIntoDirectByteBuffer:getIntoDirectByteBuffer·p0.95","sample",1,1,667.000000,NaN,"ns/op",1024,1,copyout,4096
"com.evolvedbinary.jnibench.jmhbench.GetJNIBenchmark.getIntoDirectByteBuffer:getIntoDirectByteBuffer·p0.99","sample",1,1,958.000000,NaN,"ns/op",1024,1,copyout,4096
"com.evolvedbinary.jnibench.jmhbench.GetJNIBenchmark.getIntoDirectByteBuffer:getIntoDirectByteBuffer·p0.999","sample",1,1,4456.000000,NaN,"ns/op",1024,1,copyout,4096
"com.evolvedbinary.jnibench.jmhbench.GetJNIBenchmark.getIntoDirectByteBuffer:getIntoDirectByteBuffer·p0.9999","sample",1,1,14496.000000,NaN,"ns/op",1024,1,copyout,4096
"com.evolvedbinary.jnibench.jmhbench.GetJNIBenchmark.getIntoDirectByteBuffer:getIntoDirectByteBuffer·p1.00","sample",1,1,1439744.000000,NaN,"ns/op",1024,1,copyout,4096
"com.evolvedbinary.jnibench.jmhbench.GetJNIBenchmark.getIntoDirectByteBuffer","sample",1,4333344,891.427818,1.976634,"ns/op",1024,1,copyout,16384
"com.evolvedbinary.jnibench.jmhbench.GetJNIBenchmark.getIntoDirectByteBuffer:getIntoDirectByteBuffer·p0.00","sample",1,1,250.000000,NaN,"ns/op",1024,1,copyout,16384
"com.evolvedbinary.jnibench.jmhbench.GetJNIBenchmark.getIntoDirectByteBuffer:getIntoDirectByteBuffer·p0.50","sample",1,1,875.000000,NaN,"ns/op",1024,1,copyout,16384
"com.evolvedbinary.jnibench.jmhbench.GetJNIBenchmark.getIntoDirectByteBuffer:getIntoDirectByteBuffer·p0.90","sample",1,1,1000.000000,NaN,"ns/op",1024,1,copyout,16384
"com.evolvedbinary.jnibench.jmhbench.GetJNIBenchmark.getIntoDirectByteBuffer:getIntoDirectByteBuffer·p0.95","sample",1,1,1082.000000,NaN,"ns/op",1024,1,copyout,16384
"com.evolvedbinary.jnibench.jmhbench.GetJNIBenchmark.getIntoDirectByteBuffer:getIntoDirectByteBuffer·p0.99","sample",1,1,1250.000000,NaN,"ns/op",1024,1,copyout,16384
"com.evolvedbinary.jnibench.jmhbench.GetJNIBenchmark.getIntoDirectByteBuffer:getIntoDirectByteBuffer·p0.999","sample",1,1,5120.000000,NaN,"ns/op",1024,1,copyout,16384
"com.evolvedbinary.jnibench.jmhbench.GetJNIBenchmark.getIntoDirectByteBuffer:getIntoDirectByteBuffer·p0.9999","sample",1,1,14288.000000,NaN,"ns/op",1024,1,copyout,16384
"com.evolvedbinary.jnibench.jmhbench.GetJNIBenchmark.getIntoDirectByteBuffer:getIntoDirectByteBuffer·p1.00","sample",1,1,1816576.000000,NaN,"ns/op",1024,1,copyout,16384
"com.evolvedbinary.jnibench.jmhbench.GetJNIBenchmark.getIntoDirectByteBuffer","sample",1,3068469,1323.053515,2.739198,"ns/op",1024,1,copyout,32768
"com.evolvedbinary.jnibench.jmhbench.GetJNIBenchmark.getIntoDirectByteBuffer:getIntoDirectByteBuffer·p0.00","sample",1,1,834.000000,NaN,"ns/op",1024,1,copyout,32768
"com.evolvedbinary.jnibench.jmhbench.GetJNIBenchmark.getIntoDirectByteBuffer:getIntoDirectByteBuffer·p0.50","sample",1,1,1290.000000,NaN,"ns/op",1024,1,copyout,32768
"com.evolvedbinary.jnibench.jmhbench.GetJNIBenchmark.getIntoDirectByteBuffer:getIntoDirectByteBuffer·p0.90","sample",1,1,1500.000000,NaN,"ns/op",1024,1,copyout,32768
"com.evolvedbinary.jnibench.jmhbench.GetJNIBenchmark.getIntoDirectByteBuffer:getIntoDirectByteBuffer·p0.95","sample",1,1,1582.000000,NaN,"ns/op",1024,1,copyout,32768
"com.evolvedbinary.jnibench.jmhbench.GetJNIBenchmark.getIntoDirectByteBuffer:getIntoDirectByteBuffer·p0.99","sample",1,1,1874.000000,NaN,"ns/op",1024,1,copyout,32768
"com.evolvedbinary.jnibench.jmhbench.GetJNIBenchmark.getIntoDirectByteBuffer:getIntoDirectByteBuffer·p0.999","sample",1,1,7248.000000,NaN,"ns/op",1024,1,copyout,32768
"com.evolvedbinary.jnibench.jmhbench.GetJNIBenchmark.getIntoDirectByteBuffer:getIntoDirectByteBuffer·p0.9999","sample",1,1,24164.896000,NaN,"ns/op",1024,1,copyout,32768
"com.evolvedbinary.jnibench.jmhbench.GetJNIBenchmark.getIntoDirectByteBuffer:getIntoDirectByteBuffer·p1.00","sample",1,1,1675264.000000,NaN,"ns/op",1024,1,copyout,32768
"com.evolvedbinary.jnibench.jmhbench.GetJNIBenchmark.getIntoDirectByteBuffer","sample",1,3217761,2490.610845,0.960174,"ns/op",1024,1,copyout,65536
"com.evolvedbinary.jnibench.jmhbench.GetJNIBenchmark.getIntoDirectByteBuffer:getIntoDirectByteBuffer·p0.00","sample",1,1,2124.000000,NaN,"ns/op",1024,1,copyout,65536
"com.evolvedbinary.jnibench.jmhbench.GetJNIBenchmark.getIntoDirectByteBuffer:getIntoDirectByteBuffer·p0.50","sample",1,1,2416.000000,NaN,"ns/op",1024,1,copyout,65536
"com.evolvedbinary.jnibench.jmhbench.GetJNIBenchmark.getIntoDirectByteBuffer:getIntoDirectByteBuffer·p0.90","sample",1,1,2664.000000,NaN,"ns/op",1024,1,copyout,65536
"com.evolvedbinary.jnibench.jmhbench.GetJNIBenchmark.getIntoDirectByteBuffer:getIntoDirectByteBuffer·p0.95","sample",1,1,2708.000000,NaN,"ns/op",1024,1,copyout,65536
"com.evolvedbinary.jnibench.jmhbench.GetJNIBenchmark.getIntoDirectByteBuffer:getIntoDirectByteBuffer·p0.99","sample",1,1,3040.000000,NaN,"ns/op",1024,1,copyout,65536
"com.evolvedbinary.jnibench.jmhbench.GetJNIBenchmark.getIntoDirectByteBuffer:getIntoDirectByteBuffer·p0.999","sample",1,1,8080.000000,NaN,"ns/op",1024,1,copyout,65536
"com.evolvedbinary.jnibench.jmhbench.GetJNIBenchmark.getIntoDirectByteBuffer:getIntoDirectByteBuffer·p0.9999","sample",1,1,21664.000000,NaN,"ns/op",1024,1,copyout,65536
"com.evolvedbinary.jnibench.jmhbench.GetJNIBenchmark.getIntoDirectByteBuffer:getIntoDirectByteBuffer·p1.00","sample",1,1,124288.000000,NaN,"ns/op",1024,1,copyout,65536
"com.evolvedbinary.jnibench.jmhbench.GetJNIBenchmark.getIntoIndirectByteBufferGetCritical","sample",1,4292621,479.544409,1.444555,"ns/op",1024,1,none,10
"com.evolvedbinary.jnibench.jmhbench.GetJNIBenchmark.getIntoIndirectByteBufferGetCritical:getIntoIndirectByteBufferGetCritical·p0.00","sample",1,1,83.000000,NaN,"ns/op",1024,1,none,10
"com.evolvedbinary.jnibench.jmhbench.GetJNIBenchmark.getIntoIndirectByteBufferGetCritical:getIntoIndirectByteBufferGetCritical·p0.50","sample",1,1,458.000000,NaN,"ns/op",1024,1,none,10
"com.evolvedbinary.jnibench.jmhbench.GetJNIBenchmark.getIntoIndirectByteBufferGetCritical:getIntoIndirectByteBufferGetCritical·p0.90","sample",1,1,500.000000,NaN,"ns/op",1024,1,none,10
"com.evolvedbinary.jnibench.jmhbench.GetJNIBenchmark.getIntoIndirectByteBufferGetCritical:getIntoIndirectByteBufferGetCritical·p0.95","sample",1,1,500.000000,NaN,"ns/op",1024,1,none,10
"com.evolvedbinary.jnibench.jmhbench.GetJNIBenchmark.getIntoIndirectByteBufferGetCritical:getIntoIndirectByteBufferGetCritical·p0.99","sample",1,1,542.000000,NaN,"ns/op",1024,1,none,10
"com.evolvedbinary.jnibench.jmhbench.GetJNIBenchmark.getIntoIndirectByteBufferGetCritical:getIntoIndirectByteBufferGetCritical·p0.999","sample",1,1,3248.000000,NaN,"ns/op",1024,1,none,10
"com.evolvedbinary.jnibench.jmhbench.GetJNIBenchmark.getIntoIndirectByteBufferGetCritical:getIntoIndirectByteBufferGetCritical·p0.9999","sample",1,1,13408.000000,NaN,"ns/op",1024,1,none,10
"com.evolvedbinary.jnibench.jmhbench.GetJNIBenchmark.getIntoIndirectByteBufferGetCritical:getIntoIndirectByteBufferGetCritical·p1.00","sample",1,1,1607680.000000,NaN,"ns/op",1024,1,none,10
"com.evolvedbinary.jnibench.jmhbench.GetJNIBenchmark.getIntoIndirectByteBufferGetCritical","sample",1,4302075,479.099461,1.505150,"ns/op",1024,1,none,50
"com.evolvedbinary.jnibench.jmhbench.GetJNIBenchmark.getIntoIndirectByteBufferGetCritical:getIntoIndirectByteBufferGetCritical·p0.00","sample",1,1,83.000000,NaN,"ns/op",1024,1,none,50
"com.evolvedbinary.jnibench.jmhbench.GetJNIBenchmark.getIntoIndirectByteBufferGetCritical:getIntoIndirectByteBufferGetCritical·p0.50","sample",1,1,458.000000,NaN,"ns/op",1024,1,none,50
"com.evolvedbinary.jnibench.jmhbench.GetJNIBenchmark.getIntoIndirectByteBufferGetCritical:getIntoIndirectByteBufferGetCritical·p0.90","sample",1,1,500.000000,NaN,"ns/op",1024,1,none,50
"com.evolvedbinary.jnibench.jmhbench.GetJNIBenchmark.getIntoIndirectByteBufferGetCritical:getIntoIndirectByteBufferGetCritical·p0.95","sample",1,1,500.000000,NaN,"ns/op",1024,1,none,50
"com.evolvedbinary.jnibench.jmhbench.GetJNIBenchmark.getIntoIndirectByteBufferGetCritical:getIntoIndirectByteBufferGetCritical·p0.99","sample",1,1,541.000000,NaN,"ns/op",1024,1,none,50
"com.evolvedbinary.jnibench.jmhbench.GetJNIBenchmark.getIntoIndirectByteBufferGetCritical:getIntoIndirectByteBufferGetCritical·p0.999","sample",1,1,2872.000000,NaN,"ns/op",1024,1,none,50
"com.evolvedbinary.jnibench.jmhbench.GetJNIBenchmark.getIntoIndirectByteBufferGetCritical:getIntoIndirectByteBufferGetCritical·p0.9999","sample",1,1,14441.356800,NaN,"ns/op",1024,1,none,50
"com.evolvedbinary.jnibench.jmhbench.GetJNIBenchmark.getIntoIndirectByteBufferGetCritical:getIntoIndirectByteBufferGetCritical·p1.00","sample",1,1,1626112.000000,NaN,"ns/op",1024,1,none,50
"com.evolvedbinary.jnibench.jmhbench.GetJNIBenchmark.getIntoIndirectByteBufferGetCritical","sample",1,4267648,480.535237,2.159663,"ns/op",1024,1,none,512
"com.evolvedbinary.jnibench.jmhbench.GetJNIBenchmark.getIntoIndirectByteBufferGetCritical:getIntoIndirectByteBufferGetCritical·p0.00","sample",1,1,125.000000,NaN,"ns/op",1024,1,none,512
"com.evolvedbinary.jnibench.jmhbench.GetJNIBenchmark.getIntoIndirectByteBufferGetCritical:getIntoIndirectByteBufferGetCritical·p0.50","sample",1,1,459.000000,NaN,"ns/op",1024,1,none,512
"com.evolvedbinary.jnibench.jmhbench.GetJNIBenchmark.getIntoIndirectByteBufferGetCritical:getIntoIndirectByteBufferGetCritical·p0.90","sample",1,1,500.000000,NaN,"ns/op",1024,1,none,512
"com.evolvedbinary.jnibench.jmhbench.GetJNIBenchmark.getIntoIndirectByteBufferGetCritical:getIntoIndirectByteBufferGetCritical·p0.95","sample",1,1,500.000000,NaN,"ns/op",1024,1,none,512
"com.evolvedbinary.jnibench.jmhbench.GetJNIBenchmark.getIntoIndirectByteBufferGetCritical:getIntoIndirectByteBufferGetCritical·p0.99","sample",1,1,542.000000,NaN,"ns/op",1024,1,none,512
"com.evolvedbinary.jnibench.jmhbench.GetJNIBenchmark.getIntoIndirectByteBufferGetCritical:getIntoIndirectByteBufferGetCritical·p0.999","sample",1,1,2332.000000,NaN,"ns/op",1024,1,none,512
"com.evolvedbinary.jnibench.jmhbench.GetJNIBenchmark.getIntoIndirectByteBufferGetCritical:getIntoIndirectByteBufferGetCritical·p0.9999","sample",1,1,11211.284800,NaN,"ns/op",1024,1,none,512
"com.evolvedbinary.jnibench.jmhbench.GetJNIBenchmark.getIntoIndirectByteBufferGetCritical:getIntoIndirectByteBufferGetCritical·p1.00","sample",1,1,2211840.000000,NaN,"ns/op",1024,1,none,512
"com.evolvedbinary.jnibench.jmhbench.GetJNIBenchmark.getIntoIndirectByteBufferGetCritical","sample",1,4222955,486.780113,1.913813,"ns/op",1024,1,none,1024
"com.evolvedbinary.jnibench.jmhbench.GetJNIBenchmark.getIntoIndirectByteBufferGetCritical:getIntoIndirectByteBufferGetCritical·p0.00","sample",1,1,166.000000,NaN,"ns/op",1024,1,none,1024
"com.evolvedbinary.jnibench.jmhbench.GetJNIBenchmark.getIntoIndirectByteBufferGetCritical:getIntoIndirectByteBufferGetCritical·p0.50","sample",1,1,459.000000,NaN,"ns/op",1024,1,none,1024
"com.evolvedbinary.jnibench.jmhbench.GetJNIBenchmark.getIntoIndirectByteBufferGetCritical:getIntoIndirectByteBufferGetCritical·p0.90","sample",1,1,500.000000,NaN,"ns/op",1024,1,none,1024
"com.evolvedbinary.jnibench.jmhbench.GetJNIBenchmark.getIntoIndirectByteBufferGetCritical:getIntoIndirectByteBufferGetCritical·p0.95","sample",1,1,500.000000,NaN,"ns/op",1024,1,none,1024
"com.evolvedbinary.jnibench.jmhbench.GetJNIBenchmark.getIntoIndirectByteBufferGetCritical:getIntoIndirectByteBufferGetCritical·p0.99","sample",1,1,542.000000,NaN,"ns/op",1024,1,none,1024
"com.evolvedbinary.jnibench.jmhbench.GetJNIBenchmark.getIntoIndirectByteBufferGetCritical:getIntoIndirectByteBufferGetCritical·p0.999","sample",1,1,2580.000000,NaN,"ns/op",1024,1,none,1024
"com.evolvedbinary.jnibench.jmhbench.GetJNIBenchmark.getIntoIndirectByteBufferGetCritical:getIntoIndirectByteBufferGetCritical·p0.9999","sample",1,1,12624.000000,NaN,"ns/op",1024,1,none,1024
"com.evolvedbinary.jnibench.jmhbench.GetJNIBenchmark.getIntoIndirectByteBufferGetCritical:getIntoIndirectByteBufferGetCritical·p1.00","sample",1,1,2359296.000000,NaN,"ns/op",1024,1,none,1024
"com.evolvedbinary.jnibench.jmhbench.GetJNIBenchmark.getIntoIndirectByteBufferGetCritical","sample",1,3516132,583.067476,0.956498,"ns/op",1024,1,none,4096
"com.evolvedbinary.jnibench.jmhbench.GetJNIBenchmark.getIntoIndirectByteBufferGetCritical:getIntoIndirectByteBufferGetCritical·p0.00","sample",1,1,166.000000,NaN,"ns/op",1024,1,none,4096
"com.evolvedbinary.jnibench.jmhbench.GetJNIBenchmark.getIntoIndirectByteBufferGetCritical:getIntoIndirectByteBufferGetCritical·p0.50","sample",1,1,542.000000,NaN,"ns/op",1024,1,none,4096
"com.evolvedbinary.jnibench.jmhbench.GetJNIBenchmark.getIntoIndirectByteBufferGetCritical:getIntoIndirectByteBufferGetCritical·p0.90","sample",1,1,667.000000,NaN,"ns/op",1024,1,none,4096
"com.evolvedbinary.jnibench.jmhbench.GetJNIBenchmark.getIntoIndirectByteBufferGetCritical:getIntoIndirectByteBufferGetCritical·p0.95","sample",1,1,708.000000,NaN,"ns/op",1024,1,none,4096
"com.evolvedbinary.jnibench.jmhbench.GetJNIBenchmark.getIntoIndirectByteBufferGetCritical:getIntoIndirectByteBufferGetCritical·p0.99","sample",1,1,750.000000,NaN,"ns/op",1024,1,none,4096
"com.evolvedbinary.jnibench.jmhbench.GetJNIBenchmark.getIntoIndirectByteBufferGetCritical:getIntoIndirectByteBufferGetCritical·p0.999","sample",1,1,3332.000000,NaN,"ns/op",1024,1,none,4096
"com.evolvedbinary.jnibench.jmhbench.GetJNIBenchmark.getIntoIndirectByteBufferGetCritical:getIntoIndirectByteBufferGetCritical·p0.9999","sample",1,1,13782.187200,NaN,"ns/op",1024,1,none,4096
"com.evolvedbinary.jnibench.jmhbench.GetJNIBenchmark.getIntoIndirectByteBufferGetCritical:getIntoIndirectByteBufferGetCritical·p1.00","sample",1,1,724992.000000,NaN,"ns/op",1024,1,none,4096
"com.evolvedbinary.jnibench.jmhbench.GetJNIBenchmark.getIntoIndirectByteBufferGetCritical","sample",1,3565860,1084.436415,1.854441,"ns/op",1024,1,none,16384
"com.evolvedbinary.jnibench.jmhbench.GetJNIBenchmark.getIntoIndirectByteBufferGetCritical:getIntoIndirectByteBufferGetCritical·p0.00","sample",1,1,583.000000,NaN,"ns/op",1024,1,none,16384
"com.evolvedbinary.jnibench.jmhbench.GetJNIBenchmark.getIntoIndirectByteBufferGetCritical:getIntoIndirectByteBufferGetCritical·p0.50","sample",1,1,1250.000000,NaN,"ns/op",1024,1,none,16384
"com.evolvedbinary.jnibench.jmhbench.GetJNIBenchmark.getIntoIndirectByteBufferGetCritical:getIntoIndirectByteBufferGetCritical·p0.90","sample",1,1,1292.000000,NaN,"ns/op",1024,1,none,16384
"com.evolvedbinary.jnibench.jmhbench.GetJNIBenchmark.getIntoIndirectByteBufferGetCritical:getIntoIndirectByteBufferGetCritical·p0.95","sample",1,1,1334.000000,NaN,"ns/op",1024,1,none,16384
"com.evolvedbinary.jnibench.jmhbench.GetJNIBenchmark.getIntoIndirectByteBufferGetCritical:getIntoIndirectByteBufferGetCritical·p0.99","sample",1,1,1416.000000,NaN,"ns/op",1024,1,none,16384
"com.evolvedbinary.jnibench.jmhbench.GetJNIBenchmark.getIntoIndirectByteBufferGetCritical:getIntoIndirectByteBufferGetCritical·p0.999","sample",1,1,4917.560000,NaN,"ns/op",1024,1,none,16384
"com.evolvedbinary.jnibench.jmhbench.GetJNIBenchmark.getIntoIndirectByteBufferGetCritical:getIntoIndirectByteBufferGetCritical·p0.9999","sample",1,1,17568.000000,NaN,"ns/op",1024,1,none,16384
"com.evolvedbinary.jnibench.jmhbench.GetJNIBenchmark.getIntoIndirectByteBufferGetCritical:getIntoIndirectByteBufferGetCritical·p1.00","sample",1,1,1792000.000000,NaN,"ns/op",1024,1,none,16384
"com.evolvedbinary.jnibench.jmhbench.GetJNIBenchmark.getIntoIndirectByteBufferGetCritical","sample",1,3544581,1460.487730,1.678689,"ns/op",1024,1,none,32768
"com.evolvedbinary.jnibench.jmhbench.GetJNIBenchmark.getIntoIndirectByteBufferGetCritical:getIntoIndirectByteBufferGetCritical·p0.00","sample",1,1,875.000000,NaN,"ns/op",1024,1,none,32768
"com.evolvedbinary.jnibench.jmhbench.GetJNIBenchmark.getIntoIndirectByteBufferGetCritical:getIntoIndirectByteBufferGetCritical·p0.50","sample",1,1,1208.000000,NaN,"ns/op",1024,1,none,32768
"com.evolvedbinary.jnibench.jmhbench.GetJNIBenchmark.getIntoIndirectByteBufferGetCritical:getIntoIndirectByteBufferGetCritical·p0.90","sample",1,1,1916.000000,NaN,"ns/op",1024,1,none,32768
"com.evolvedbinary.jnibench.jmhbench.GetJNIBenchmark.getIntoIndirectByteBufferGetCritical:getIntoIndirectByteBufferGetCritical·p0.95","sample",1,1,1916.000000,NaN,"ns/op",1024,1,none,32768
"com.evolvedbinary.jnibench.jmhbench.GetJNIBenchmark.getIntoIndirectByteBufferGetCritical:getIntoIndirectByteBufferGetCritical·p0.99","sample",1,1,2080.000000,NaN,"ns/op",1024,1,none,32768
"com.evolvedbinary.jnibench.jmhbench.GetJNIBenchmark.getIntoIndirectByteBufferGetCritical:getIntoIndirectByteBufferGetCritical·p0.999","sample",1,1,5624.000000,NaN,"ns/op",1024,1,none,32768
"com.evolvedbinary.jnibench.jmhbench.GetJNIBenchmark.getIntoIndirectByteBufferGetCritical:getIntoIndirectByteBufferGetCritical·p0.9999","sample",1,1,18720.000000,NaN,"ns/op",1024,1,none,32768
"com.evolvedbinary.jnibench.jmhbench.GetJNIBenchmark.getIntoIndirectByteBufferGetCritical:getIntoIndirectByteBufferGetCritical·p1.00","sample",1,1,1458176.000000,NaN,"ns/op",1024,1,none,32768
"com.evolvedbinary.jnibench.jmhbench.GetJNIBenchmark.getIntoIndirectByteBufferGetCritical","sample",1,3301097,2141.273000,3.119988,"ns/op",1024,1,none,65536
"com.evolvedbinary.jnibench.jmhbench.GetJNIBenchmark.getIntoIndirectByteBufferGetCritical:getIntoIndirectByteBufferGetCritical·p0.00","sample",1,1,1416.000000,NaN,"ns/op",1024,1,none,65536
"com.evolvedbinary.jnibench.jmhbench.GetJNIBenchmark.getIntoIndirectByteBufferGetCritical:getIntoIndirectByteBufferGetCritical·p0.50","sample",1,1,1832.000000,NaN,"ns/op",1024,1,none,65536
"com.evolvedbinary.jnibench.jmhbench.GetJNIBenchmark.getIntoIndirectByteBufferGetCritical:getIntoIndirectByteBufferGetCritical·p0.90","sample",1,1,3208.000000,NaN,"ns/op",1024,1,none,65536
"com.evolvedbinary.jnibench.jmhbench.GetJNIBenchmark.getIntoIndirectByteBufferGetCritical:getIntoIndirectByteBufferGetCritical·p0.95","sample",1,1,3208.000000,NaN,"ns/op",1024,1,none,65536
"com.evolvedbinary.jnibench.jmhbench.GetJNIBenchmark.getIntoIndirectByteBufferGetCritical:getIntoIndirectByteBufferGetCritical·p0.99","sample",1,1,3372.000000,NaN,"ns/op",1024,1,none,65536
"com.evolvedbinary.jnibench.jmhbench.GetJNIBenchmark.getIntoIndirectByteBufferGetCritical:getIntoIndirectByteBufferGetCritical·p0.999","sample",1,1,6792.000000,NaN,"ns/op",1024,1,none,65536
"com.evolvedbinary.jnibench.jmhbench.GetJNIBenchmark.getIntoIndirectByteBufferGetCritical:getIntoIndirectByteBufferGetCritical·p0.9999","sample",1,1,20864.000000,NaN,"ns/op",1024,1,none,65536
"com.evolvedbinary.jnibench.jmhbench.GetJNIBenchmark.getIntoIndirectByteBufferGetCritical:getIntoIndirectByteBufferGetCritical·p1.00","sample",1,1,2752512.000000,NaN,"ns/op",1024,1,none,65536
"com.evolvedbinary.jnibench.jmhbench.GetJNIBenchmark.getIntoIndirectByteBufferGetCritical","sample",1,4215978,488.825422,1.324121,"ns/op",1024,1,copyout,10
"com.evolvedbinary.jnibench.jmhbench.GetJNIBenchmark.getIntoIndirectByteBufferGetCritical:getIntoIndirectByteBufferGetCritical·p0.00","sample",1,1,125.000000,NaN,"ns/op",1024,1,copyout,10
"com.evolvedbinary.jnibench.jmhbench.GetJNIBenchmark.getIntoIndirectByteBufferGetCritical:getIntoIndirectByteBufferGetCritical·p0.50","sample",1,1,459.000000,NaN,"ns/op",1024,1,copyout,10
"com.evolvedbinary.jnibench.jmhbench.GetJNIBenchmark.getIntoIndirectByteBufferGetCritical:getIntoIndirectByteBufferGetCritical·p0.90","sample",1,1,500.000000,NaN,"ns/op",1024,1,copyout,10
"com.evolvedbinary.jnibench.jmhbench.GetJNIBenchmark.getIntoIndirectByteBufferGetCritical:getIntoIndirectByteBufferGetCritical·p0.95","sample",1,1,500.000000,NaN,"ns/op",1024,1,copyout,10
"com.evolvedbinary.jnibench.jmhbench.GetJNIBenchmark.getIntoIndirectByteBufferGetCritical:getIntoIndirectByteBufferGetCritical·p0.99","sample",1,1,542.000000,NaN,"ns/op",1024,1,copyout,10
"com.evolvedbinary.jnibench.jmhbench.GetJNIBenchmark.getIntoIndirectByteBufferGetCritical:getIntoIndirectByteBufferGetCritical·p0.999","sample",1,1,2916.000000,NaN,"ns/op",1024,1,copyout,10
"com.evolvedbinary.jnibench.jmhbench.GetJNIBenchmark.getIntoIndirectByteBufferGetCritical:getIntoIndirectByteBufferGetCritical·p0.9999","sample",1,1,13468.867200,NaN,"ns/op",1024,1,copyout,10
"com.evolvedbinary.jnibench.jmhbench.GetJNIBenchmark.getIntoIndirectByteBufferGetCritical:getIntoIndirectByteBufferGetCritical·p1.00","sample",1,1,1548288.000000,NaN,"ns/op",1024,1,copyout,10
"com.evolvedbinary.jnibench.jmhbench.GetJNIBenchmark.getIntoIndirectByteBufferGetCritical","sample",1,4198788,488.617243,1.276366,"ns/op",1024,1,copyout,50
"com.evolvedbinary.jnibench.jmhbench.GetJNIBenchmark.getIntoIndirectByteBufferGetCritical:getIntoIndirectByteBufferGetCritical·p0.00","sample",1,1,42.000000,NaN,"ns/op",1024,1,copyout,50
"com.evolvedbinary.jnibench.jmhbench.GetJNIBenchmark.getIntoIndirectByteBufferGetCritical:getIntoIndirectByteBufferGetCritical·p0.50","sample",1,1,500.000000,NaN,"ns/op",1024,1,copyout,50
"com.evolvedbinary.jnibench.jmhbench.GetJNIBenchmark.getIntoIndirectByteBufferGetCritical:getIntoIndirectByteBufferGetCritical·p0.90","sample",1,1,500.000000,NaN,"ns/op",1024,1,copyout,50
"com.evolvedbinary.jnibench.jmhbench.GetJNIBenchmark.getIntoIndirectByteBufferGetCritical:getIntoIndirectByteBufferGetCritical·p0.95","sample",1,1,500.000000,NaN,"ns/op",1024,1,copyout,50
"com.evolvedbinary.jnibench.jmhbench.GetJNIBenchmark.getIntoIndirectByteBufferGetCritical:getIntoIndirectByteBufferGetCritical·p0.99","sample",1,1,542.000000,NaN,"ns/op",1024,1,copyout,50
"com.evolvedbinary.jnibench.jmhbench.GetJNIBenchmark.getIntoIndirectByteBufferGetCritical:getIntoIndirectByteBufferGetCritical·p0.999","sample",1,1,2624.000000,NaN,"ns/op",1024,1,copyout,50
"com.evolvedbinary.jnibench.jmhbench.GetJNIBenchmark.getIntoIndirectByteBufferGetCritical:getIntoIndirectByteBufferGetCritical·p0.9999","sample",1,1,12165.812800,NaN,"ns/op",1024,1,copyout,50
"com.evolvedbinary.jnibench.jmhbench.GetJNIBenchmark.getIntoIndirectByteBufferGetCritical:getIntoIndirectByteBufferGetCritical·p1.00","sample",1,1,1531904.000000,NaN,"ns/op",1024,1,copyout,50
"com.evolvedbinary.jnibench.jmhbench.GetJNIBenchmark.getIntoIndirectByteBufferGetCritical","sample",1,3899729,527.478689,0.626464,"ns/op",1024,1,copyout,512
"com.evolvedbinary.jnibench.jmhbench.GetJNIBenchmark.getIntoIndirectByteBufferGetCritical:getIntoIndirectByteBufferGetCritical·p0.00","sample",1,1,84.000000,NaN,"ns/op",1024,1,copyout,512
"com.evolvedbinary.jnibench.jmhbench.GetJNIBenchmark.getIntoIndirectByteBufferGetCritical:getIntoIndirectByteBufferGetCritical·p0.50","sample",1,1,500.000000,NaN,"ns/op",1024,1,copyout,512
"com.evolvedbinary.jnibench.jmhbench.GetJNIBenchmark.getIntoIndirectByteBufferGetCritical:getIntoIndirectByteBufferGetCritical·p0.90","sample",1,1,584.000000,NaN,"ns/op",1024,1,copyout,512
"com.evolvedbinary.jnibench.jmhbench.GetJNIBenchmark.getIntoIndirectByteBufferGetCritical:getIntoIndirectByteBufferGetCritical·p0.95","sample",1,1,750.000000,NaN,"ns/op",1024,1,copyout,512
"com.evolvedbinary.jnibench.jmhbench.GetJNIBenchmark.getIntoIndirectByteBufferGetCritical:getIntoIndirectByteBufferGetCritical·p0.99","sample",1,1,1082.000000,NaN,"ns/op",1024,1,copyout,512
"com.evolvedbinary.jnibench.jmhbench.GetJNIBenchmark.getIntoIndirectByteBufferGetCritical:getIntoIndirectByteBufferGetCritical·p0.999","sample",1,1,3624.000000,NaN,"ns/op",1024,1,copyout,512
"com.evolvedbinary.jnibench.jmhbench.GetJNIBenchmark.getIntoIndirectByteBufferGetCritical:getIntoIndirectByteBufferGetCritical·p0.9999","sample",1,1,15488.000000,NaN,"ns/op",1024,1,copyout,512
"com.evolvedbinary.jnibench.jmhbench.GetJNIBenchmark.getIntoIndirectByteBufferGetCritical:getIntoIndirectByteBufferGetCritical·p1.00","sample",1,1,192768.000000,NaN,"ns/op",1024,1,copyout,512
"com.evolvedbinary.jnibench.jmhbench.GetJNIBenchmark.getIntoIndirectByteBufferGetCritical","sample",1,3804846,542.437111,2.141781,"ns/op",1024,1,copyout,1024
"com.evolvedbinary.jnibench.jmhbench.GetJNIBenchmark.getIntoIndirectByteBufferGetCritical:getIntoIndirectByteBufferGetCritical·p0.00","sample",1,1,83.000000,NaN,"ns/op",1024,1,copyout,1024
"com.evolvedbinary.jnibench.jmhbench.GetJNIBenchmark.getIntoIndirectByteBufferGetCritical:getIntoIndirectByteBufferGetCritical·p0.50","sample",1,1,500.000000,NaN,"ns/op",1024,1,copyout,1024
"com.evolvedbinary.jnibench.jmhbench.GetJNIBenchmark.getIntoIndirectByteBufferGetCritical:getIntoIndirectByteBufferGetCritical·p0.90","sample",1,1,584.000000,NaN,"ns/op",1024,1,copyout,1024
"com.evolvedbinary.jnibench.jmhbench.GetJNIBenchmark.getIntoIndirectByteBufferGetCritical:getIntoIndirectByteBufferGetCritical·p0.95","sample",1,1,750.000000,NaN,"ns/op",1024,1,copyout,1024
"com.evolvedbinary.jnibench.jmhbench.GetJNIBenchmark.getIntoIndirectByteBufferGetCritical:getIntoIndirectByteBufferGetCritical·p0.99","sample",1,1,1082.000000,NaN,"ns/op",1024,1,copyout,1024
"com.evolvedbinary.jnibench.jmhbench.GetJNIBenchmark.getIntoIndirectByteBufferGetCritical:getIntoIndirectByteBufferGetCritical·p0.999","sample",1,1,3540.000000,NaN,"ns/op",1024,1,copyout,1024
"com.evolvedbinary.jnibench.jmhbench.GetJNIBenchmark.getIntoIndirectByteBufferGetCritical:getIntoIndirectByteBufferGetCritical·p0.9999","sample",1,1,13904.000000,NaN,"ns/op",1024,1,copyout,1024
"com.evolvedbinary.jnibench.jmhbench.GetJNIBenchmark.getIntoIndirectByteBufferGetCritical:getIntoIndirectByteBufferGetCritical·p1.00","sample",1,1,1710080.000000,NaN,"ns/op",1024,1,copyout,1024
"com.evolvedbinary.jnibench.jmhbench.GetJNIBenchmark.getIntoIndirectByteBufferGetCritical","sample",1,3128899,659.236359,2.640232,"ns/op",1024,1,copyout,4096
"com.evolvedbinary.jnibench.jmhbench.GetJNIBenchmark.getIntoIndirectByteBufferGetCritical:getIntoIndirectByteBufferGetCritical·p0.00","sample",1,1,250.000000,NaN,"ns/op",1024,1,copyout,4096
"com.evolvedbinary.jnibench.jmhbench.GetJNIBenchmark.getIntoIndirectByteBufferGetCritical:getIntoIndirectByteBufferGetCritical·p0.50","sample",1,1,625.000000,NaN,"ns/op",1024,1,copyout,4096
"com.evolvedbinary.jnibench.jmhbench.GetJNIBenchmark.getIntoIndirectByteBufferGetCritical:getIntoIndirectByteBufferGetCritical·p0.90","sample",1,1,750.000000,NaN,"ns/op",1024,1,copyout,4096
"com.evolvedbinary.jnibench.jmhbench.GetJNIBenchmark.getIntoIndirectByteBufferGetCritical:getIntoIndirectByteBufferGetCritical·p0.95","sample",1,1,791.000000,NaN,"ns/op",1024,1,copyout,4096
"com.evolvedbinary.jnibench.jmhbench.GetJNIBenchmark.getIntoIndirectByteBufferGetCritical:getIntoIndirectByteBufferGetCritical·p0.99","sample",1,1,1124.000000,NaN,"ns/op",1024,1,copyout,4096
"com.evolvedbinary.jnibench.jmhbench.GetJNIBenchmark.getIntoIndirectByteBufferGetCritical:getIntoIndirectByteBufferGetCritical·p0.999","sample",1,1,4208.000000,NaN,"ns/op",1024,1,copyout,4096
"com.evolvedbinary.jnibench.jmhbench.GetJNIBenchmark.getIntoIndirectByteBufferGetCritical:getIntoIndirectByteBufferGetCritical·p0.9999","sample",1,1,17191.040000,NaN,"ns/op",1024,1,copyout,4096
"com.evolvedbinary.jnibench.jmhbench.GetJNIBenchmark.getIntoIndirectByteBufferGetCritical:getIntoIndirectByteBufferGetCritical·p1.00","sample",1,1,1759232.000000,NaN,"ns/op",1024,1,copyout,4096
"com.evolvedbinary.jnibench.jmhbench.GetJNIBenchmark.getIntoIndirectByteBufferGetCritical","sample",1,3834320,1058.780808,1.312928,"ns/op",1024,1,copyout,16384
"com.evolvedbinary.jnibench.jmhbench.GetJNIBenchmark.getIntoIndirectByteBufferGetCritical:getIntoIndirectByteBufferGetCritical·p0.00","sample",1,1,500.000000,NaN,"ns/op",1024,1,copyout,16384
"com.evolvedbinary.jnibench.jmhbench.GetJNIBenchmark.getIntoIndirectByteBufferGetCritical:getIntoIndirectByteBufferGetCritical·p0.50","sample",1,1,1040.000000,NaN,"ns/op",1024,1,copyout,16384
"com.evolvedbinary.jnibench.jmhbench.GetJNIBenchmark.getIntoIndirectByteBufferGetCritical:getIntoIndirectByteBufferGetCritical·p0.90","sample",1,1,1208.000000,NaN,"ns/op",1024,1,copyout,16384
"com.evolvedbinary.jnibench.jmhbench.GetJNIBenchmark.getIntoIndirectByteBufferGetCritical:getIntoIndirectByteBufferGetCritical·p0.95","sample",1,1,1250.000000,NaN,"ns/op",1024,1,copyout,16384
"com.evolvedbinary.jnibench.jmhbench.GetJNIBenchmark.getIntoIndirectByteBufferGetCritical:getIntoIndirectByteBufferGetCritical·p0.99","sample",1,1,1416.000000,NaN,"ns/op",1024,1,copyout,16384
"com.evolvedbinary.jnibench.jmhbench.GetJNIBenchmark.getIntoIndirectByteBufferGetCritical:getIntoIndirectByteBufferGetCritical·p0.999","sample",1,1,4912.000000,NaN,"ns/op",1024,1,copyout,16384
"com.evolvedbinary.jnibench.jmhbench.GetJNIBenchmark.getIntoIndirectByteBufferGetCritical:getIntoIndirectByteBufferGetCritical·p0.9999","sample",1,1,18848.000000,NaN,"ns/op",1024,1,copyout,16384
"com.evolvedbinary.jnibench.jmhbench.GetJNIBenchmark.getIntoIndirectByteBufferGetCritical:getIntoIndirectByteBufferGetCritical·p1.00","sample",1,1,1230848.000000,NaN,"ns/op",1024,1,copyout,16384
"com.evolvedbinary.jnibench.jmhbench.GetJNIBenchmark.getIntoIndirectByteBufferGetCritical","sample",1,2953322,1535.724146,2.222808,"ns/op",1024,1,copyout,32768
"com.evolvedbinary.jnibench.jmhbench.GetJNIBenchmark.getIntoIndirectByteBufferGetCritical:getIntoIndirectByteBufferGetCritical·p0.00","sample",1,1,1000.000000,NaN,"ns/op",1024,1,copyout,32768
"com.evolvedbinary.jnibench.jmhbench.GetJNIBenchmark.getIntoIndirectByteBufferGetCritical:getIntoIndirectByteBufferGetCritical·p0.50","sample",1,1,1458.000000,NaN,"ns/op",1024,1,copyout,32768
"com.evolvedbinary.jnibench.jmhbench.GetJNIBenchmark.getIntoIndirectByteBufferGetCritical:getIntoIndirectByteBufferGetCritical·p0.90","sample",1,1,1750.000000,NaN,"ns/op",1024,1,copyout,32768
"com.evolvedbinary.jnibench.jmhbench.GetJNIBenchmark.getIntoIndirectByteBufferGetCritical:getIntoIndirectByteBufferGetCritical·p0.95","sample",1,1,1874.000000,NaN,"ns/op",1024,1,copyout,32768
"com.evolvedbinary.jnibench.jmhbench.GetJNIBenchmark.getIntoIndirectByteBufferGetCritical:getIntoIndirectByteBufferGetCritical·p0.99","sample",1,1,2164.000000,NaN,"ns/op",1024,1,copyout,32768
"com.evolvedbinary.jnibench.jmhbench.GetJNIBenchmark.getIntoIndirectByteBufferGetCritical:getIntoIndirectByteBufferGetCritical·p0.999","sample",1,1,6832.000000,NaN,"ns/op",1024,1,copyout,32768
"com.evolvedbinary.jnibench.jmhbench.GetJNIBenchmark.getIntoIndirectByteBufferGetCritical:getIntoIndirectByteBufferGetCritical·p0.9999","sample",1,1,23680.000000,NaN,"ns/op",1024,1,copyout,32768
"com.evolvedbinary.jnibench.jmhbench.GetJNIBenchmark.getIntoIndirectByteBufferGetCritical:getIntoIndirectByteBufferGetCritical·p1.00","sample",1,1,1628160.000000,NaN,"ns/op",1024,1,copyout,32768
"com.evolvedbinary.jnibench.jmhbench.GetJNIBenchmark.getIntoIndirectByteBufferGetCritical","sample",1,3004666,2669.221710,3.539864,"ns/op",1024,1,copyout,65536
"com.evolvedbinary.jnibench.jmhbench.GetJNIBenchmark.getIntoIndirectByteBufferGetCritical:getIntoIndirectByteBufferGetCritical·p0.00","sample",1,1,2248.000000,NaN,"ns/op",1024,1,copyout,65536
"com.evolvedbinary.jnibench.jmhbench.GetJNIBenchmark.getIntoIndirectByteBufferGetCritical:getIntoIndirectByteBufferGetCritical·p0.50","sample",1,1,2624.000000,NaN,"ns/op",1024,1,copyout,65536
"com.evolvedbinary.jnibench.jmhbench.GetJNIBenchmark.getIntoIndirectByteBufferGetCritical:getIntoIndirectByteBufferGetCritical·p0.90","sample",1,1,2832.000000,NaN,"ns/op",1024,1,copyout,65536
"com.evolvedbinary.jnibench.jmhbench.GetJNIBenchmark.getIntoIndirectByteBufferGetCritical:getIntoIndirectByteBufferGetCritical·p0.95","sample",1,1,2872.000000,NaN,"ns/op",1024,1,copyout,65536
"com.evolvedbinary.jnibench.jmhbench.GetJNIBenchmark.getIntoIndirectByteBufferGetCritical:getIntoIndirectByteBufferGetCritical·p0.99","sample",1,1,3164.000000,NaN,"ns/op",1024,1,copyout,65536
"com.evolvedbinary.jnibench.jmhbench.GetJNIBenchmark.getIntoIndirectByteBufferGetCritical:getIntoIndirectByteBufferGetCritical·p0.999","sample",1,1,8120.000000,NaN,"ns/op",1024,1,copyout,65536
"com.evolvedbinary.jnibench.jmhbench.GetJNIBenchmark.getIntoIndirectByteBufferGetCritical:getIntoIndirectByteBufferGetCritical·p0.9999","sample",1,1,22675.196800,NaN,"ns/op",1024,1,copyout,65536
"com.evolvedbinary.jnibench.jmhbench.GetJNIBenchmark.getIntoIndirectByteBufferGetCritical:getIntoIndirectByteBufferGetCritical·p1.00","sample",1,1,1789952.000000,NaN,"ns/op",1024,1,copyout,65536
"com.evolvedbinary.jnibench.jmhbench.GetJNIBenchmark.getIntoIndirectByteBufferGetElements","sample",1,4060243,508.078745,1.381590,"ns/op",1024,1,none,10
"com.evolvedbinary.jnibench.jmhbench.GetJNIBenchmark.getIntoIndirectByteBufferGetElements:getIntoIndirectByteBufferGetElements·p0.00","sample",1,1,166.000000,NaN,"ns/op",1024,1,none,10
"com.evolvedbinary.jnibench.jmhbench.GetJNIBenchmark.getIntoIndirectByteBufferGetElements:getIntoIndirectByteBufferGetElements·p0.50","sample",1,1,500.000000,NaN,"ns/op",1024,1,none,10
"com.evolvedbinary.jnibench.jmhbench.GetJNIBenchmark.getIntoIndirectByteBufferGetElements:getIntoIndirectByteBufferGetElements·p0.90","sample",1,1,500.000000,NaN,"ns/op",1024,1,none,10
"com.evolvedbinary.jnibench.jmhbench.GetJNIBenchmark.getIntoIndirectByteBufferGetElements:getIntoIndirectByteBufferGetElements·p0.95","sample",1,1,542.000000,NaN,"ns/op",1024,1,none,10
"com.evolvedbinary.jnibench.jmhbench.GetJNIBenchmark.getIntoIndirectByteBufferGetElements:getIntoIndirectByteBufferGetElements·p0.99","sample",1,1,584.000000,NaN,"ns/op",1024,1,none,10
"com.evolvedbinary.jnibench.jmhbench.GetJNIBenchmark.getIntoIndirectByteBufferGetElements:getIntoIndirectByteBufferGetElements·p0.999","sample",1,1,4084.000000,NaN,"ns/op",1024,1,none,10
"com.evolvedbinary.jnibench.jmhbench.GetJNIBenchmark.getIntoIndirectByteBufferGetElements:getIntoIndirectByteBufferGetElements·p0.9999","sample",1,1,14080.000000,NaN,"ns/op",1024,1,none,10
"com.evolvedbinary.jnibench.jmhbench.GetJNIBenchmark.getIntoIndirectByteBufferGetElements:getIntoIndirectByteBufferGetElements·p1.00","sample",1,1,1519616.000000,NaN,"ns/op",1024,1,none,10
"com.evolvedbinary.jnibench.jmhbench.GetJNIBenchmark.getIntoIndirectByteBufferGetElements","sample",1,4020975,514.732562,0.737790,"ns/op",1024,1,none,50
"com.evolvedbinary.jnibench.jmhbench.GetJNIBenchmark.getIntoIndirectByteBufferGetElements:getIntoIndirectByteBufferGetElements·p0.00","sample",1,1,167.000000,NaN,"ns/op",1024,1,none,50
"com.evolvedbinary.jnibench.jmhbench.GetJNIBenchmark.getIntoIndirectByteBufferGetElements:getIntoIndirectByteBufferGetElements·p0.50","sample",1,1,500.000000,NaN,"ns/op",1024,1,none,50
"com.evolvedbinary.jnibench.jmhbench.GetJNIBenchmark.getIntoIndirectByteBufferGetElements:getIntoIndirectByteBufferGetElements·p0.90","sample",1,1,542.000000,NaN,"ns/op",1024,1,none,50
"com.evolvedbinary.jnibench.jmhbench.GetJNIBenchmark.getIntoIndirectByteBufferGetElements:getIntoIndirectByteBufferGetElements·p0.95","sample",1,1,542.000000,NaN,"ns/op",1024,1,none,50
"com.evolvedbinary.jnibench.jmhbench.GetJNIBenchmark.getIntoIndirectByteBufferGetElements:getIntoIndirectByteBufferGetElements·p0.99","sample",1,1,584.000000,NaN,"ns/op",1024,1,none,50
"com.evolvedbinary.jnibench.jmhbench.GetJNIBenchmark.getIntoIndirectByteBufferGetElements:getIntoIndirectByteBufferGetElements·p0.999","sample",1,1,4368.000000,NaN,"ns/op",1024,1,none,50
"com.evolvedbinary.jnibench.jmhbench.GetJNIBenchmark.getIntoIndirectByteBufferGetElements:getIntoIndirectByteBufferGetElements·p0.9999","sample",1,1,14576.000000,NaN,"ns/op",1024,1,none,50
"com.evolvedbinary.jnibench.jmhbench.GetJNIBenchmark.getIntoIndirectByteBufferGetElements:getIntoIndirectByteBufferGetElements·p1.00","sample",1,1,412672.000000,NaN,"ns/op",1024,1,none,50
"com.evolvedbinary.jnibench.jmhbench.GetJNIBenchmark.getIntoIndirectByteBufferGetElements","sample",1,3797031,542.608445,1.882733,"ns/op",1024,1,none,512
"com.evolvedbinary.jnibench.jmhbench.GetJNIBenchmark.getIntoIndirectByteBufferGetElements:getIntoIndirectByteBufferGetElements·p0.00","sample",1,1,208.000000,NaN,"ns/op",1024,1,none,512
"com.evolvedbinary.jnibench.jmhbench.GetJNIBenchmark.getIntoIndirectByteBufferGetElements:getIntoIndirectByteBufferGetElements·p0.50","sample",1,1,541.000000,NaN,"ns/op",1024,1,none,512
"com.evolvedbinary.jnibench.jmhbench.GetJNIBenchmark.getIntoIndirectByteBufferGetElements:getIntoIndirectByteBufferGetElements·p0.90","sample",1,1,542.000000,NaN,"ns/op",1024,1,none,512
"com.evolvedbinary.jnibench.jmhbench.GetJNIBenchmark.getIntoIndirectByteBufferGetElements:getIntoIndirectByteBufferGetElements·p0.95","sample",1,1,542.000000,NaN,"ns/op",1024,1,none,512
"com.evolvedbinary.jnibench.jmhbench.GetJNIBenchmark.getIntoIndirectByteBufferGetElements:getIntoIndirectByteBufferGetElements·p0.99","sample",1,1,625.000000,NaN,"ns/op",1024,1,none,512
"com.evolvedbinary.jnibench.jmhbench.GetJNIBenchmark.getIntoIndirectByteBufferGetElements:getIntoIndirectByteBufferGetElements·p0.999","sample",1,1,5080.000000,NaN,"ns/op",1024,1,none,512
"com.evolvedbinary.jnibench.jmhbench.GetJNIBenchmark.getIntoIndirectByteBufferGetElements:getIntoIndirectByteBufferGetElements·p0.9999","sample",1,1,11294.246400,NaN,"ns/op",1024,1,none,512
"com.evolvedbinary.jnibench.jmhbench.GetJNIBenchmark.getIntoIndirectByteBufferGetElements:getIntoIndirectByteBufferGetElements·p1.00","sample",1,1,2068480.000000,NaN,"ns/op",1024,1,none,512
"com.evolvedbinary.jnibench.jmhbench.GetJNIBenchmark.getIntoIndirectByteBufferGetElements","sample",1,3778394,544.011328,2.053732,"ns/op",1024,1,none,1024
"com.evolvedbinary.jnibench.jmhbench.GetJNIBenchmark.getIntoIndirectByteBufferGetElements:getIntoIndirectByteBufferGetElements·p0.00","sample",1,1,167.000000,NaN,"ns/op",1024,1,none,1024
"com.evolvedbinary.jnibench.jmhbench.GetJNIBenchmark.getIntoIndirectByteBufferGetElements:getIntoIndirectByteBufferGetElements·p0.50","sample",1,1,542.000000,NaN,"ns/op",1024,1,none,1024
"com.evolvedbinary.jnibench.jmhbench.GetJNIBenchmark.getIntoIndirectByteBufferGetElements:getIntoIndirectByteBufferGetElements·p0.90","sample",1,1,542.000000,NaN,"ns/op",1024,1,none,1024
"com.evolvedbinary.jnibench.jmhbench.GetJNIBenchmark.getIntoIndirectByteBufferGetElements:getIntoIndirectByteBufferGetElements·p0.95","sample",1,1,542.000000,NaN,"ns/op",1024,1,none,1024
"com.evolvedbinary.jnibench.jmhbench.GetJNIBenchmark.getIntoIndirectByteBufferGetElements:getIntoIndirectByteBufferGetElements·p0.99","sample",1,1,584.000000,NaN,"ns/op",1024,1,none,1024
"com.evolvedbinary.jnibench.jmhbench.GetJNIBenchmark.getIntoIndirectByteBufferGetElements:getIntoIndirectByteBufferGetElements·p0.999","sample",1,1,3372.000000,NaN,"ns/op",1024,1,none,1024
"com.evolvedbinary.jnibench.jmhbench.GetJNIBenchmark.getIntoIndirectByteBufferGetElements:getIntoIndirectByteBufferGetElements·p0.9999","sample",1,1,12864.000000,NaN,"ns/op",1024,1,none,1024
"com.evolvedbinary.jnibench.jmhbench.GetJNIBenchmark.getIntoIndirectByteBufferGetElements:getIntoIndirectByteBufferGetElements·p1.00","sample",1,1,2232320.000000,NaN,"ns/op",1024,1,none,1024
"com.evolvedbinary.jnibench.jmhbench.GetJNIBenchmark.getIntoIndirectByteBufferGetElements","sample",1,3017669,677.613172,0.893638,"ns/op",1024,1,none,4096
"com.evolvedbinary.jnibench.jmhbench.GetJNIBenchmark.getIntoIndirectByteBufferGetElements:getIntoIndirectByteBufferGetElements·p0.00","sample",1,1,250.000000,NaN,"ns/op",1024,1,none,4096
"com.evolvedbinary.jnibench.jmhbench.GetJNIBenchmark.getIntoIndirectByteBufferGetElements:getIntoIndirectByteBufferGetElements·p0.50","sample",1,1,625.000000,NaN,"ns/op",1024,1,none,4096
"com.evolvedbinary.jnibench.jmhbench.GetJNIBenchmark.getIntoIndirectByteBufferGetElements:getIntoIndirectByteBufferGetElements·p0.90","sample",1,1,750.000000,NaN,"ns/op",1024,1,none,4096
"com.evolvedbinary.jnibench.jmhbench.GetJNIBenchmark.getIntoIndirectByteBufferGetElements:getIntoIndirectByteBufferGetElements·p0.95","sample",1,1,792.000000,NaN,"ns/op",1024,1,none,4096
"com.evolvedbinary.jnibench.jmhbench.GetJNIBenchmark.getIntoIndirectByteBufferGetElements:getIntoIndirectByteBufferGetElements·p0.99","sample",1,1,917.000000,NaN,"ns/op",1024,1,none,4096
"com.evolvedbinary.jnibench.jmhbench.GetJNIBenchmark.getIntoIndirectByteBufferGetElements:getIntoIndirectByteBufferGetElements·p0.999","sample",1,1,3084.000000,NaN,"ns/op",1024,1,none,4096
"com.evolvedbinary.jnibench.jmhbench.GetJNIBenchmark.getIntoIndirectByteBufferGetElements:getIntoIndirectByteBufferGetElements·p0.9999","sample",1,1,12448.000000,NaN,"ns/op",1024,1,none,4096
"com.evolvedbinary.jnibench.jmhbench.GetJNIBenchmark.getIntoIndirectByteBufferGetElements:getIntoIndirectByteBufferGetElements·p1.00","sample",1,1,350208.000000,NaN,"ns/op",1024,1,none,4096
"com.evolvedbinary.jnibench.jmhbench.GetJNIBenchmark.getIntoIndirectByteBufferGetElements","sample",1,3376124,1356.206130,2.726110,"ns/op",1024,1,none,16384
"com.evolvedbinary.jnibench.jmhbench.GetJNIBenchmark.getIntoIndirectByteBufferGetElements:getIntoIndirectByteBufferGetElements·p0.00","sample",1,1,917.000000,NaN,"ns/op",1024,1,none,16384
"com.evolvedbinary.jnibench.jmhbench.GetJNIBenchmark.getIntoIndirectByteBufferGetElements:getIntoIndirectByteBufferGetElements·p0.50","sample",1,1,1166.000000,NaN,"ns/op",1024,1,none,16384
"com.evolvedbinary.jnibench.jmhbench.GetJNIBenchmark.getIntoIndirectByteBufferGetElements:getIntoIndirectByteBufferGetElements·p0.90","sample",1,1,2080.000000,NaN,"ns/op",1024,1,none,16384
"com.evolvedbinary.jnibench.jmhbench.GetJNIBenchmark.getIntoIndirectByteBufferGetElements:getIntoIndirectByteBufferGetElements·p0.95","sample",1,1,2124.000000,NaN,"ns/op",1024,1,none,16384
"com.evolvedbinary.jnibench.jmhbench.GetJNIBenchmark.getIntoIndirectByteBufferGetElements:getIntoIndirectByteBufferGetElements·p0.99","sample",1,1,2208.000000,NaN,"ns/op",1024,1,none,16384
"com.evolvedbinary.jnibench.jmhbench.GetJNIBenchmark.getIntoIndirectByteBufferGetElements:getIntoIndirectByteBufferGetElements·p0.999","sample",1,1,4952.000000,NaN,"ns/op",1024,1,none,16384
"com.evolvedbinary.jnibench.jmhbench.GetJNIBenchmark.getIntoIndirectByteBufferGetElements:getIntoIndirectByteBufferGetElements·p0.9999","sample",1,1,12846.000000,NaN,"ns/op",1024,1,none,16384
"com.evolvedbinary.jnibench.jmhbench.GetJNIBenchmark.getIntoIndirectByteBufferGetElements:getIntoIndirectByteBufferGetElements·p1.00","sample",1,1,1945600.000000,NaN,"ns/op",1024,1,none,16384
"com.evolvedbinary.jnibench.jmhbench.GetJNIBenchmark.getIntoIndirectByteBufferGetElements","sample",1,4581029,1742.001103,0.573555,"ns/op",1024,1,none,32768
"com.evolvedbinary.jnibench.jmhbench.GetJNIBenchmark.getIntoIndirectByteBufferGetElements:getIntoIndirectByteBufferGetElements·p0.00","sample",1,1,1250.000000,NaN,"ns/op",1024,1,none,32768
"com.evolvedbinary.jnibench.jmhbench.GetJNIBenchmark.getIntoIndirectByteBufferGetElements:getIntoIndirectByteBufferGetElements·p0.50","sample",1,1,1708.000000,NaN,"ns/op",1024,1,none,32768
"com.evolvedbinary.jnibench.jmhbench.GetJNIBenchmark.getIntoIndirectByteBufferGetElements:getIntoIndirectByteBufferGetElements·p0.90","sample",1,1,1792.000000,NaN,"ns/op",1024,1,none,32768
"com.evolvedbinary.jnibench.jmhbench.GetJNIBenchmark.getIntoIndirectByteBufferGetElements:getIntoIndirectByteBufferGetElements·p0.95","sample",1,1,1792.000000,NaN,"ns/op",1024,1,none,32768
"com.evolvedbinary.jnibench.jmhbench.GetJNIBenchmark.getIntoIndirectByteBufferGetElements:getIntoIndirectByteBufferGetElements·p0.99","sample",1,1,2042.000000,NaN,"ns/op",1024,1,none,32768
"com.evolvedbinary.jnibench.jmhbench.GetJNIBenchmark.getIntoIndirectByteBufferGetElements:getIntoIndirectByteBufferGetElements·p0.999","sample",1,1,5248.000000,NaN,"ns/op",1024,1,none,32768
"com.evolvedbinary.jnibench.jmhbench.GetJNIBenchmark.getIntoIndirectByteBufferGetElements:getIntoIndirectByteBufferGetElements·p0.9999","sample",1,1,15995.056000,NaN,"ns/op",1024,1,none,32768
"com.evolvedbinary.jnibench.jmhbench.GetJNIBenchmark.getIntoIndirectByteBufferGetElements:getIntoIndirectByteBufferGetElements·p1.00","sample",1,1,176640.000000,NaN,"ns/op",1024,1,none,32768
"com.evolvedbinary.jnibench.jmhbench.GetJNIBenchmark.getIntoIndirectByteBufferGetElements","sample",1,2684532,2991.054752,3.254639,"ns/op",1024,1,none,65536
"com.evolvedbinary.jnibench.jmhbench.GetJNIBenchmark.getIntoIndirectByteBufferGetElements:getIntoIndirectByteBufferGetElements·p0.00","sample",1,1,2288.000000,NaN,"ns/op",1024,1,none,65536
"com.evolvedbinary.jnibench.jmhbench.GetJNIBenchmark.getIntoIndirectByteBufferGetElements:getIntoIndirectByteBufferGetElements·p0.50","sample",1,1,2956.000000,NaN,"ns/op",1024,1,none,65536
"com.evolvedbinary.jnibench.jmhbench.GetJNIBenchmark.getIntoIndirectByteBufferGetElements:getIntoIndirectByteBufferGetElements·p0.90","sample",1,1,3000.000000,NaN,"ns/op",1024,1,none,65536
"com.evolvedbinary.jnibench.jmhbench.GetJNIBenchmark.getIntoIndirectByteBufferGetElements:getIntoIndirectByteBufferGetElements·p0.95","sample",1,1,3040.000000,NaN,"ns/op",1024,1,none,65536
"com.evolvedbinary.jnibench.jmhbench.GetJNIBenchmark.getIntoIndirectByteBufferGetElements:getIntoIndirectByteBufferGetElements·p0.99","sample",1,1,3372.000000,NaN,"ns/op",1024,1,none,65536
"com.evolvedbinary.jnibench.jmhbench.GetJNIBenchmark.getIntoIndirectByteBufferGetElements:getIntoIndirectByteBufferGetElements·p0.999","sample",1,1,8320.000000,NaN,"ns/op",1024,1,none,65536
"com.evolvedbinary.jnibench.jmhbench.GetJNIBenchmark.getIntoIndirectByteBufferGetElements:getIntoIndirectByteBufferGetElements·p0.9999","sample",1,1,25745.494400,NaN,"ns/op",1024,1,none,65536
"com.evolvedbinary.jnibench.jmhbench.GetJNIBenchmark.getIntoIndirectByteBufferGetElements:getIntoIndirectByteBufferGetElements·p1.00","sample",1,1,1847296.000000,NaN,"ns/op",1024,1,none,65536
"com.evolvedbinary.jnibench.jmhbench.GetJNIBenchmark.getIntoIndirectByteBufferGetElements","sample",1,4045421,508.906313,2.036873,"ns/op",1024,1,copyout,10
"com.evolvedbinary.jnibench.jmhbench.GetJNIBenchmark.getIntoIndirectByteBufferGetElements:getIntoIndirectByteBufferGetElements·p0.00","sample",1,1,125.000000,NaN,"ns/op",1024,1,copyout,10
"com.evolvedbinary.jnibench.jmhbench.GetJNIBenchmark.getIntoIndirectByteBufferGetElements:getIntoIndirectByteBufferGetElements·p0.50","sample",1,1,500.000000,NaN,"ns/op",1024,1,copyout,10
"com.evolvedbinary.jnibench.jmhbench.GetJNIBenchmark.getIntoIndirectByteBufferGetElements:getIntoIndirectByteBufferGetElements·p0.90","sample",1,1,500.000000,NaN,"ns/op",1024,1,copyout,10
"com.evolvedbinary.jnibench.jmhbench.GetJNIBenchmark.getIntoIndirectByteBufferGetElements:getIntoIndirectByteBufferGetElements·p0.95","sample",1,1,500.000000,NaN,"ns/op",1024,1,copyout,10
"com.evolvedbinary.jnibench.jmhbench.GetJNIBenchmark.getIntoIndirectByteBufferGetElements:getIntoIndirectByteBufferGetElements·p0.99","sample",1,1,542.000000,NaN,"ns/op",1024,1,copyout,10
"com.evolvedbinary.jnibench.jmhbench.GetJNIBenchmark.getIntoIndirectByteBufferGetElements:getIntoIndirectByteBufferGetElements·p0.999","sample",1,1,2916.000000,NaN,"ns/op",1024,1,copyout,10
"com.evolvedbinary.jnibench.jmhbench.GetJNIBenchmark.getIntoIndirectByteBufferGetElements:getIntoIndirectByteBufferGetElements·p0.9999","sample",1,1,12944.000000,NaN,"ns/op",1024,1,copyout,10
"com.evolvedbinary.jnibench.jmhbench.GetJNIBenchmark.getIntoIndirectByteBufferGetElements:getIntoIndirectByteBufferGetElements·p1.00","sample",1,1,1822720.000000,NaN,"ns/op",1024,1,copyout,10
"com.evolvedbinary.jnibench.jmhbench.GetJNIBenchmark.getIntoIndirectByteBufferGetElements","sample",1,4027803,510.259843,1.401162,"ns/op",1024,1,copyout,50
"com.evolvedbinary.jnibench.jmhbench.GetJNIBenchmark.getIntoIndirectByteBufferGetElements:getIntoIndirectByteBufferGetElements·p0.00","sample",1,1,83.000000,NaN,"ns/op",1024,1,copyout,50
"com.evolvedbinary.jnibench.jmhbench.GetJNIBenchmark.getIntoIndirectByteBufferGetElements:getIntoIndirectByteBufferGetElements·p0.50","sample",1,1,500.000000,NaN,"ns/op",1024,1,copyout,50
"com.evolvedbinary.jnibench.jmhbench.GetJNIBenchmark.getIntoIndirectByteBufferGetElements:getIntoIndirectByteBufferGetElements·p0.90","sample",1,1,500.000000,NaN,"ns/op",1024,1,copyout,50
"com.evolvedbinary.jnibench.jmhbench.GetJNIBenchmark.getIntoIndirectByteBufferGetElements:getIntoIndirectByteBufferGetElements·p0.95","sample",1,1,541.000000,NaN,"ns/op",1024,1,copyout,50
"com.evolvedbinary.jnibench.jmhbench.GetJNIBenchmark.getIntoIndirectByteBufferGetElements:getIntoIndirectByteBufferGetElements·p0.99","sample",1,1,542.000000,NaN,"ns/op",1024,1,copyout,50
"com.evolvedbinary.jnibench.jmhbench.GetJNIBenchmark.getIntoIndirectByteBufferGetElements:getIntoIndirectByteBufferGetElements·p0.999","sample",1,1,2748.000000,NaN,"ns/op",1024,1,copyout,50
"com.evolvedbinary.jnibench.jmhbench.GetJNIBenchmark.getIntoIndirectByteBufferGetElements:getIntoIndirectByteBufferGetElements·p0.9999","sample",1,1,14288.000000,NaN,"ns/op",1024,1,copyout,50
"com.evolvedbinary.jnibench.jmhbench.GetJNIBenchmark.getIntoIndirectByteBufferGetElements:getIntoIndirectByteBufferGetElements·p1.00","sample",1,1,1533952.000000,NaN,"ns/op",1024,1,copyout,50
"com.evolvedbinary.jnibench.jmhbench.GetJNIBenchmark.getIntoIndirectByteBufferGetElements","sample",1,3650282,562.216560,2.574513,"ns/op",1024,1,copyout,512
"com.evolvedbinary.jnibench.jmhbench.GetJNIBenchmark.getIntoIndirectByteBufferGetElements:getIntoIndirectByteBufferGetElements·p0.00","sample",1,1,41.000000,NaN,"ns/op",1024,1,copyout,512
"com.evolvedbinary.jnibench.jmhbench.GetJNIBenchmark.getIntoIndirectByteBufferGetElements:getIntoIndirectByteBufferGetElements·p0.50","sample",1,1,542.000000,NaN,"ns/op",1024,1,copyout,512
"com.evolvedbinary.jnibench.jmhbench.GetJNIBenchmark.getIntoIndirectByteBufferGetElements:getIntoIndirectByteBufferGetElements·p0.90","sample",1,1,584.000000,NaN,"ns/op",1024,1,copyout,512
"com.evolvedbinary.jnibench.jmhbench.GetJNIBenchmark.getIntoIndirectByteBufferGetElements:getIntoIndirectByteBufferGetElements·p0.95","sample",1,1,667.000000,NaN,"ns/op",1024,1,copyout,512
"com.evolvedbinary.jnibench.jmhbench.GetJNIBenchmark.getIntoIndirectByteBufferGetElements:getIntoIndirectByteBufferGetElements·p0.99","sample",1,1,1042.000000,NaN,"ns/op",1024,1,copyout,512
"com.evolvedbinary.jnibench.jmhbench.GetJNIBenchmark.getIntoIndirectByteBufferGetElements:getIntoIndirectByteBufferGetElements·p0.999","sample",1,1,3332.000000,NaN,"ns/op",1024,1,copyout,512
"com.evolvedbinary.jnibench.jmhbench.GetJNIBenchmark.getIntoIndirectByteBufferGetElements:getIntoIndirectByteBufferGetElements·p0.9999","sample",1,1,13200.000000,NaN,"ns/op",1024,1,copyout,512
"com.evolvedbinary.jnibench.jmhbench.GetJNIBenchmark.getIntoIndirectByteBufferGetElements:getIntoIndirectByteBufferGetElements·p1.00","sample",1,1,2203648.000000,NaN,"ns/op",1024,1,copyout,512
"com.evolvedbinary.jnibench.jmhbench.GetJNIBenchmark.getIntoIndirectByteBufferGetElements","sample",1,3451847,596.366227,4.681878,"ns/op",1024,1,copyout,1024
"com.evolvedbinary.jnibench.jmhbench.GetJNIBenchmark.getIntoIndirectByteBufferGetElements:getIntoIndirectByteBufferGetElements·p0.00","sample",1,1,167.000000,NaN,"ns/op",1024,1,copyout,1024
"com.evolvedbinary.jnibench.jmhbench.GetJNIBenchmark.getIntoIndirectByteBufferGetElements:getIntoIndirectByteBufferGetElements·p0.50","sample",1,1,542.000000,NaN,"ns/op",1024,1,copyout,1024
"com.evolvedbinary.jnibench.jmhbench.GetJNIBenchmark.getIntoIndirectByteBufferGetElements:getIntoIndirectByteBufferGetElements·p0.90","sample",1,1,625.000000,NaN,"ns/op",1024,1,copyout,1024
"com.evolvedbinary.jnibench.jmhbench.GetJNIBenchmark.getIntoIndirectByteBufferGetElements:getIntoIndirectByteBufferGetElements·p0.95","sample",1,1,792.000000,NaN,"ns/op",1024,1,copyout,1024
"com.evolvedbinary.jnibench.jmhbench.GetJNIBenchmark.getIntoIndirectByteBufferGetElements:getIntoIndirectByteBufferGetElements·p0.99","sample",1,1,1124.000000,NaN,"ns/op",1024,1,copyout,1024
"com.evolvedbinary.jnibench.jmhbench.GetJNIBenchmark.getIntoIndirectByteBufferGetElements:getIntoIndirectByteBufferGetElements·p0.999","sample",1,1,3832.000000,NaN,"ns/op",1024,1,copyout,1024
"com.evolvedbinary.jnibench.jmhbench.GetJNIBenchmark.getIntoIndirectByteBufferGetElements:getIntoIndirectByteBufferGetElements·p0.9999","sample",1,1,15655.129600,NaN,"ns/op",1024,1,copyout,1024
"com.evolvedbinary.jnibench.jmhbench.GetJNIBenchmark.getIntoIndirectByteBufferGetElements:getIntoIndirectByteBufferGetElements·p1.00","sample",1,1,4513792.000000,NaN,"ns/op",1024,1,copyout,1024
"com.evolvedbinary.jnibench.jmhbench.GetJNIBenchmark.getIntoIndirectByteBufferGetElements","sample",1,2941093,800.198008,2.738882,"ns/op",1024,1,copyout,4096
"com.evolvedbinary.jnibench.jmhbench.GetJNIBenchmark.getIntoIndirectByteBufferGetElements:getIntoIndirectByteBufferGetElements·p0.00","sample",1,1,292.000000,NaN,"ns/op",1024,1,copyout,4096
"com.evolvedbinary.jnibench.jmhbench.GetJNIBenchmark.getIntoIndirectByteBufferGetElements:getIntoIndirectByteBufferGetElements·p0.50","sample",1,1,750.000000,NaN,"ns/op",1024,1,copyout,4096
"com.evolvedbinary.jnibench.jmhbench.GetJNIBenchmark.getIntoIndirectByteBufferGetElements:getIntoIndirectByteBufferGetElements·p0.90","sample",1,1,917.000000,NaN,"ns/op",1024,1,copyout,4096
"com.evolvedbinary.jnibench.jmhbench.GetJNIBenchmark.getIntoIndirectByteBufferGetElements:getIntoIndirectByteBufferGetElements·p0.95","sample",1,1,958.000000,NaN,"ns/op",1024,1,copyout,4096
"com.evolvedbinary.jnibench.jmhbench.GetJNIBenchmark.getIntoIndirectByteBufferGetElements:getIntoIndirectByteBufferGetElements·p0.99","sample",1,1,1166.000000,NaN,"ns/op",1024,1,copyout,4096
"com.evolvedbinary.jnibench.jmhbench.GetJNIBenchmark.getIntoIndirectByteBufferGetElements:getIntoIndirectByteBufferGetElements·p0.999","sample",1,1,4328.000000,NaN,"ns/op",1024,1,copyout,4096
"com.evolvedbinary.jnibench.jmhbench.GetJNIBenchmark.getIntoIndirectByteBufferGetElements:getIntoIndirectByteBufferGetElements·p0.9999","sample",1,1,16476.499200,NaN,"ns/op",1024,1,copyout,4096
"com.evolvedbinary.jnibench.jmhbench.GetJNIBenchmark.getIntoIndirectByteBufferGetElements:getIntoIndirectByteBufferGetElements·p1.00","sample",1,1,1656832.000000,NaN,"ns/op",1024,1,copyout,4096
"com.evolvedbinary.jnibench.jmhbench.GetJNIBenchmark.getIntoIndirectByteBufferGetElements","sample",1,2821325,1535.759309,2.772631,"ns/op",1024,1,copyout,16384
"com.evolvedbinary.jnibench.jmhbench.GetJNIBenchmark.getIntoIndirectByteBufferGetElements:getIntoIndirectByteBufferGetElements·p0.00","sample",1,1,1166.000000,NaN,"ns/op",1024,1,copyout,16384
"com.evolvedbinary.jnibench.jmhbench.GetJNIBenchmark.getIntoIndirectByteBufferGetElements:getIntoIndirectByteBufferGetElements·p0.50","sample",1,1,1458.000000,NaN,"ns/op",1024,1,copyout,16384
"com.evolvedbinary.jnibench.jmhbench.GetJNIBenchmark.getIntoIndirectByteBufferGetElements:getIntoIndirectByteBufferGetElements·p0.90","sample",1,1,1624.000000,NaN,"ns/op",1024,1,copyout,16384
"com.evolvedbinary.jnibench.jmhbench.GetJNIBenchmark.getIntoIndirectByteBufferGetElements:getIntoIndirectByteBufferGetElements·p0.95","sample",1,1,1790.000000,NaN,"ns/op",1024,1,copyout,16384
"com.evolvedbinary.jnibench.jmhbench.GetJNIBenchmark.getIntoIndirectByteBufferGetElements:getIntoIndirectByteBufferGetElements·p0.99","sample",1,1,2624.000000,NaN,"ns/op",1024,1,copyout,16384
"com.evolvedbinary.jnibench.jmhbench.GetJNIBenchmark.getIntoIndirectByteBufferGetElements:getIntoIndirectByteBufferGetElements·p0.999","sample",1,1,6536.000000,NaN,"ns/op",1024,1,copyout,16384
"com.evolvedbinary.jnibench.jmhbench.GetJNIBenchmark.getIntoIndirectByteBufferGetElements:getIntoIndirectByteBufferGetElements·p0.9999","sample",1,1,24582.540800,NaN,"ns/op",1024,1,copyout,16384
"com.evolvedbinary.jnibench.jmhbench.GetJNIBenchmark.getIntoIndirectByteBufferGetElements:getIntoIndirectByteBufferGetElements·p1.00","sample",1,1,1585152.000000,NaN,"ns/op",1024,1,copyout,16384
"com.evolvedbinary.jnibench.jmhbench.GetJNIBenchmark.getIntoIndirectByteBufferGetElements","sample",1,3585100,2245.516319,0.872595,"ns/op",1024,1,copyout,32768
"com.evolvedbinary.jnibench.jmhbench.GetJNIBenchmark.getIntoIndirectByteBufferGetElements:getIntoIndirectByteBufferGetElements·p0.00","sample",1,1,1666.000000,NaN,"ns/op",1024,1,copyout,32768
"com.evolvedbinary.jnibench.jmhbench.GetJNIBenchmark.getIntoIndirectByteBufferGetElements:getIntoIndirectByteBufferGetElements·p0.50","sample",1,1,2164.000000,NaN,"ns/op",1024,1,copyout,32768
"com.evolvedbinary.jnibench.jmhbench.GetJNIBenchmark.getIntoIndirectByteBufferGetElements:getIntoIndirectByteBufferGetElements·p0.90","sample",1,1,2372.000000,NaN,"ns/op",1024,1,copyout,32768
"com.evolvedbinary.jnibench.jmhbench.GetJNIBenchmark.getIntoIndirectByteBufferGetElements:getIntoIndirectByteBufferGetElements·p0.95","sample",1,1,2416.000000,NaN,"ns/op",1024,1,copyout,32768
"com.evolvedbinary.jnibench.jmhbench.GetJNIBenchmark.getIntoIndirectByteBufferGetElements:getIntoIndirectByteBufferGetElements·p0.99","sample",1,1,3288.000000,NaN,"ns/op",1024,1,copyout,32768
"com.evolvedbinary.jnibench.jmhbench.GetJNIBenchmark.getIntoIndirectByteBufferGetElements:getIntoIndirectByteBufferGetElements·p0.999","sample",1,1,6624.000000,NaN,"ns/op",1024,1,copyout,32768
"com.evolvedbinary.jnibench.jmhbench.GetJNIBenchmark.getIntoIndirectByteBufferGetElements:getIntoIndirectByteBufferGetElements·p0.9999","sample",1,1,18447.030400,NaN,"ns/op",1024,1,copyout,32768
"com.evolvedbinary.jnibench.jmhbench.GetJNIBenchmark.getIntoIndirectByteBufferGetElements:getIntoIndirectByteBufferGetElements·p1.00","sample",1,1,432640.000000,NaN,"ns/op",1024,1,copyout,32768
"com.evolvedbinary.jnibench.jmhbench.GetJNIBenchmark.getIntoIndirectByteBufferGetElements","sample",1,3883777,4114.439100,1.789144,"ns/op",1024,1,copyout,65536
"com.evolvedbinary.jnibench.jmhbench.GetJNIBenchmark.getIntoIndirectByteBufferGetElements:getIntoIndirectByteBufferGetElements·p0.00","sample",1,1,3124.000000,NaN,"ns/op",1024,1,copyout,65536
"com.evolvedbinary.jnibench.jmhbench.GetJNIBenchmark.getIntoIndirectByteBufferGetElements:getIntoIndirectByteBufferGetElements·p0.50","sample",1,1,4120.000000,NaN,"ns/op",1024,1,copyout,65536
"com.evolvedbinary.jnibench.jmhbench.GetJNIBenchmark.getIntoIndirectByteBufferGetElements:getIntoIndirectByteBufferGetElements·p0.90","sample",1,1,4208.000000,NaN,"ns/op",1024,1,copyout,65536
"com.evolvedbinary.jnibench.jmhbench.GetJNIBenchmark.getIntoIndirectByteBufferGetElements:getIntoIndirectByteBufferGetElements·p0.95","sample",1,1,4248.000000,NaN,"ns/op",1024,1,copyout,65536
"com.evolvedbinary.jnibench.jmhbench.GetJNIBenchmark.getIntoIndirectByteBufferGetElements:getIntoIndirectByteBufferGetElements·p0.99","sample",1,1,4872.000000,NaN,"ns/op",1024,1,copyout,65536
"com.evolvedbinary.jnibench.jmhbench.GetJNIBenchmark.getIntoIndirectByteBufferGetElements:getIntoIndirectByteBufferGetElements·p0.999","sample",1,1,9616.000000,NaN,"ns/op",1024,1,copyout,65536
"com.evolvedbinary.jnibench.jmhbench.GetJNIBenchmark.getIntoIndirectByteBufferGetElements:getIntoIndirectByteBufferGetElements·p0.9999","sample",1,1,29248.000000,NaN,"ns/op",1024,1,copyout,65536
"com.evolvedbinary.jnibench.jmhbench.GetJNIBenchmark.getIntoIndirectByteBufferGetElements:getIntoIndirectByteBufferGetElements·p1.00","sample",1,1,1742848.000000,NaN,"ns/op",1024,1,copyout,65536
"com.evolvedbinary.jnibench.jmhbench.GetJNIBenchmark.getIntoIndirectByteBufferSetRegion","sample",1,4843139,425.192796,0.466713,"ns/op",1024,1,none,10
"com.evolvedbinary.jnibench.jmhbench.GetJNIBenchmark.getIntoIndirectByteBufferSetRegion:getIntoIndirectByteBufferSetRegion·p0.00","sample",1,1,41.000000,NaN,"ns/op",1024,1,none,10
"com.evolvedbinary.jnibench.jmhbench.GetJNIBenchmark.getIntoIndirectByteBufferSetRegion:getIntoIndirectByteBufferSetRegion·p0.50","sample",1,1,417.000000,NaN,"ns/op",1024,1,none,10
"com.evolvedbinary.jnibench.jmhbench.GetJNIBenchmark.getIntoIndirectByteBufferSetRegion:getIntoIndirectByteBufferSetRegion·p0.90","sample",1,1,417.000000,NaN,"ns/op",1024,1,none,10
"com.evolvedbinary.jnibench.jmhbench.GetJNIBenchmark.getIntoIndirectByteBufferSetRegion:getIntoIndirectByteBufferSetRegion·p0.95","sample",1,1,458.000000,NaN,"ns/op",1024,1,none,10
"com.evolvedbinary.jnibench.jmhbench.GetJNIBenchmark.getIntoIndirectByteBufferSetRegion:getIntoIndirectByteBufferSetRegion·p0.99","sample",1,1,459.000000,NaN,"ns/op",1024,1,none,10
"com.evolvedbinary.jnibench.jmhbench.GetJNIBenchmark.getIntoIndirectByteBufferSetRegion:getIntoIndirectByteBufferSetRegion·p0.999","sample",1,1,2084.000000,NaN,"ns/op",1024,1,none,10
"com.evolvedbinary.jnibench.jmhbench.GetJNIBenchmark.getIntoIndirectByteBufferSetRegion:getIntoIndirectByteBufferSetRegion·p0.9999","sample",1,1,13477.952000,NaN,"ns/op",1024,1,none,10
"com.evolvedbinary.jnibench.jmhbench.GetJNIBenchmark.getIntoIndirectByteBufferSetRegion:getIntoIndirectByteBufferSetRegion·p1.00","sample",1,1,68352.000000,NaN,"ns/op",1024,1,none,10
"com.evolvedbinary.jnibench.jmhbench.GetJNIBenchmark.getIntoIndirectByteBufferSetRegion","sample",1,4837130,426.437659,0.625888,"ns/op",1024,1,none,50
"com.evolvedbinary.jnibench.jmhbench.GetJNIBenchmark.getIntoIndirectByteBufferSetRegion:getIntoIndirectByteBufferSetRegion·p0.00","sample",1,1,41.000000,NaN,"ns/op",1024,1,none,50
"com.evolvedbinary.jnibench.jmhbench.GetJNIBenchmark.getIntoIndirectByteBufferSetRegion:getIntoIndirectByteBufferSetRegion·p0.50","sample",1,1,417.000000,NaN,"ns/op",1024,1,none,50
"com.evolvedbinary.jnibench.jmhbench.GetJNIBenchmark.getIntoIndirectByteBufferSetRegion:getIntoIndirectByteBufferSetRegion·p0.90","sample",1,1,417.000000,NaN,"ns/op",1024,1,none,50
"com.evolvedbinary.jnibench.jmhbench.GetJNIBenchmark.getIntoIndirectByteBufferSetRegion:getIntoIndirectByteBufferSetRegion·p0.95","sample",1,1,458.000000,NaN,"ns/op",1024,1,none,50
"com.evolvedbinary.jnibench.jmhbench.GetJNIBenchmark.getIntoIndirectByteBufferSetRegion:getIntoIndirectByteBufferSetRegion·p0.99","sample",1,1,459.000000,NaN,"ns/op",1024,1,none,50
"com.evolvedbinary.jnibench.jmhbench.GetJNIBenchmark.getIntoIndirectByteBufferSetRegion:getIntoIndirectByteBufferSetRegion·p0.999","sample",1,1,2416.000000,NaN,"ns/op",1024,1,none,50
"com.evolvedbinary.jnibench.jmhbench.GetJNIBenchmark.getIntoIndirectByteBufferSetRegion:getIntoIndirectByteBufferSetRegion·p0.9999","sample",1,1,12045.771200,NaN,"ns/op",1024,1,none,50
"com.evolvedbinary.jnibench.jmhbench.GetJNIBenchmark.getIntoIndirectByteBufferSetRegion:getIntoIndirectByteBufferSetRegion·p1.00","sample",1,1,644096.000000,NaN,"ns/op",1024,1,none,50
"com.evolvedbinary.jnibench.jmhbench.GetJNIBenchmark.getIntoIndirectByteBufferSetRegion","sample",1,4794663,429.788379,1.706219,"ns/op",1024,1,none,512
"com.evolvedbinary.jnibench.jmhbench.GetJNIBenchmark.getIntoIndirectByteBufferSetRegion:getIntoIndirectByteBufferSetRegion·p0.00","sample",1,1,41.000000,NaN,"ns/op",1024,1,none,512
"com.evolvedbinary.jnibench.jmhbench.GetJNIBenchmark.getIntoIndirectByteBufferSetRegion:getIntoIndirectByteBufferSetRegion·p0.50","sample",1,1,417.000000,NaN,"ns/op",1024,1,none,512
"com.evolvedbinary.jnibench.jmhbench.GetJNIBenchmark.getIntoIndirectByteBufferSetRegion:getIntoIndirectByteBufferSetRegion·p0.90","sample",1,1,458.000000,NaN,"ns/op",1024,1,none,512
"com.evolvedbinary.jnibench.jmhbench.GetJNIBenchmark.getIntoIndirectByteBufferSetRegion:getIntoIndirectByteBufferSetRegion·p0.95","sample",1,1,459.000000,NaN,"ns/op",1024,1,none,512
"com.evolvedbinary.jnibench.jmhbench.GetJNIBenchmark.getIntoIndirectByteBufferSetRegion:getIntoIndirectByteBufferSetRegion·p0.99","sample",1,1,459.000000,NaN,"ns/op",1024,1,none,512
"com.evolvedbinary.jnibench.jmhbench.GetJNIBenchmark.getIntoIndirectByteBufferSetRegion:getIntoIndirectByteBufferSetRegion·p0.999","sample",1,1,2164.000000,NaN,"ns/op",1024,1,none,512
"com.evolvedbinary.jnibench.jmhbench.GetJNIBenchmark.getIntoIndirectByteBufferSetRegion:getIntoIndirectByteBufferSetRegion·p0.9999","sample",1,1,11280.000000,NaN,"ns/op",1024,1,none,512
"com.evolvedbinary.jnibench.jmhbench.GetJNIBenchmark.getIntoIndirectByteBufferSetRegion:getIntoIndirectByteBufferSetRegion·p1.00","sample",1,1,2289664.000000,NaN,"ns/op",1024,1,none,512
"com.evolvedbinary.jnibench.jmhbench.GetJNIBenchmark.getIntoIndirectByteBufferSetRegion","sample",1,4730643,435.369530,1.207352,"ns/op",1024,1,none,1024
"com.evolvedbinary.jnibench.jmhbench.GetJNIBenchmark.getIntoIndirectByteBufferSetRegion:getIntoIndirectByteBufferSetRegion·p0.00","sample",1,1,41.000000,NaN,"ns/op",1024,1,none,1024
"com.evolvedbinary.jnibench.jmhbench.GetJNIBenchmark.getIntoIndirectByteBufferSetRegion:getIntoIndirectByteBufferSetRegion·p0.50","sample",1,1,417.000000,NaN,"ns/op",1024,1,none,1024
"com.evolvedbinary.jnibench.jmhbench.GetJNIBenchmark.getIntoIndirectByteBufferSetRegion:getIntoIndirectByteBufferSetRegion·p0.90","sample",1,1,458.000000,NaN,"ns/op",1024,1,none,1024
"com.evolvedbinary.jnibench.jmhbench.GetJNIBenchmark.getIntoIndirectByteBufferSetRegion:getIntoIndirectByteBufferSetRegion·p0.95","sample",1,1,459.000000,NaN,"ns/op",1024,1,none,1024
"com.evolvedbinary.jnibench.jmhbench.GetJNIBenchmark.getIntoIndirectByteBufferSetRegion:getIntoIndirectByteBufferSetRegion·p0.99","sample",1,1,459.000000,NaN,"ns/op",1024,1,none,1024
"com.evolvedbinary.jnibench.jmhbench.GetJNIBenchmark.getIntoIndirectByteBufferSetRegion:getIntoIndirectByteBufferSetRegion·p0.999","sample",1,1,2288.000000,NaN,"ns/op",1024,1,none,1024
"com.evolvedbinary.jnibench.jmhbench.GetJNIBenchmark.getIntoIndirectByteBufferSetRegion:getIntoIndirectByteBufferSetRegion·p0.9999","sample",1,1,10992.000000,NaN,"ns/op",1024,1,none,1024
"com.evolvedbinary.jnibench.jmhbench.GetJNIBenchmark.getIntoIndirectByteBufferSetRegion:getIntoIndirectByteBufferSetRegion·p1.00","sample",1,1,1636352.000000,NaN,"ns/op",1024,1,none,1024
"com.evolvedbinary.jnibench.jmhbench.GetJNIBenchmark.getIntoIndirectByteBufferSetRegion","sample",1,3889083,528.114505,1.582806,"ns/op",1024,1,none,4096
"com.evolvedbinary.jnibench.jmhbench.GetJNIBenchmark.getIntoIndirectByteBufferSetRegion:getIntoIndirectByteBufferSetRegion·p0.00","sample",1,1,125.000000,NaN,"ns/op",1024,1,none,4096
"com.evolvedbinary.jnibench.jmhbench.GetJNIBenchmark.getIntoIndirectByteBufferSetRegion:getIntoIndirectByteBufferSetRegion·p0.50","sample",1,1,500.000000,NaN,"ns/op",1024,1,none,4096
"com.evolvedbinary.jnibench.jmhbench.GetJNIBenchmark.getIntoIndirectByteBufferSetRegion:getIntoIndirectByteBufferSetRegion·p0.90","sample",1,1,625.000000,NaN,"ns/op",1024,1,none,4096
"com.evolvedbinary.jnibench.jmhbench.GetJNIBenchmark.getIntoIndirectByteBufferSetRegion:getIntoIndirectByteBufferSetRegion·p0.95","sample",1,1,625.000000,NaN,"ns/op",1024,1,none,4096
"com.evolvedbinary.jnibench.jmhbench.GetJNIBenchmark.getIntoIndirectByteBufferSetRegion:getIntoIndirectByteBufferSetRegion·p0.99","sample",1,1,667.000000,NaN,"ns/op",1024,1,none,4096
"com.evolvedbinary.jnibench.jmhbench.GetJNIBenchmark.getIntoIndirectByteBufferSetRegion:getIntoIndirectByteBufferSetRegion·p0.999","sample",1,1,2916.000000,NaN,"ns/op",1024,1,none,4096
"com.evolvedbinary.jnibench.jmhbench.GetJNIBenchmark.getIntoIndirectByteBufferSetRegion:getIntoIndirectByteBufferSetRegion·p0.9999","sample",1,1,14000.000000,NaN,"ns/op",1024,1,none,4096
"com.evolvedbinary.jnibench.jmhbench.GetJNIBenchmark.getIntoIndirectByteBufferSetRegion:getIntoIndirectByteBufferSetRegion·p1.00","sample",1,1,1714176.000000,NaN,"ns/op",1024,1,none,4096
"com.evolvedbinary.jnibench.jmhbench.GetJNIBenchmark.getIntoIndirectByteBufferSetRegion","sample",1,3721498,1060.429204,0.817624,"ns/op",1024,1,none,16384
"com.evolvedbinary.jnibench.jmhbench.GetJNIBenchmark.getIntoIndirectByteBufferSetRegion:getIntoIndirectByteBufferSetRegion·p0.00","sample",1,1,583.000000,NaN,"ns/op",1024,1,none,16384
"com.evolvedbinary.jnibench.jmhbench.GetJNIBenchmark.getIntoIndirectByteBufferSetRegion:getIntoIndirectByteBufferSetRegion·p0.50","sample",1,1,1208.000000,NaN,"ns/op",1024,1,none,16384
"com.evolvedbinary.jnibench.jmhbench.GetJNIBenchmark.getIntoIndirectByteBufferSetRegion:getIntoIndirectByteBufferSetRegion·p0.90","sample",1,1,1250.000000,NaN,"ns/op",1024,1,none,16384
"com.evolvedbinary.jnibench.jmhbench.GetJNIBenchmark.getIntoIndirectByteBufferSetRegion:getIntoIndirectByteBufferSetRegion·p0.95","sample",1,1,1292.000000,NaN,"ns/op",1024,1,none,16384
"com.evolvedbinary.jnibench.jmhbench.GetJNIBenchmark.getIntoIndirectByteBufferSetRegion:getIntoIndirectByteBufferSetRegion·p0.99","sample",1,1,1374.000000,NaN,"ns/op",1024,1,none,16384
"com.evolvedbinary.jnibench.jmhbench.GetJNIBenchmark.getIntoIndirectByteBufferSetRegion:getIntoIndirectByteBufferSetRegion·p0.999","sample",1,1,4744.000000,NaN,"ns/op",1024,1,none,16384
"com.evolvedbinary.jnibench.jmhbench.GetJNIBenchmark.getIntoIndirectByteBufferSetRegion:getIntoIndirectByteBufferSetRegion·p0.9999","sample",1,1,17238.406400,NaN,"ns/op",1024,1,none,16384
"com.evolvedbinary.jnibench.jmhbench.GetJNIBenchmark.getIntoIndirectByteBufferSetRegion:getIntoIndirectByteBufferSetRegion·p1.00","sample",1,1,192000.000000,NaN,"ns/op",1024,1,none,16384
"com.evolvedbinary.jnibench.jmhbench.GetJNIBenchmark.getIntoIndirectByteBufferSetRegion","sample",1,3338480,1435.439576,1.083793,"ns/op",1024,1,none,32768
"com.evolvedbinary.jnibench.jmhbench.GetJNIBenchmark.getIntoIndirectByteBufferSetRegion:getIntoIndirectByteBufferSetRegion·p0.00","sample",1,1,792.000000,NaN,"ns/op",1024,1,none,32768
"com.evolvedbinary.jnibench.jmhbench.GetJNIBenchmark.getIntoIndirectByteBufferSetRegion:getIntoIndirectByteBufferSetRegion·p0.50","sample",1,1,1166.000000,NaN,"ns/op",1024,1,none,32768
"com.evolvedbinary.jnibench.jmhbench.GetJNIBenchmark.getIntoIndirectByteBufferSetRegion:getIntoIndirectByteBufferSetRegion·p0.90","sample",1,1,1874.000000,NaN,"ns/op",1024,1,none,32768
"com.evolvedbinary.jnibench.jmhbench.GetJNIBenchmark.getIntoIndirectByteBufferSetRegion:getIntoIndirectByteBufferSetRegion·p0.95","sample",1,1,1874.000000,NaN,"ns/op",1024,1,none,32768
"com.evolvedbinary.jnibench.jmhbench.GetJNIBenchmark.getIntoIndirectByteBufferSetRegion:getIntoIndirectByteBufferSetRegion·p0.99","sample",1,1,2040.000000,NaN,"ns/op",1024,1,none,32768
"com.evolvedbinary.jnibench.jmhbench.GetJNIBenchmark.getIntoIndirectByteBufferSetRegion:getIntoIndirectByteBufferSetRegion·p0.999","sample",1,1,5872.000000,NaN,"ns/op",1024,1,none,32768
"com.evolvedbinary.jnibench.jmhbench.GetJNIBenchmark.getIntoIndirectByteBufferSetRegion:getIntoIndirectByteBufferSetRegion·p0.9999","sample",1,1,19200.000000,NaN,"ns/op",1024,1,none,32768
"com.evolvedbinary.jnibench.jmhbench.GetJNIBenchmark.getIntoIndirectByteBufferSetRegion:getIntoIndirectByteBufferSetRegion·p1.00","sample",1,1,158720.000000,NaN,"ns/op",1024,1,none,32768
"com.evolvedbinary.jnibench.jmhbench.GetJNIBenchmark.getIntoIndirectByteBufferSetRegion","sample",1,2864537,1930.074806,2.755242,"ns/op",1024,1,none,65536
"com.evolvedbinary.jnibench.jmhbench.GetJNIBenchmark.getIntoIndirectByteBufferSetRegion:getIntoIndirectByteBufferSetRegion·p0.00","sample",1,1,1250.000000,NaN,"ns/op",1024,1,none,65536
"com.evolvedbinary.jnibench.jmhbench.GetJNIBenchmark.getIntoIndirectByteBufferSetRegion:getIntoIndirectByteBufferSetRegion·p0.50","sample",1,1,1542.000000,NaN,"ns/op",1024,1,none,65536
"com.evolvedbinary.jnibench.jmhbench.GetJNIBenchmark.getIntoIndirectByteBufferSetRegion:getIntoIndirectByteBufferSetRegion·p0.90","sample",1,1,3124.000000,NaN,"ns/op",1024,1,none,65536
"com.evolvedbinary.jnibench.jmhbench.GetJNIBenchmark.getIntoIndirectByteBufferSetRegion:getIntoIndirectByteBufferSetRegion·p0.95","sample",1,1,3124.000000,NaN,"ns/op",1024,1,none,65536
"com.evolvedbinary.jnibench.jmhbench.GetJNIBenchmark.getIntoIndirectByteBufferSetRegion:getIntoIndirectByteBufferSetRegion·p0.99","sample",1,1,3208.000000,NaN,"ns/op",1024,1,none,65536
"com.evolvedbinary.jnibench.jmhbench.GetJNIBenchmark.getIntoIndirectByteBufferSetRegion:getIntoIndirectByteBufferSetRegion·p0.999","sample",1,1,7080.000000,NaN,"ns/op",1024,1,none,65536
"com.evolvedbinary.jnibench.jmhbench.GetJNIBenchmark.getIntoIndirectByteBufferSetRegion:getIntoIndirectByteBufferSetRegion·p0.9999","sample",1,1,21893.913600,NaN,"ns/op",1024,1,none,65536
"com.evolvedbinary.jnibench.jmhbench.GetJNIBenchmark.getIntoIndirectByteBufferSetRegion:getIntoIndirectByteBufferSetRegion·p1.00","sample",1,1,1949696.000000,NaN,"ns/op",1024,1,none,65536
"com.evolvedbinary.jnibench.jmhbench.GetJNIBenchmark.getIntoIndirectByteBufferSetRegion","sample",1,4724675,436.925334,0.412640,"ns/op",1024,1,copyout,10
"com.evolvedbinary.jnibench.jmhbench.GetJNIBenchmark.getIntoIndirectByteBufferSetRegion:getIntoIndirectByteBufferSetRegion·p0.00","sample",1,1,83.000000,NaN,"ns/op",1024,1,copyout,10
"com.evolvedbinary.jnibench.jmhbench.GetJNIBenchmark.getIntoIndirectByteBufferSetRegion:getIntoIndirectByteBufferSetRegion·p0.50","sample",1,1,417.000000,NaN,"ns/op",1024,1,copyout,10
"com.evolvedbinary.jnibench.jmhbench.GetJNIBenchmark.getIntoIndirectByteBufferSetRegion:getIntoIndirectByteBufferSetRegion·p0.90","sample",1,1,458.000000,NaN,"ns/op",1024,1,copyout,10
"com.evolvedbinary.jnibench.jmhbench.GetJNIBenchmark.getIntoIndirectByteBufferSetRegion:getIntoIndirectByteBufferSetRegion·p0.95","sample",1,1,459.000000,NaN,"ns/op",1024,1,copyout,10
"com.evolvedbinary.jnibench.jmhbench.GetJNIBenchmark.getIntoIndirectByteBufferSetRegion:getIntoIndirectByteBufferSetRegion·p0.99","sample",1,1,500.000000,NaN,"ns/op",1024,1,copyout,10
"com.evolvedbinary.jnibench.jmhbench.GetJNIBenchmark.getIntoIndirectByteBufferSetRegion:getIntoIndirectByteBufferSetRegion·p0.999","sample",1,1,2748.000000,NaN,"ns/op",1024,1,copyout,10
"com.evolvedbinary.jnibench.jmhbench.GetJNIBenchmark.getIntoIndirectByteBufferSetRegion:getIntoIndirectByteBufferSetRegion·p0.9999","sample",1,1,10368.000000,NaN,"ns/op",1024,1,copyout,10
"com.evolvedbinary.jnibench.jmhbench.GetJNIBenchmark.getIntoIndirectByteBufferSetRegion:getIntoIndirectByteBufferSetRegion·p1.00","sample",1,1,182528.000000,NaN,"ns/op",1024,1,copyout,10
"com.evolvedbinary.jnibench.jmhbench.GetJNIBenchmark.getIntoIndirectByteBufferSetRegion","sample",1,4704398,439.274030,1.422120,"ns/op",1024,1,copyout,50
"com.evolvedbinary.jnibench.jmhbench.GetJNIBenchmark.getIntoIndirectByteBufferSetRegion:getIntoIndirectByteBufferSetRegion·p0.00","sample",1,1,83.000000,NaN,"ns/op",1024,1,copyout,50
"com.evolvedbinary.jnibench.jmhbench.GetJNIBenchmark.getIntoIndirectByteBufferSetRegion:getIntoIndirectByteBufferSetRegion·p0.50","sample",1,1,417.000000,NaN,"ns/op",1024,1,copyout,50
"com.evolvedbinary.jnibench.jmhbench.GetJNIBenchmark.getIntoIndirectByteBufferSetRegion:getIntoIndirectByteBufferSetRegion·p0.90","sample",1,1,459.000000,NaN,"ns/op",1024,1,copyout,50
"com.evolvedbinary.jnibench.jmhbench.GetJNIBenchmark.getIntoIndirectByteBufferSetRegion:getIntoIndirectByteBufferSetRegion·p0.95","sample",1,1,459.000000,NaN,"ns/op",1024,1,copyout,50
"com.evolvedbinary.jnibench.jmhbench.GetJNIBenchmark.getIntoIndirectByteBufferSetRegion:getIntoIndirectByteBufferSetRegion·p0.99","sample",1,1,500.000000,NaN,"ns/op",1024,1,copyout,50
"com.evolvedbinary.jnibench.jmhbench.GetJNIBenchmark.getIntoIndirectByteBufferSetRegion:getIntoIndirectByteBufferSetRegion·p0.999","sample",1,1,2664.000000,NaN,"ns/op",1024,1,copyout,50
"com.evolvedbinary.jnibench.jmhbench.GetJNIBenchmark.getIntoIndirectByteBufferSetRegion:getIntoIndirectByteBufferSetRegion·p0.9999","sample",1,1,11536.000000,NaN,"ns/op",1024,1,copyout,50
"com.evolvedbinary.jnibench.jmhbench.GetJNIBenchmark.getIntoIndirectByteBufferSetRegion:getIntoIndirectByteBufferSetRegion·p1.00","sample",1,1,1943552.000000,NaN,"ns/op",1024,1,copyout,50
"com.evolvedbinary.jnibench.jmhbench.GetJNIBenchmark.getIntoIndirectByteBufferSetRegion","sample",1,4322886,477.517761,1.230199,"ns/op",1024,1,copyout,512
"com.evolvedbinary.jnibench.jmhbench.GetJNIBenchmark.getIntoIndirectByteBufferSetRegion:getIntoIndirectByteBufferSetRegion·p0.00","sample",1,1,83.000000,NaN,"ns/op",1024,1,copyout,512
"com.evolvedbinary.jnibench.jmhbench.GetJNIBenchmark.getIntoIndirectByteBufferSetRegion:getIntoIndirectByteBufferSetRegion·p0.50","sample",1,1,458.000000,NaN,"ns/op",1024,1,copyout,512
"com.evolvedbinary.jnibench.jmhbench.GetJNIBenchmark.getIntoIndirectByteBufferSetRegion:getIntoIndirectByteBufferSetRegion·p0.90","sample",1,1,542.000000,NaN,"ns/op",1024,1,copyout,512
"com.evolvedbinary.jnibench.jmhbench.GetJNIBenchmark.getIntoIndirectByteBufferSetRegion:getIntoIndirectByteBufferSetRegion·p0.95","sample",1,1,625.000000,NaN,"ns/op",1024,1,copyout,512
"com.evolvedbinary.jnibench.jmhbench.GetJNIBenchmark.getIntoIndirectByteBufferSetRegion:getIntoIndirectByteBufferSetRegion·p0.99","sample",1,1,1000.000000,NaN,"ns/op",1024,1,copyout,512
"com.evolvedbinary.jnibench.jmhbench.GetJNIBenchmark.getIntoIndirectByteBufferSetRegion:getIntoIndirectByteBufferSetRegion·p0.999","sample",1,1,4040.000000,NaN,"ns/op",1024,1,copyout,512
"com.evolvedbinary.jnibench.jmhbench.GetJNIBenchmark.getIntoIndirectByteBufferSetRegion:getIntoIndirectByteBufferSetRegion·p0.9999","sample",1,1,13488.000000,NaN,"ns/op",1024,1,copyout,512
"com.evolvedbinary.jnibench.jmhbench.GetJNIBenchmark.getIntoIndirectByteBufferSetRegion:getIntoIndirectByteBufferSetRegion·p1.00","sample",1,1,1460224.000000,NaN,"ns/op",1024,1,copyout,512
"com.evolvedbinary.jnibench.jmhbench.GetJNIBenchmark.getIntoIndirectByteBufferSetRegion","sample",1,4281438,483.311011,1.677744,"ns/op",1024,1,copyout,1024
"com.evolvedbinary.jnibench.jmhbench.GetJNIBenchmark.getIntoIndirectByteBufferSetRegion:getIntoIndirectByteBufferSetRegion·p0.00","sample",1,1,83.000000,NaN,"ns/op",1024,1,copyout,1024
"com.evolvedbinary.jnibench.jmhbench.GetJNIBenchmark.getIntoIndirectByteBufferSetRegion:getIntoIndirectByteBufferSetRegion·p0.50","sample",1,1,458.000000,NaN,"ns/op",1024,1,copyout,1024
"com.evolvedbinary.jnibench.jmhbench.GetJNIBenchmark.getIntoIndirectByteBufferSetRegion:getIntoIndirectByteBufferSetRegion·p0.90","sample",1,1,541.000000,NaN,"ns/op",1024,1,copyout,1024
"com.evolvedbinary.jnibench.jmhbench.GetJNIBenchmark.getIntoIndirectByteBufferSetRegion:getIntoIndirectByteBufferSetRegion·p0.95","sample",1,1,583.000000,NaN,"ns/op",1024,1,copyout,1024
"com.evolvedbinary.jnibench.jmhbench.GetJNIBenchmark.getIntoIndirectByteBufferSetRegion:getIntoIndirectByteBufferSetRegion·p0.99","sample",1,1,792.000000,NaN,"ns/op",1024,1,copyout,1024
"com.evolvedbinary.jnibench.jmhbench.GetJNIBenchmark.getIntoIndirectByteBufferSetRegion:getIntoIndirectByteBufferSetRegion·p0.999","sample",1,1,3956.000000,NaN,"ns/op",1024,1,copyout,1024
"com.evolvedbinary.jnibench.jmhbench.GetJNIBenchmark.getIntoIndirectByteBufferSetRegion:getIntoIndirectByteBufferSetRegion·p0.9999","sample",1,1,14080.000000,NaN,"ns/op",1024,1,copyout,1024
"com.evolvedbinary.jnibench.jmhbench.GetJNIBenchmark.getIntoIndirectByteBufferSetRegion:getIntoIndirectByteBufferSetRegion·p1.00","sample",1,1,1540096.000000,NaN,"ns/op",1024,1,copyout,1024
"com.evolvedbinary.jnibench.jmhbench.GetJNIBenchmark.getIntoIndirectByteBufferSetRegion","sample",1,3411396,608.182484,3.087281,"ns/op",1024,1,copyout,4096
"com.evolvedbinary.jnibench.jmhbench.GetJNIBenchmark.getIntoIndirectByteBufferSetRegion:getIntoIndirectByteBufferSetRegion·p0.00","sample",1,1,208.000000,NaN,"ns/op",1024,1,copyout,4096
"com.evolvedbinary.jnibench.jmhbench.GetJNIBenchmark.getIntoIndirectByteBufferSetRegion:getIntoIndirectByteBufferSetRegion·p0.50","sample",1,1,583.000000,NaN,"ns/op",1024,1,copyout,4096
"com.evolvedbinary.jnibench.jmhbench.GetJNIBenchmark.getIntoIndirectByteBufferSetRegion:getIntoIndirectByteBufferSetRegion·p0.90","sample",1,1,667.000000,NaN,"ns/op",1024,1,copyout,4096
"com.evolvedbinary.jnibench.jmhbench.GetJNIBenchmark.getIntoIndirectByteBufferSetRegion:getIntoIndirectByteBufferSetRegion·p0.95","sample",1,1,708.000000,NaN,"ns/op",1024,1,copyout,4096
"com.evolvedbinary.jnibench.jmhbench.GetJNIBenchmark.getIntoIndirectByteBufferSetRegion:getIntoIndirectByteBufferSetRegion·p0.99","sample",1,1,958.000000,NaN,"ns/op",1024,1,copyout,4096
"com.evolvedbinary.jnibench.jmhbench.GetJNIBenchmark.getIntoIndirectByteBufferSetRegion:getIntoIndirectByteBufferSetRegion·p0.999","sample",1,1,5328.000000,NaN,"ns/op",1024,1,copyout,4096
"com.evolvedbinary.jnibench.jmhbench.GetJNIBenchmark.getIntoIndirectByteBufferSetRegion:getIntoIndirectByteBufferSetRegion·p0.9999","sample",1,1,18624.000000,NaN,"ns/op",1024,1,copyout,4096
"com.evolvedbinary.jnibench.jmhbench.GetJNIBenchmark.getIntoIndirectByteBufferSetRegion:getIntoIndirectByteBufferSetRegion·p1.00","sample",1,1,2564096.000000,NaN,"ns/op",1024,1,copyout,4096
"com.evolvedbinary.jnibench.jmhbench.GetJNIBenchmark.getIntoIndirectByteBufferSetRegion","sample",1,4030867,1388.011675,1249.741193,"ns/op",1024,1,copyout,16384
"com.evolvedbinary.jnibench.jmhbench.GetJNIBenchmark.getIntoIndirectByteBufferSetRegion:getIntoIndirectByteBufferSetRegion·p0.00","sample",1,1,500.000000,NaN,"ns/op",1024,1,copyout,16384
"com.evolvedbinary.jnibench.jmhbench.GetJNIBenchmark.getIntoIndirectByteBufferSetRegion:getIntoIndirectByteBufferSetRegion·p0.50","sample",1,1,1000.000000,NaN,"ns/op",1024,1,copyout,16384
"com.evolvedbinary.jnibench.jmhbench.GetJNIBenchmark.getIntoIndirectByteBufferSetRegion:getIntoIndirectByteBufferSetRegion·p0.90","sample",1,1,1124.000000,NaN,"ns/op",1024,1,copyout,16384
"com.evolvedbinary.jnibench.jmhbench.GetJNIBenchmark.getIntoIndirectByteBufferSetRegion:getIntoIndirectByteBufferSetRegion·p0.95","sample",1,1,1208.000000,NaN,"ns/op",1024,1,copyout,16384
"com.evolvedbinary.jnibench.jmhbench.GetJNIBenchmark.getIntoIndirectByteBufferSetRegion:getIntoIndirectByteBufferSetRegion·p0.99","sample",1,1,1334.000000,NaN,"ns/op",1024,1,copyout,16384
"com.evolvedbinary.jnibench.jmhbench.GetJNIBenchmark.getIntoIndirectByteBufferSetRegion:getIntoIndirectByteBufferSetRegion·p0.999","sample",1,1,5160.000000,NaN,"ns/op",1024,1,copyout,16384
"com.evolvedbinary.jnibench.jmhbench.GetJNIBenchmark.getIntoIndirectByteBufferSetRegion:getIntoIndirectByteBufferSetRegion·p0.9999","sample",1,1,20154.444800,NaN,"ns/op",1024,1,copyout,16384
"com.evolvedbinary.jnibench.jmhbench.GetJNIBenchmark.getIntoIndirectByteBufferSetRegion:getIntoIndirectByteBufferSetRegion·p1.00","sample",1,1,1530920960.000000,NaN,"ns/op",1024,1,copyout,16384
"com.evolvedbinary.jnibench.jmhbench.GetJNIBenchmark.getIntoIndirectByteBufferSetRegion","sample",1,2797145,1456.116168,4.062519,"ns/op",1024,1,copyout,32768
"com.evolvedbinary.jnibench.jmhbench.GetJNIBenchmark.getIntoIndirectByteBufferSetRegion:getIntoIndirectByteBufferSetRegion·p0.00","sample",1,1,1082.000000,NaN,"ns/op",1024,1,copyout,32768
"com.evolvedbinary.jnibench.jmhbench.GetJNIBenchmark.getIntoIndirectByteBufferSetRegion:getIntoIndirectByteBufferSetRegion·p0.50","sample",1,1,1416.000000,NaN,"ns/op",1024,1,copyout,32768
"com.evolvedbinary.jnibench.jmhbench.GetJNIBenchmark.getIntoIndirectByteBufferSetRegion:getIntoIndirectByteBufferSetRegion·p0.90","sample",1,1,1584.000000,NaN,"ns/op",1024,1,copyout,32768
"com.evolvedbinary.jnibench.jmhbench.GetJNIBenchmark.getIntoIndirectByteBufferSetRegion:getIntoIndirectByteBufferSetRegion·p0.95","sample",1,1,1666.000000,NaN,"ns/op",1024,1,copyout,32768
"com.evolvedbinary.jnibench.jmhbench.GetJNIBenchmark.getIntoIndirectByteBufferSetRegion:getIntoIndirectByteBufferSetRegion·p0.99","sample",1,1,1916.000000,NaN,"ns/op",1024,1,copyout,32768
"com.evolvedbinary.jnibench.jmhbench.GetJNIBenchmark.getIntoIndirectByteBufferSetRegion:getIntoIndirectByteBufferSetRegion·p0.999","sample",1,1,6744.000000,NaN,"ns/op",1024,1,copyout,32768
"com.evolvedbinary.jnibench.jmhbench.GetJNIBenchmark.getIntoIndirectByteBufferSetRegion:getIntoIndirectByteBufferSetRegion·p0.9999","sample",1,1,23241.132800,NaN,"ns/op",1024,1,copyout,32768
"com.evolvedbinary.jnibench.jmhbench.GetJNIBenchmark.getIntoIndirectByteBufferSetRegion:getIntoIndirectByteBufferSetRegion·p1.00","sample",1,1,1773568.000000,NaN,"ns/op",1024,1,copyout,32768
"com.evolvedbinary.jnibench.jmhbench.GetJNIBenchmark.getIntoIndirectByteBufferSetRegion","sample",1,2995519,2680.968194,2.677477,"ns/op",1024,1,copyout,65536
"com.evolvedbinary.jnibench.jmhbench.GetJNIBenchmark.getIntoIndirectByteBufferSetRegion:getIntoIndirectByteBufferSetRegion·p0.00","sample",1,1,2292.000000,NaN,"ns/op",1024,1,copyout,65536
"com.evolvedbinary.jnibench.jmhbench.GetJNIBenchmark.getIntoIndirectByteBufferSetRegion:getIntoIndirectByteBufferSetRegion·p0.50","sample",1,1,2624.000000,NaN,"ns/op",1024,1,copyout,65536
"com.evolvedbinary.jnibench.jmhbench.GetJNIBenchmark.getIntoIndirectByteBufferSetRegion:getIntoIndirectByteBufferSetRegion·p0.90","sample",1,1,2832.000000,NaN,"ns/op",1024,1,copyout,65536
"com.evolvedbinary.jnibench.jmhbench.GetJNIBenchmark.getIntoIndirectByteBufferSetRegion:getIntoIndirectByteBufferSetRegion·p0.95","sample",1,1,2872.000000,NaN,"ns/op",1024,1,copyout,65536
"com.evolvedbinary.jnibench.jmhbench.GetJNIBenchmark.getIntoIndirectByteBufferSetRegion:getIntoIndirectByteBufferSetRegion·p0.99","sample",1,1,3124.000000,NaN,"ns/op",1024,1,copyout,65536
"com.evolvedbinary.jnibench.jmhbench.GetJNIBenchmark.getIntoIndirectByteBufferSetRegion:getIntoIndirectByteBufferSetRegion·p0.999","sample",1,1,8208.000000,NaN,"ns/op",1024,1,copyout,65536
"com.evolvedbinary.jnibench.jmhbench.GetJNIBenchmark.getIntoIndirectByteBufferSetRegion:getIntoIndirectByteBufferSetRegion·p0.9999","sample",1,1,34752.000000,NaN,"ns/op",1024,1,copyout,65536
"com.evolvedbinary.jnibench.jmhbench.GetJNIBenchmark.getIntoIndirectByteBufferSetRegion:getIntoIndirectByteBufferSetRegion·p1.00","sample",1,1,1630208.000000,NaN,"ns/op",1024,1,copyout,65536
"com.evolvedbinary.jnibench.jmhbench.GetJNIBenchmark.getIntoNettyByteBuf","sample",1,2826808,190.116184,1.924701,"ns/op",1024,1,none,10
"com.evolvedbinary.jnibench.jmhbench.GetJNIBenchmark.getIntoNettyByteBuf:getIntoNettyByteBuf·p0.00","sample",1,1,41.000000,NaN,"ns/op",1024,1,none,10
"com.evolvedbinary.jnibench.jmhbench.GetJNIBenchmark.getIntoNettyByteBuf:getIntoNettyByteBuf·p0.50","sample",1,1,167.000000,NaN,"ns/op",1024,1,none,10
"com.evolvedbinary.jnibench.jmhbench.GetJNIBenchmark.getIntoNettyByteBuf:getIntoNettyByteBuf·p0.90","sample",1,1,209.000000,NaN,"ns/op",1024,1,none,10
"com.evolvedbinary.jnibench.jmhbench.GetJNIBenchmark.getIntoNettyByteBuf:getIntoNettyByteBuf·p0.95","sample",1,1,209.000000,NaN,"ns/op",1024,1,none,10
"com.evolvedbinary.jnibench.jmhbench.GetJNIBenchmark.getIntoNettyByteBuf:getIntoNettyByteBuf·p0.99","sample",1,1,209.000000,NaN,"ns/op",1024,1,none,10
"com.evolvedbinary.jnibench.jmhbench.GetJNIBenchmark.getIntoNettyByteBuf:getIntoNettyByteBuf·p0.999","sample",1,1,1582.000000,NaN,"ns/op",1024,1,none,10
"com.evolvedbinary.jnibench.jmhbench.GetJNIBenchmark.getIntoNettyByteBuf:getIntoNettyByteBuf·p0.9999","sample",1,1,8944.000000,NaN,"ns/op",1024,1,none,10
"com.evolvedbinary.jnibench.jmhbench.GetJNIBenchmark.getIntoNettyByteBuf:getIntoNettyByteBuf·p1.00","sample",1,1,1603584.000000,NaN,"ns/op",1024,1,none,10
"com.evolvedbinary.jnibench.jmhbench.GetJNIBenchmark.getIntoNettyByteBuf","sample",1,2792419,194.585447,3.187419,"ns/op",1024,1,none,50
"com.evolvedbinary.jnibench.jmhbench.GetJNIBenchmark.getIntoNettyByteBuf:getIntoNettyByteBuf·p0.00","sample",1,1,41.000000,NaN,"ns/op",1024,1,none,50
"com.evolvedbinary.jnibench.jmhbench.GetJNIBenchmark.getIntoNettyByteBuf:getIntoNettyByteBuf·p0.50","sample",1,1,167.000000,NaN,"ns/op",1024,1,none,50
"com.evolvedbinary.jnibench.jmhbench.GetJNIBenchmark.getIntoNettyByteBuf:getIntoNettyByteBuf·p0.90","sample",1,1,209.000000,NaN,"ns/op",1024,1,none,50
"com.evolvedbinary.jnibench.jmhbench.GetJNIBenchmark.getIntoNettyByteBuf:getIntoNettyByteBuf·p0.95","sample",1,1,209.000000,NaN,"ns/op",1024,1,none,50
"com.evolvedbinary.jnibench.jmhbench.GetJNIBenchmark.getIntoNettyByteBuf:getIntoNettyByteBuf·p0.99","sample",1,1,250.000000,NaN,"ns/op",1024,1,none,50
"com.evolvedbinary.jnibench.jmhbench.GetJNIBenchmark.getIntoNettyByteBuf:getIntoNettyByteBuf·p0.999","sample",1,1,1708.000000,NaN,"ns/op",1024,1,none,50
"com.evolvedbinary.jnibench.jmhbench.GetJNIBenchmark.getIntoNettyByteBuf:getIntoNettyByteBuf·p0.9999","sample",1,1,9248.000000,NaN,"ns/op",1024,1,none,50
"com.evolvedbinary.jnibench.jmhbench.GetJNIBenchmark.getIntoNettyByteBuf:getIntoNettyByteBuf·p1.00","sample",1,1,1636352.000000,NaN,"ns/op",1024,1,none,50
"com.evolvedbinary.jnibench.jmhbench.GetJNIBenchmark.getIntoNettyByteBuf","sample",1,2783128,196.347977,0.455685,"ns/op",1024,1,none,512
"com.evolvedbinary.jnibench.jmhbench.GetJNIBenchmark.getIntoNettyByteBuf:getIntoNettyByteBuf·p0.00","sample",1,1,41.000000,NaN,"ns/op",1024,1,none,512
"com.evolvedbinary.jnibench.jmhbench.GetJNIBenchmark.getIntoNettyByteBuf:getIntoNettyByteBuf·p0.50","sample",1,1,208.000000,NaN,"ns/op",1024,1,none,512
"com.evolvedbinary.jnibench.jmhbench.GetJNIBenchmark.getIntoNettyByteBuf:getIntoNettyByteBuf·p0.90","sample",1,1,209.000000,NaN,"ns/op",1024,1,none,512
"com.evolvedbinary.jnibench.jmhbench.GetJNIBenchmark.getIntoNettyByteBuf:getIntoNettyByteBuf·p0.95","sample",1,1,209.000000,NaN,"ns/op",1024,1,none,512
"com.evolvedbinary.jnibench.jmhbench.GetJNIBenchmark.getIntoNettyByteBuf:getIntoNettyByteBuf·p0.99","sample",1,1,209.000000,NaN,"ns/op",1024,1,none,512
"com.evolvedbinary.jnibench.jmhbench.GetJNIBenchmark.getIntoNettyByteBuf:getIntoNettyByteBuf·p0.999","sample",1,1,1416.000000,NaN,"ns/op",1024,1,none,512
"com.evolvedbinary.jnibench.jmhbench.GetJNIBenchmark.getIntoNettyByteBuf:getIntoNettyByteBuf·p0.9999","sample",1,1,8400.980800,NaN,"ns/op",1024,1,none,512
"com.evolvedbinary.jnibench.jmhbench.GetJNIBenchmark.getIntoNettyByteBuf:getIntoNettyByteBuf·p1.00","sample",1,1,77696.000000,NaN,"ns/op",1024,1,none,512
"com.evolvedbinary.jnibench.jmhbench.GetJNIBenchmark.getIntoNettyByteBuf","sample",1,2651193,200.434823,0.462050,"ns/op",1024,1,none,1024
"com.evolvedbinary.jnibench.jmhbench.GetJNIBenchmark.getIntoNettyByteBuf:getIntoNettyByteBuf·p0.00","sample",1,1,41.000000,NaN,"ns/op",1024,1,none,1024
"com.evolvedbinary.jnibench.jmhbench.GetJNIBenchmark.getIntoNettyByteBuf:getIntoNettyByteBuf·p0.50","sample",1,1,208.000000,NaN,"ns/op",1024,1,none,1024
"com.evolvedbinary.jnibench.jmhbench.GetJNIBenchmark.getIntoNettyByteBuf:getIntoNettyByteBuf·p0.90","sample",1,1,209.000000,NaN,"ns/op",1024,1,none,1024
"com.evolvedbinary.jnibench.jmhbench.GetJNIBenchmark.getIntoNettyByteBuf:getIntoNettyByteBuf·p0.95","sample",1,1,209.000000,NaN,"ns/op",1024,1,none,1024
"com.evolvedbinary.jnibench.jmhbench.GetJNIBenchmark.getIntoNettyByteBuf:getIntoNettyByteBuf·p0.99","sample",1,1,209.000000,NaN,"ns/op",1024,1,none,1024
"com.evolvedbinary.jnibench.jmhbench.GetJNIBenchmark.getIntoNettyByteBuf:getIntoNettyByteBuf·p0.999","sample",1,1,1500.000000,NaN,"ns/op",1024,1,none,1024
"com.evolvedbinary.jnibench.jmhbench.GetJNIBenchmark.getIntoNettyByteBuf:getIntoNettyByteBuf·p0.9999","sample",1,1,8774.448000,NaN,"ns/op",1024,1,none,1024
"com.evolvedbinary.jnibench.jmhbench.GetJNIBenchmark.getIntoNettyByteBuf:getIntoNettyByteBuf·p1.00","sample",1,1,92544.000000,NaN,"ns/op",1024,1,none,1024
"com.evolvedbinary.jnibench.jmhbench.GetJNIBenchmark.getIntoNettyByteBuf","sample",1,3989837,264.829066,0.331103,"ns/op",1024,1,none,4096
"com.evolvedbinary.jnibench.jmhbench.GetJNIBenchmark.getIntoNettyByteBuf:getIntoNettyByteBuf·p0.00","sample",1,1,83.000000,NaN,"ns/op",1024,1,none,4096
"com.evolvedbinary.jnibench.jmhbench.GetJNIBenchmark.getIntoNettyByteBuf:getIntoNettyByteBuf·p0.50","sample",1,1,250.000000,NaN,"ns/op",1024,1,none,4096
"com.evolvedbinary.jnibench.jmhbench.GetJNIBenchmark.getIntoNettyByteBuf:getIntoNettyByteBuf·p0.90","sample",1,1,333.000000,NaN,"ns/op",1024,1,none,4096
"com.evolvedbinary.jnibench.jmhbench.GetJNIBenchmark.getIntoNettyByteBuf:getIntoNettyByteBuf·p0.95","sample",1,1,375.000000,NaN,"ns/op",1024,1,none,4096
"com.evolvedbinary.jnibench.jmhbench.GetJNIBenchmark.getIntoNettyByteBuf:getIntoNettyByteBuf·p0.99","sample",1,1,417.000000,NaN,"ns/op",1024,1,none,4096
"com.evolvedbinary.jnibench.jmhbench.GetJNIBenchmark.getIntoNettyByteBuf:getIntoNettyByteBuf·p0.999","sample",1,1,1500.000000,NaN,"ns/op",1024,1,none,4096
"com.evolvedbinary.jnibench.jmhbench.GetJNIBenchmark.getIntoNettyByteBuf:getIntoNettyByteBuf·p0.9999","sample",1,1,7576.000000,NaN,"ns/op",1024,1,none,4096
"com.evolvedbinary.jnibench.jmhbench.GetJNIBenchmark.getIntoNettyByteBuf:getIntoNettyByteBuf·p1.00","sample",1,1,60032.000000,NaN,"ns/op",1024,1,none,4096
"com.evolvedbinary.jnibench.jmhbench.GetJNIBenchmark.getIntoNettyByteBuf","sample",1,3794074,748.998853,0.717934,"ns/op",1024,1,none,16384
"com.evolvedbinary.jnibench.jmhbench.GetJNIBenchmark.getIntoNettyByteBuf:getIntoNettyByteBuf·p0.00","sample",1,1,333.000000,NaN,"ns/op",1024,1,none,16384
"com.evolvedbinary.jnibench.jmhbench.GetJNIBenchmark.getIntoNettyByteBuf:getIntoNettyByteBuf·p0.50","sample",1,1,584.000000,NaN,"ns/op",1024,1,none,16384
"com.evolvedbinary.jnibench.jmhbench.GetJNIBenchmark.getIntoNettyByteBuf:getIntoNettyByteBuf·p0.90","sample",1,1,1000.000000,NaN,"ns/op",1024,1,none,16384
"com.evolvedbinary.jnibench.jmhbench.GetJNIBenchmark.getIntoNettyByteBuf:getIntoNettyByteBuf·p0.95","sample",1,1,1000.000000,NaN,"ns/op",1024,1,none,16384
"com.evolvedbinary.jnibench.jmhbench.GetJNIBenchmark.getIntoNettyByteBuf:getIntoNettyByteBuf·p0.99","sample",1,1,1082.000000,NaN,"ns/op",1024,1,none,16384
"com.evolvedbinary.jnibench.jmhbench.GetJNIBenchmark.getIntoNettyByteBuf:getIntoNettyByteBuf·p0.999","sample",1,1,3832.000000,NaN,"ns/op",1024,1,none,16384
"com.evolvedbinary.jnibench.jmhbench.GetJNIBenchmark.getIntoNettyByteBuf:getIntoNettyByteBuf·p0.9999","sample",1,1,13138.960000,NaN,"ns/op",1024,1,none,16384
"com.evolvedbinary.jnibench.jmhbench.GetJNIBenchmark.getIntoNettyByteBuf:getIntoNettyByteBuf·p1.00","sample",1,1,198144.000000,NaN,"ns/op",1024,1,none,16384
"com.evolvedbinary.jnibench.jmhbench.GetJNIBenchmark.getIntoNettyByteBuf","sample",1,3246102,1198.929792,4.162206,"ns/op",1024,1,none,32768
"com.evolvedbinary.jnibench.jmhbench.GetJNIBenchmark.getIntoNettyByteBuf:getIntoNettyByteBuf·p0.00","sample",1,1,625.000000,NaN,"ns/op",1024,1,none,32768
"com.evolvedbinary.jnibench.jmhbench.GetJNIBenchmark.getIntoNettyByteBuf:getIntoNettyByteBuf·p0.50","sample",1,1,917.000000,NaN,"ns/op",1024,1,none,32768
"com.evolvedbinary.jnibench.jmhbench.GetJNIBenchmark.getIntoNettyByteBuf:getIntoNettyByteBuf·p0.90","sample",1,1,1624.000000,NaN,"ns/op",1024,1,none,32768
"com.evolvedbinary.jnibench.jmhbench.GetJNIBenchmark.getIntoNettyByteBuf:getIntoNettyByteBuf·p0.95","sample",1,1,1624.000000,NaN,"ns/op",1024,1,none,32768
"com.evolvedbinary.jnibench.jmhbench.GetJNIBenchmark.getIntoNettyByteBuf:getIntoNettyByteBuf·p0.99","sample",1,1,1708.000000,NaN,"ns/op",1024,1,none,32768
"com.evolvedbinary.jnibench.jmhbench.GetJNIBenchmark.getIntoNettyByteBuf:getIntoNettyByteBuf·p0.999","sample",1,1,5368.000000,NaN,"ns/op",1024,1,none,32768
"com.evolvedbinary.jnibench.jmhbench.GetJNIBenchmark.getIntoNettyByteBuf:getIntoNettyByteBuf·p0.9999","sample",1,1,17600.000000,NaN,"ns/op",1024,1,none,32768
"com.evolvedbinary.jnibench.jmhbench.GetJNIBenchmark.getIntoNettyByteBuf:getIntoNettyByteBuf·p1.00","sample",1,1,3117056.000000,NaN,"ns/op",1024,1,none,32768
"com.evolvedbinary.jnibench.jmhbench.GetJNIBenchmark.getIntoNettyByteBuf","sample",1,3460132,2032.327844,3.478320,"ns/op",1024,1,none,65536
"com.evolvedbinary.jnibench.jmhbench.GetJNIBenchmark.getIntoNettyByteBuf:getIntoNettyByteBuf·p0.00","sample",1,1,1124.000000,NaN,"ns/op",1024,1,none,65536
"com.evolvedbinary.jnibench.jmhbench.GetJNIBenchmark.getIntoNettyByteBuf:getIntoNettyByteBuf·p0.50","sample",1,1,1542.000000,NaN,"ns/op",1024,1,none,65536
"com.evolvedbinary.jnibench.jmhbench.GetJNIBenchmark.getIntoNettyByteBuf:getIntoNettyByteBuf·p0.90","sample",1,1,2916.000000,NaN,"ns/op",1024,1,none,65536
"com.evolvedbinary.jnibench.jmhbench.GetJNIBenchmark.getIntoNettyByteBuf:getIntoNettyByteBuf·p0.95","sample",1,1,2916.000000,NaN,"ns/op",1024,1,none,65536
"com.evolvedbinary.jnibench.jmhbench.GetJNIBenchmark.getIntoNettyByteBuf:getIntoNettyByteBuf·p0.99","sample",1,1,3080.000000,NaN,"ns/op",1024,1,none,65536
"com.evolvedbinary.jnibench.jmhbench.GetJNIBenchmark.getIntoNettyByteBuf:getIntoNettyByteBuf·p0.999","sample",1,1,6624.000000,NaN,"ns/op",1024,1,none,65536
"com.evolvedbinary.jnibench.jmhbench.GetJNIBenchmark.getIntoNettyByteBuf:getIntoNettyByteBuf·p0.9999","sample",1,1,18496.000000,NaN,"ns/op",1024,1,none,65536
"com.evolvedbinary.jnibench.jmhbench.GetJNIBenchmark.getIntoNettyByteBuf:getIntoNettyByteBuf·p1.00","sample",1,1,3031040.000000,NaN,"ns/op",1024,1,none,65536
"com.evolvedbinary.jnibench.jmhbench.GetJNIBenchmark.getIntoNettyByteBuf","sample",1,3788924,214.616277,2.435696,"ns/op",1024,1,copyout,10
"com.evolvedbinary.jnibench.jmhbench.GetJNIBenchmark.getIntoNettyByteBuf:getIntoNettyByteBuf·p0.00","sample",1,1,41.000000,NaN,"ns/op",1024,1,copyout,10
"com.evolvedbinary.jnibench.jmhbench.GetJNIBenchmark.getIntoNettyByteBuf:getIntoNettyByteBuf·p0.50","sample",1,1,208.000000,NaN,"ns/op",1024,1,copyout,10
"com.evolvedbinary.jnibench.jmhbench.GetJNIBenchmark.getIntoNettyByteBuf:getIntoNettyByteBuf·p0.90","sample",1,1,209.000000,NaN,"ns/op",1024,1,copyout,10
"com.evolvedbinary.jnibench.jmhbench.GetJNIBenchmark.getIntoNettyByteBuf:getIntoNettyByteBuf·p0.95","sample",1,1,292.000000,NaN,"ns/op",1024,1,copyout,10
"com.evolvedbinary.jnibench.jmhbench.GetJNIBenchmark.getIntoNettyByteBuf:getIntoNettyByteBuf·p0.99","sample",1,1,542.000000,NaN,"ns/op",1024,1,copyout,10
"com.evolvedbinary.jnibench.jmhbench.GetJNIBenchmark.getIntoNettyByteBuf:getIntoNettyByteBuf·p0.999","sample",1,1,1374.000000,NaN,"ns/op",1024,1,copyout,10
"com.evolvedbinary.jnibench.jmhbench.GetJNIBenchmark.getIntoNettyByteBuf:getIntoNettyByteBuf·p0.9999","sample",1,1,8208.000000,NaN,"ns/op",1024,1,copyout,10
"com.evolvedbinary.jnibench.jmhbench.GetJNIBenchmark.getIntoNettyByteBuf:getIntoNettyByteBuf·p1.00","sample",1,1,1740800.000000,NaN,"ns/op",1024,1,copyout,10
"com.evolvedbinary.jnibench.jmhbench.GetJNIBenchmark.getIntoNettyByteBuf","sample",1,4708049,219.309995,1.312608,"ns/op",1024,1,copyout,50
"com.evolvedbinary.jnibench.jmhbench.GetJNIBenchmark.getIntoNettyByteBuf:getIntoNettyByteBuf·p0.00","sample",1,1,41.000000,NaN,"ns/op",1024,1,copyout,50
"com.evolvedbinary.jnibench.jmhbench.GetJNIBenchmark.getIntoNettyByteBuf:getIntoNettyByteBuf·p0.50","sample",1,1,208.000000,NaN,"ns/op",1024,1,copyout,50
"com.evolvedbinary.jnibench.jmhbench.GetJNIBenchmark.getIntoNettyByteBuf:getIntoNettyByteBuf·p0.90","sample",1,1,209.000000,NaN,"ns/op",1024,1,copyout,50
"com.evolvedbinary.jnibench.jmhbench.GetJNIBenchmark.getIntoNettyByteBuf:getIntoNettyByteBuf·p0.95","sample",1,1,292.000000,NaN,"ns/op",1024,1,copyout,50
"com.evolvedbinary.jnibench.jmhbench.GetJNIBenchmark.getIntoNettyByteBuf:getIntoNettyByteBuf·p0.99","sample",1,1,541.000000,NaN,"ns/op",1024,1,copyout,50
"com.evolvedbinary.jnibench.jmhbench.GetJNIBenchmark.getIntoNettyByteBuf:getIntoNettyByteBuf·p0.999","sample",1,1,1082.000000,NaN,"ns/op",1024,1,copyout,50
"com.evolvedbinary.jnibench.jmhbench.GetJNIBenchmark.getIntoNettyByteBuf:getIntoNettyByteBuf·p0.9999","sample",1,1,6416.000000,NaN,"ns/op",1024,1,copyout,50
"com.evolvedbinary.jnibench.jmhbench.GetJNIBenchmark.getIntoNettyByteBuf:getIntoNettyByteBuf·p1.00","sample",1,1,1619968.000000,NaN,"ns/op",1024,1,copyout,50
"com.evolvedbinary.jnibench.jmhbench.GetJNIBenchmark.getIntoNettyByteBuf","sample",1,3337610,313.322108,1.683169,"ns/op",1024,1,copyout,512
"com.evolvedbinary.jnibench.jmhbench.GetJNIBenchmark.getIntoNettyByteBuf:getIntoNettyByteBuf·p0.00","sample",1,1,41.000000,NaN,"ns/op",1024,1,copyout,512
"com.evolvedbinary.jnibench.jmhbench.GetJNIBenchmark.getIntoNettyByteBuf:getIntoNettyByteBuf·p0.50","sample",1,1,292.000000,NaN,"ns/op",1024,1,copyout,512
"com.evolvedbinary.jnibench.jmhbench.GetJNIBenchmark.getIntoNettyByteBuf:getIntoNettyByteBuf·p0.90","sample",1,1,334.000000,NaN,"ns/op",1024,1,copyout,512
"com.evolvedbinary.jnibench.jmhbench.GetJNIBenchmark.getIntoNettyByteBuf:getIntoNettyByteBuf·p0.95","sample",1,1,500.000000,NaN,"ns/op",1024,1,copyout,512
"com.evolvedbinary.jnibench.jmhbench.GetJNIBenchmark.getIntoNettyByteBuf:getIntoNettyByteBuf·p0.99","sample",1,1,792.000000,NaN,"ns/op",1024,1,copyout,512
"com.evolvedbinary.jnibench.jmhbench.GetJNIBenchmark.getIntoNettyByteBuf:getIntoNettyByteBuf·p0.999","sample",1,1,2456.000000,NaN,"ns/op",1024,1,copyout,512
"com.evolvedbinary.jnibench.jmhbench.GetJNIBenchmark.getIntoNettyByteBuf:getIntoNettyByteBuf·p0.9999","sample",1,1,10032.000000,NaN,"ns/op",1024,1,copyout,512
"com.evolvedbinary.jnibench.jmhbench.GetJNIBenchmark.getIntoNettyByteBuf:getIntoNettyByteBuf·p1.00","sample",1,1,1497088.000000,NaN,"ns/op",1024,1,copyout,512
"com.evolvedbinary.jnibench.jmhbench.GetJNIBenchmark.getIntoNettyByteBuf","sample",1,3183185,409.053347,13.351102,"ns/op",1024,1,copyout,1024
"com.evolvedbinary.jnibench.jmhbench.GetJNIBenchmark.getIntoNettyByteBuf:getIntoNettyByteBuf·p0.00","sample",1,1,41.000000,NaN,"ns/op",1024,1,copyout,1024
"com.evolvedbinary.jnibench.jmhbench.GetJNIBenchmark.getIntoNettyByteBuf:getIntoNettyByteBuf·p0.50","sample",1,1,375.000000,NaN,"ns/op",1024,1,copyout,1024
"com.evolvedbinary.jnibench.jmhbench.GetJNIBenchmark.getIntoNettyByteBuf:getIntoNettyByteBuf·p0.90","sample",1,1,417.000000,NaN,"ns/op",1024,1,copyout,1024
"com.evolvedbinary.jnibench.jmhbench.GetJNIBenchmark.getIntoNettyByteBuf:getIntoNettyByteBuf·p0.95","sample",1,1,500.000000,NaN,"ns/op",1024,1,copyout,1024
"com.evolvedbinary.jnibench.jmhbench.GetJNIBenchmark.getIntoNettyByteBuf:getIntoNettyByteBuf·p0.99","sample",1,1,792.000000,NaN,"ns/op",1024,1,copyout,1024
"com.evolvedbinary.jnibench.jmhbench.GetJNIBenchmark.getIntoNettyByteBuf:getIntoNettyByteBuf·p0.999","sample",1,1,3124.000000,NaN,"ns/op",1024,1,copyout,1024
"com.evolvedbinary.jnibench.jmhbench.GetJNIBenchmark.getIntoNettyByteBuf:getIntoNettyByteBuf·p0.9999","sample",1,1,11685.804800,NaN,"ns/op",1024,1,copyout,1024
"com.evolvedbinary.jnibench.jmhbench.GetJNIBenchmark.getIntoNettyByteBuf:getIntoNettyByteBuf·p1.00","sample",1,1,12894208.000000,NaN,"ns/op",1024,1,copyout,1024
"com.evolvedbinary.jnibench.jmhbench.GetJNIBenchmark.getIntoNettyByteBuf","sample",1,4357973,928.764332,2.231100,"ns/op",1024,1,copyout,4096
"com.evolvedbinary.jnibench.jmhbench.GetJNIBenchmark.getIntoNettyByteBuf:getIntoNettyByteBuf·p0.00","sample",1,1,542.000000,NaN,"ns/op",1024,1,copyout,4096
"com.evolvedbinary.jnibench.jmhbench.GetJNIBenchmark.getIntoNettyByteBuf:getIntoNettyByteBuf·p0.50","sample",1,1,917.000000,NaN,"ns/op",1024,1,copyout,4096
"com.evolvedbinary.jnibench.jmhbench.GetJNIBenchmark.getIntoNettyByteBuf:getIntoNettyByteBuf·p0.90","sample",1,1,958.000000,NaN,"ns/op",1024,1,copyout,4096
"com.evolvedbinary.jnibench.jmhbench.GetJNIBenchmark.getIntoNettyByteBuf:getIntoNettyByteBuf·p0.95","sample",1,1,959.000000,NaN,"ns/op",1024,1,copyout,4096
"com.evolvedbinary.jnibench.jmhbench.GetJNIBenchmark.getIntoNettyByteBuf:getIntoNettyByteBuf·p0.99","sample",1,1,1042.000000,NaN,"ns/op",1024,1,copyout,4096
"com.evolvedbinary.jnibench.jmhbench.GetJNIBenchmark.getIntoNettyByteBuf:getIntoNettyByteBuf·p0.999","sample",1,1,4208.000000,NaN,"ns/op",1024,1,copyout,4096
"com.evolvedbinary.jnibench.jmhbench.GetJNIBenchmark.getIntoNettyByteBuf:getIntoNettyByteBuf·p0.9999","sample",1,1,14448.000000,NaN,"ns/op",1024,1,copyout,4096
"com.evolvedbinary.jnibench.jmhbench.GetJNIBenchmark.getIntoNettyByteBuf:getIntoNettyByteBuf·p1.00","sample",1,1,2289664.000000,NaN,"ns/op",1024,1,copyout,4096
"com.evolvedbinary.jnibench.jmhbench.GetJNIBenchmark.getIntoNettyByteBuf","sample",1,2597694,3106.036255,5.340060,"ns/op",1024,1,copyout,16384
"com.evolvedbinary.jnibench.jmhbench.GetJNIBenchmark.getIntoNettyByteBuf:getIntoNettyByteBuf·p0.00","sample",1,1,2872.000000,NaN,"ns/op",1024,1,copyout,16384
"com.evolvedbinary.jnibench.jmhbench.GetJNIBenchmark.getIntoNettyByteBuf:getIntoNettyByteBuf·p0.50","sample",1,1,3040.000000,NaN,"ns/op",1024,1,copyout,16384
"com.evolvedbinary.jnibench.jmhbench.GetJNIBenchmark.getIntoNettyByteBuf:getIntoNettyByteBuf·p0.90","sample",1,1,3124.000000,NaN,"ns/op",1024,1,copyout,16384
"com.evolvedbinary.jnibench.jmhbench.GetJNIBenchmark.getIntoNettyByteBuf:getIntoNettyByteBuf·p0.95","sample",1,1,3208.000000,NaN,"ns/op",1024,1,copyout,16384
"com.evolvedbinary.jnibench.jmhbench.GetJNIBenchmark.getIntoNettyByteBuf:getIntoNettyByteBuf·p0.99","sample",1,1,3456.000000,NaN,"ns/op",1024,1,copyout,16384
"com.evolvedbinary.jnibench.jmhbench.GetJNIBenchmark.getIntoNettyByteBuf:getIntoNettyByteBuf·p0.999","sample",1,1,11086.640000,NaN,"ns/op",1024,1,copyout,16384
"com.evolvedbinary.jnibench.jmhbench.GetJNIBenchmark.getIntoNettyByteBuf:getIntoNettyByteBuf·p0.9999","sample",1,1,40448.000000,NaN,"ns/op",1024,1,copyout,16384
"com.evolvedbinary.jnibench.jmhbench.GetJNIBenchmark.getIntoNettyByteBuf:getIntoNettyByteBuf·p1.00","sample",1,1,2740224.000000,NaN,"ns/op",1024,1,copyout,16384
"com.evolvedbinary.jnibench.jmhbench.GetJNIBenchmark.getIntoNettyByteBuf","sample",1,2714132,6957.401447,4.608372,"ns/op",1024,1,copyout,32768
"com.evolvedbinary.jnibench.jmhbench.GetJNIBenchmark.getIntoNettyByteBuf:getIntoNettyByteBuf·p0.00","sample",1,1,5744.000000,NaN,"ns/op",1024,1,copyout,32768
"com.evolvedbinary.jnibench.jmhbench.GetJNIBenchmark.getIntoNettyByteBuf:getIntoNettyByteBuf·p0.50","sample",1,1,5952.000000,NaN,"ns/op",1024,1,copyout,32768
"com.evolvedbinary.jnibench.jmhbench.GetJNIBenchmark.getIntoNettyByteBuf:getIntoNettyByteBuf·p0.90","sample",1,1,10624.000000,NaN,"ns/op",1024,1,copyout,32768
"com.evolvedbinary.jnibench.jmhbench.GetJNIBenchmark.getIntoNettyByteBuf:getIntoNettyByteBuf·p0.95","sample",1,1,10864.000000,NaN,"ns/op",1024,1,copyout,32768
"com.evolvedbinary.jnibench.jmhbench.GetJNIBenchmark.getIntoNettyByteBuf:getIntoNettyByteBuf·p0.99","sample",1,1,11248.000000,NaN,"ns/op",1024,1,copyout,32768
"com.evolvedbinary.jnibench.jmhbench.GetJNIBenchmark.getIntoNettyByteBuf:getIntoNettyByteBuf·p0.999","sample",1,1,16112.000000,NaN,"ns/op",1024,1,copyout,32768
"com.evolvedbinary.jnibench.jmhbench.GetJNIBenchmark.getIntoNettyByteBuf:getIntoNettyByteBuf·p0.9999","sample",1,1,44480.000000,NaN,"ns/op",1024,1,copyout,32768
"com.evolvedbinary.jnibench.jmhbench.GetJNIBenchmark.getIntoNettyByteBuf:getIntoNettyByteBuf·p1.00","sample",1,1,913408.000000,NaN,"ns/op",1024,1,copyout,32768
"com.evolvedbinary.jnibench.jmhbench.GetJNIBenchmark.getIntoNettyByteBuf","sample",1,2532271,12604.419694,4.375246,"ns/op",1024,1,copyout,65536
"com.evolvedbinary.jnibench.jmhbench.GetJNIBenchmark.getIntoNettyByteBuf:getIntoNettyByteBuf·p0.00","sample",1,1,11952.000000,NaN,"ns/op",1024,1,copyout,65536
"com.evolvedbinary.jnibench.jmhbench.GetJNIBenchmark.getIntoNettyByteBuf:getIntoNettyByteBuf·p0.50","sample",1,1,12528.000000,NaN,"ns/op",1024,1,copyout,65536
"com.evolvedbinary.jnibench.jmhbench.GetJNIBenchmark.getIntoNettyByteBuf:getIntoNettyByteBuf·p0.90","sample",1,1,12864.000000,NaN,"ns/op",1024,1,copyout,65536
"com.evolvedbinary.jnibench.jmhbench.GetJNIBenchmark.getIntoNettyByteBuf:getIntoNettyByteBuf·p0.95","sample",1,1,13040.000000,NaN,"ns/op",1024,1,copyout,65536
"com.evolvedbinary.jnibench.jmhbench.GetJNIBenchmark.getIntoNettyByteBuf:getIntoNettyByteBuf·p0.99","sample",1,1,13744.000000,NaN,"ns/op",1024,1,copyout,65536
"com.evolvedbinary.jnibench.jmhbench.GetJNIBenchmark.getIntoNettyByteBuf:getIntoNettyByteBuf·p0.999","sample",1,1,23648.000000,NaN,"ns/op",1024,1,copyout,65536
"com.evolvedbinary.jnibench.jmhbench.GetJNIBenchmark.getIntoNettyByteBuf:getIntoNettyByteBuf·p0.9999","sample",1,1,50289.459200,NaN,"ns/op",1024,1,copyout,65536
"com.evolvedbinary.jnibench.jmhbench.GetJNIBenchmark.getIntoNettyByteBuf:getIntoNettyByteBuf·p1.00","sample",1,1,2031616.000000,NaN,"ns/op",1024,1,copyout,65536
"com.evolvedbinary.jnibench.jmhbench.GetJNIBenchmark.getIntoPooledNettyByteBuf","sample",1,4057225,255.782739,0.448135,"ns/op",1024,1,none,10
"com.evolvedbinary.jnibench.jmhbench.GetJNIBenchmark.getIntoPooledNettyByteBuf:getIntoPooledNettyByteBuf·p0.00","sample",1,1,42.000000,NaN,"ns/op",1024,1,none,10
"com.evolvedbinary.jnibench.jmhbench.GetJNIBenchmark.getIntoPooledNettyByteBuf:getIntoPooledNettyByteBuf·p0.50","sample",1,1,250.000000,NaN,"ns/op",1024,1,none,10
"com.evolvedbinary.jnibench.jmhbench.GetJNIBenchmark.getIntoPooledNettyByteBuf:getIntoPooledNettyByteBuf·p0.90","sample",1,1,250.000000,NaN,"ns/op",1024,1,none,10
"com.evolvedbinary.jnibench.jmhbench.GetJNIBenchmark.getIntoPooledNettyByteBuf:getIntoPooledNettyByteBuf·p0.95","sample",1,1,250.000000,NaN,"ns/op",1024,1,none,10
"com.evolvedbinary.jnibench.jmhbench.GetJNIBenchmark.getIntoPooledNettyByteBuf:getIntoPooledNettyByteBuf·p0.99","sample",1,1,458.000000,NaN,"ns/op",1024,1,none,10
"com.evolvedbinary.jnibench.jmhbench.GetJNIBenchmark.getIntoPooledNettyByteBuf:getIntoPooledNettyByteBuf·p0.999","sample",1,1,2624.000000,NaN,"ns/op",1024,1,none,10
"com.evolvedbinary.jnibench.jmhbench.GetJNIBenchmark.getIntoPooledNettyByteBuf:getIntoPooledNettyByteBuf·p0.9999","sample",1,1,9280.000000,NaN,"ns/op",1024,1,none,10
"com.evolvedbinary.jnibench.jmhbench.GetJNIBenchmark.getIntoPooledNettyByteBuf:getIntoPooledNettyByteBuf·p1.00","sample",1,1,214784.000000,NaN,"ns/op",1024,1,none,10
"com.evolvedbinary.jnibench.jmhbench.GetJNIBenchmark.getIntoPooledNettyByteBuf","sample",1,3972958,262.228344,1.660986,"ns/op",1024,1,none,50
"com.evolvedbinary.jnibench.jmhbench.GetJNIBenchmark.getIntoPooledNettyByteBuf:getIntoPooledNettyByteBuf·p0.00","sample",1,1,42.000000,NaN,"ns/op",1024,1,none,50
"com.evolvedbinary.jnibench.jmhbench.GetJNIBenchmark.getIntoPooledNettyByteBuf:getIntoPooledNettyByteBuf·p0.50","sample",1,1,250.000000,NaN,"ns/op",1024,1,none,50
"com.evolvedbinary.jnibench.jmhbench.GetJNIBenchmark.getIntoPooledNettyByteBuf:getIntoPooledNettyByteBuf·p0.90","sample",1,1,250.000000,NaN,"ns/op",1024,1,none,50
"com.evolvedbinary.jnibench.jmhbench.GetJNIBenchmark.getIntoPooledNettyByteBuf:getIntoPooledNettyByteBuf·p0.95","sample",1,1,291.000000,NaN,"ns/op",1024,1,none,50
"com.evolvedbinary.jnibench.jmhbench.GetJNIBenchmark.getIntoPooledNettyByteBuf:getIntoPooledNettyByteBuf·p0.99","sample",1,1,459.000000,NaN,"ns/op",1024,1,none,50
"com.evolvedbinary.jnibench.jmhbench.GetJNIBenchmark.getIntoPooledNettyByteBuf:getIntoPooledNettyByteBuf·p0.999","sample",1,1,3124.000000,NaN,"ns/op",1024,1,none,50
"com.evolvedbinary.jnibench.jmhbench.GetJNIBenchmark.getIntoPooledNettyByteBuf:getIntoPooledNettyByteBuf·p0.9999","sample",1,1,11185.796800,NaN,"ns/op",1024,1,none,50
"com.evolvedbinary.jnibench.jmhbench.GetJNIBenchmark.getIntoPooledNettyByteBuf:getIntoPooledNettyByteBuf·p1.00","sample",1,1,1617920.000000,NaN,"ns/op",1024,1,none,50
"com.evolvedbinary.jnibench.jmhbench.GetJNIBenchmark.getIntoPooledNettyByteBuf","sample",1,3909695,266.936742,1.462463,"ns/op",1024,1,none,512
"com.evolvedbinary.jnibench.jmhbench.GetJNIBenchmark.getIntoPooledNettyByteBuf:getIntoPooledNettyByteBuf·p0.00","sample",1,1,41.000000,NaN,"ns/op",1024,1,none,512
"com.evolvedbinary.jnibench.jmhbench.GetJNIBenchmark.getIntoPooledNettyByteBuf:getIntoPooledNettyByteBuf·p0.50","sample",1,1,250.000000,NaN,"ns/op",1024,1,none,512
"com.evolvedbinary.jnibench.jmhbench.GetJNIBenchmark.getIntoPooledNettyByteBuf:getIntoPooledNettyByteBuf·p0.90","sample",1,1,250.000000,NaN,"ns/op",1024,1,none,512
"com.evolvedbinary.jnibench.jmhbench.GetJNIBenchmark.getIntoPooledNettyByteBuf:getIntoPooledNettyByteBuf·p0.95","sample",1,1,292.000000,NaN,"ns/op",1024,1,none,512
"com.evolvedbinary.jnibench.jmhbench.GetJNIBenchmark.getIntoPooledNettyByteBuf:getIntoPooledNettyByteBuf·p0.99","sample",1,1,459.000000,NaN,"ns/op",1024,1,none,512
"com.evolvedbinary.jnibench.jmhbench.GetJNIBenchmark.getIntoPooledNettyByteBuf:getIntoPooledNettyByteBuf·p0.999","sample",1,1,3080.000000,NaN,"ns/op",1024,1,none,512
"com.evolvedbinary.jnibench.jmhbench.GetJNIBenchmark.getIntoPooledNettyByteBuf:getIntoPooledNettyByteBuf·p0.9999","sample",1,1,12288.000000,NaN,"ns/op",1024,1,none,512
"com.evolvedbinary.jnibench.jmhbench.GetJNIBenchmark.getIntoPooledNettyByteBuf:getIntoPooledNettyByteBuf·p1.00","sample",1,1,1607680.000000,NaN,"ns/op",1024,1,none,512
"com.evolvedbinary.jnibench.jmhbench.GetJNIBenchmark.getIntoPooledNettyByteBuf","sample",1,3830509,270.118216,1.677119,"ns/op",1024,1,none,1024
"com.evolvedbinary.jnibench.jmhbench.GetJNIBenchmark.getIntoPooledNettyByteBuf:getIntoPooledNettyByteBuf·p0.00","sample",1,1,41.000000,NaN,"ns/op",1024,1,none,1024
"com.evolvedbinary.jnibench.jmhbench.GetJNIBenchmark.getIntoPooledNettyByteBuf:getIntoPooledNettyByteBuf·p0.50","sample",1,1,250.000000,NaN,"ns/op",1024,1,none,1024
"com.evolvedbinary.jnibench.jmhbench.GetJNIBenchmark.getIntoPooledNettyByteBuf:getIntoPooledNettyByteBuf·p0.90","sample",1,1,292.000000,NaN,"ns/op",1024,1,none,1024
"com.evolvedbinary.jnibench.jmhbench.GetJNIBenchmark.getIntoPooledNettyByteBuf:getIntoPooledNettyByteBuf·p0.95","sample",1,1,292.000000,NaN,"ns/op",1024,1,none,1024
"com.evolvedbinary.jnibench.jmhbench.GetJNIBenchmark.getIntoPooledNettyByteBuf:getIntoPooledNettyByteBuf·p0.99","sample",1,1,458.000000,NaN,"ns/op",1024,1,none,1024
"com.evolvedbinary.jnibench.jmhbench.GetJNIBenchmark.getIntoPooledNettyByteBuf:getIntoPooledNettyByteBuf·p0.999","sample",1,1,2584.000000,NaN,"ns/op",1024,1,none,1024
"com.evolvedbinary.jnibench.jmhbench.GetJNIBenchmark.getIntoPooledNettyByteBuf:getIntoPooledNettyByteBuf·p0.9999","sample",1,1,11245.552000,NaN,"ns/op",1024,1,none,1024
"com.evolvedbinary.jnibench.jmhbench.GetJNIBenchmark.getIntoPooledNettyByteBuf:getIntoPooledNettyByteBuf·p1.00","sample",1,1,1873920.000000,NaN,"ns/op",1024,1,none,1024
"com.evolvedbinary.jnibench.jmhbench.GetJNIBenchmark.getIntoPooledNettyByteBuf","sample",1,3118659,334.371305,2.750498,"ns/op",1024,1,none,4096
"com.evolvedbinary.jnibench.jmhbench.GetJNIBenchmark.getIntoPooledNettyByteBuf:getIntoPooledNettyByteBuf·p0.00","sample",1,1,41.000000,NaN,"ns/op",1024,1,none,4096
"com.evolvedbinary.jnibench.jmhbench.GetJNIBenchmark.getIntoPooledNettyByteBuf:getIntoPooledNettyByteBuf·p0.50","sample",1,1,292.000000,NaN,"ns/op",1024,1,none,4096
"com.evolvedbinary.jnibench.jmhbench.GetJNIBenchmark.getIntoPooledNettyByteBuf:getIntoPooledNettyByteBuf·p0.90","sample",1,1,375.000000,NaN,"ns/op",1024,1,none,4096
"com.evolvedbinary.jnibench.jmhbench.GetJNIBenchmark.getIntoPooledNettyByteBuf:getIntoPooledNettyByteBuf·p0.95","sample",1,1,416.000000,NaN,"ns/op",1024,1,none,4096
"com.evolvedbinary.jnibench.jmhbench.GetJNIBenchmark.getIntoPooledNettyByteBuf:getIntoPooledNettyByteBuf·p0.99","sample",1,1,750.000000,NaN,"ns/op",1024,1,none,4096
"com.evolvedbinary.jnibench.jmhbench.GetJNIBenchmark.getIntoPooledNettyByteBuf:getIntoPooledNettyByteBuf·p0.999","sample",1,1,3332.000000,NaN,"ns/op",1024,1,none,4096
"com.evolvedbinary.jnibench.jmhbench.GetJNIBenchmark.getIntoPooledNettyByteBuf:getIntoPooledNettyByteBuf·p0.9999","sample",1,1,14212.288000,NaN,"ns/op",1024,1,none,4096
"com.evolvedbinary.jnibench.jmhbench.GetJNIBenchmark.getIntoPooledNettyByteBuf:getIntoPooledNettyByteBuf·p1.00","sample",1,1,1945600.000000,NaN,"ns/op",1024,1,none,4096
"com.evolvedbinary.jnibench.jmhbench.GetJNIBenchmark.getIntoPooledNettyByteBuf","sample",1,3747657,790.279581,0.755891,"ns/op",1024,1,none,16384
"com.evolvedbinary.jnibench.jmhbench.GetJNIBenchmark.getIntoPooledNettyByteBuf:getIntoPooledNettyByteBuf·p0.00","sample",1,1,375.000000,NaN,"ns/op",1024,1,none,16384
"com.evolvedbinary.jnibench.jmhbench.GetJNIBenchmark.getIntoPooledNettyByteBuf:getIntoPooledNettyByteBuf·p0.50","sample",1,1,625.000000,NaN,"ns/op",1024,1,none,16384
"com.evolvedbinary.jnibench.jmhbench.GetJNIBenchmark.getIntoPooledNettyByteBuf:getIntoPooledNettyByteBuf·p0.90","sample",1,1,1042.000000,NaN,"ns/op",1024,1,none,16384
"com.evolvedbinary.jnibench.jmhbench.GetJNIBenchmark.getIntoPooledNettyByteBuf:getIntoPooledNettyByteBuf·p0.95","sample",1,1,1082.000000,NaN,"ns/op",1024,1,none,16384
"com.evolvedbinary.jnibench.jmhbench.GetJNIBenchmark.getIntoPooledNettyByteBuf:getIntoPooledNettyByteBuf·p0.99","sample",1,1,1374.000000,NaN,"ns/op",1024,1,none,16384
"com.evolvedbinary.jnibench.jmhbench.GetJNIBenchmark.getIntoPooledNettyByteBuf:getIntoPooledNettyByteBuf·p0.999","sample",1,1,3664.000000,NaN,"ns/op",1024,1,none,16384
"com.evolvedbinary.jnibench.jmhbench.GetJNIBenchmark.getIntoPooledNettyByteBuf:getIntoPooledNettyByteBuf·p0.9999","sample",1,1,16080.000000,NaN,"ns/op",1024,1,none,16384
"com.evolvedbinary.jnibench.jmhbench.GetJNIBenchmark.getIntoPooledNettyByteBuf:getIntoPooledNettyByteBuf·p1.00","sample",1,1,169216.000000,NaN,"ns/op",1024,1,none,16384
"com.evolvedbinary.jnibench.jmhbench.GetJNIBenchmark.getIntoPooledNettyByteBuf","sample",1,3719176,1228.857999,2.847655,"ns/op",1024,1,none,32768
"com.evolvedbinary.jnibench.jmhbench.GetJNIBenchmark.getIntoPooledNettyByteBuf:getIntoPooledNettyByteBuf·p0.00","sample",1,1,708.000000,NaN,"ns/op",1024,1,none,32768
"com.evolvedbinary.jnibench.jmhbench.GetJNIBenchmark.getIntoPooledNettyByteBuf:getIntoPooledNettyByteBuf·p0.50","sample",1,1,1000.000000,NaN,"ns/op",1024,1,none,32768
"com.evolvedbinary.jnibench.jmhbench.GetJNIBenchmark.getIntoPooledNettyByteBuf:getIntoPooledNettyByteBuf·p0.90","sample",1,1,1750.000000,NaN,"ns/op",1024,1,none,32768
"com.evolvedbinary.jnibench.jmhbench.GetJNIBenchmark.getIntoPooledNettyByteBuf:getIntoPooledNettyByteBuf·p0.95","sample",1,1,1750.000000,NaN,"ns/op",1024,1,none,32768
"com.evolvedbinary.jnibench.jmhbench.GetJNIBenchmark.getIntoPooledNettyByteBuf:getIntoPooledNettyByteBuf·p0.99","sample",1,1,1916.000000,NaN,"ns/op",1024,1,none,32768
"com.evolvedbinary.jnibench.jmhbench.GetJNIBenchmark.getIntoPooledNettyByteBuf:getIntoPooledNettyByteBuf·p0.999","sample",1,1,5328.000000,NaN,"ns/op",1024,1,none,32768
"com.evolvedbinary.jnibench.jmhbench.GetJNIBenchmark.getIntoPooledNettyByteBuf:getIntoPooledNettyByteBuf·p0.9999","sample",1,1,19685.267200,NaN,"ns/op",1024,1,none,32768
"com.evolvedbinary.jnibench.jmhbench.GetJNIBenchmark.getIntoPooledNettyByteBuf:getIntoPooledNettyByteBuf·p1.00","sample",1,1,3018752.000000,NaN,"ns/op",1024,1,none,32768
"com.evolvedbinary.jnibench.jmhbench.GetJNIBenchmark.getIntoPooledNettyByteBuf","sample",1,2970385,1778.987209,2.712119,"ns/op",1024,1,none,65536
"com.evolvedbinary.jnibench.jmhbench.GetJNIBenchmark.getIntoPooledNettyByteBuf:getIntoPooledNettyByteBuf·p0.00","sample",1,1,1208.000000,NaN,"ns/op",1024,1,none,65536
"com.evolvedbinary.jnibench.jmhbench.GetJNIBenchmark.getIntoPooledNettyByteBuf:getIntoPooledNettyByteBuf·p0.50","sample",1,1,1416.000000,NaN,"ns/op",1024,1,none,65536
"com.evolvedbinary.jnibench.jmhbench.GetJNIBenchmark.getIntoPooledNettyByteBuf:getIntoPooledNettyByteBuf·p0.90","sample",1,1,3000.000000,NaN,"ns/op",1024,1,none,65536
"com.evolvedbinary.jnibench.jmhbench.GetJNIBenchmark.getIntoPooledNettyByteBuf:getIntoPooledNettyByteBuf·p0.95","sample",1,1,3000.000000,NaN,"ns/op",1024,1,none,65536
"com.evolvedbinary.jnibench.jmhbench.GetJNIBenchmark.getIntoPooledNettyByteBuf:getIntoPooledNettyByteBuf·p0.99","sample",1,1,3084.000000,NaN,"ns/op",1024,1,none,65536
"com.evolvedbinary.jnibench.jmhbench.GetJNIBenchmark.getIntoPooledNettyByteBuf:getIntoPooledNettyByteBuf·p0.999","sample",1,1,6832.000000,NaN,"ns/op",1024,1,none,65536
"com.evolvedbinary.jnibench.jmhbench.GetJNIBenchmark.getIntoPooledNettyByteBuf:getIntoPooledNettyByteBuf·p0.9999","sample",1,1,33792.000000,NaN,"ns/op",1024,1,none,65536
"com.evolvedbinary.jnibench.jmhbench.GetJNIBenchmark.getIntoPooledNettyByteBuf:getIntoPooledNettyByteBuf·p1.00","sample",1,1,1998848.000000,NaN,"ns/op",1024,1,none,65536
"com.evolvedbinary.jnibench.jmhbench.GetJNIBenchmark.getIntoPooledNettyByteBuf","sample",1,3810042,271.861503,1.876156,"ns/op",1024,1,copyout,10
"com.evolvedbinary.jnibench.jmhbench.GetJNIBenchmark.getIntoPooledNettyByteBuf:getIntoPooledNettyByteBuf·p0.00","sample",1,1,41.000000,NaN,"ns/op",1024,1,copyout,10
"com.evolvedbinary.jnibench.jmhbench.GetJNIBenchmark.getIntoPooledNettyByteBuf:getIntoPooledNettyByteBuf·p0.50","sample",1,1,250.000000,NaN,"ns/op",1024,1,copyout,10
"com.evolvedbinary.jnibench.jmhbench.GetJNIBenchmark.getIntoPooledNettyByteBuf:getIntoPooledNettyByteBuf·p0.90","sample",1,1,292.000000,NaN,"ns/op",1024,1,copyout,10
"com.evolvedbinary.jnibench.jmhbench.GetJNIBenchmark.getIntoPooledNettyByteBuf:getIntoPooledNettyByteBuf·p0.95","sample",1,1,292.000000,NaN,"ns/op",1024,1,copyout,10
"com.evolvedbinary.jnibench.jmhbench.GetJNIBenchmark.getIntoPooledNettyByteBuf:getIntoPooledNettyByteBuf·p0.99","sample",1,1,750.000000,NaN,"ns/op",1024,1,copyout,10
"com.evolvedbinary.jnibench.jmhbench.GetJNIBenchmark.getIntoPooledNettyByteBuf:getIntoPooledNettyByteBuf·p0.999","sample",1,1,2124.000000,NaN,"ns/op",1024,1,copyout,10
"com.evolvedbinary.jnibench.jmhbench.GetJNIBenchmark.getIntoPooledNettyByteBuf:getIntoPooledNettyByteBuf·p0.9999","sample",1,1,11328.000000,NaN,"ns/op",1024,1,copyout,10
"com.evolvedbinary.jnibench.jmhbench.GetJNIBenchmark.getIntoPooledNettyByteBuf:getIntoPooledNettyByteBuf·p1.00","sample",1,1,1869824.000000,NaN,"ns/op",1024,1,copyout,10
"com.evolvedbinary.jnibench.jmhbench.GetJNIBenchmark.getIntoPooledNettyByteBuf","sample",1,3636608,287.388257,4.018458,"ns/op",1024,1,copyout,50
"com.evolvedbinary.jnibench.jmhbench.GetJNIBenchmark.getIntoPooledNettyByteBuf:getIntoPooledNettyByteBuf·p0.00","sample",1,1,41.000000,NaN,"ns/op",1024,1,copyout,50
"com.evolvedbinary.jnibench.jmhbench.GetJNIBenchmark.getIntoPooledNettyByteBuf:getIntoPooledNettyByteBuf·p0.50","sample",1,1,250.000000,NaN,"ns/op",1024,1,copyout,50
"com.evolvedbinary.jnibench.jmhbench.GetJNIBenchmark.getIntoPooledNettyByteBuf:getIntoPooledNettyByteBuf·p0.90","sample",1,1,292.000000,NaN,"ns/op",1024,1,copyout,50
"com.evolvedbinary.jnibench.jmhbench.GetJNIBenchmark.getIntoPooledNettyByteBuf:getIntoPooledNettyByteBuf·p0.95","sample",1,1,292.000000,NaN,"ns/op",1024,1,copyout,50
"com.evolvedbinary.jnibench.jmhbench.GetJNIBenchmark.getIntoPooledNettyByteBuf:getIntoPooledNettyByteBuf·p0.99","sample",1,1,791.000000,NaN,"ns/op",1024,1,copyout,50
"com.evolvedbinary.jnibench.jmhbench.GetJNIBenchmark.getIntoPooledNettyByteBuf:getIntoPooledNettyByteBuf·p0.999","sample",1,1,2584.000000,NaN,"ns/op",1024,1,copyout,50
"com.evolvedbinary.jnibench.jmhbench.GetJNIBenchmark.getIntoPooledNettyByteBuf:getIntoPooledNettyByteBuf·p0.9999","sample",1,1,14218.851200,NaN,"ns/op",1024,1,copyout,50
"com.evolvedbinary.jnibench.jmhbench.GetJNIBenchmark.getIntoPooledNettyByteBuf:getIntoPooledNettyByteBuf·p1.00","sample",1,1,2527232.000000,NaN,"ns/op",1024,1,copyout,50
"com.evolvedbinary.jnibench.jmhbench.GetJNIBenchmark.getIntoPooledNettyByteBuf","sample",1,2816052,367.966789,2.011261,"ns/op",1024,1,copyout,512
"com.evolvedbinary.jnibench.jmhbench.GetJNIBenchmark.getIntoPooledNettyByteBuf:getIntoPooledNettyByteBuf·p0.00","sample",1,1,41.000000,NaN,"ns/op",1024,1,copyout,512
"com.evolvedbinary.jnibench.jmhbench.GetJNIBenchmark.getIntoPooledNettyByteBuf:getIntoPooledNettyByteBuf·p0.50","sample",1,1,334.000000,NaN,"ns/op",1024,1,copyout,512
"com.evolvedbinary.jnibench.jmhbench.GetJNIBenchmark.getIntoPooledNettyByteBuf:getIntoPooledNettyByteBuf·p0.90","sample",1,1,375.000000,NaN,"ns/op",1024,1,copyout,512
"com.evolvedbinary.jnibench.jmhbench.GetJNIBenchmark.getIntoPooledNettyByteBuf:getIntoPooledNettyByteBuf·p0.95","sample",1,1,375.000000,NaN,"ns/op",1024,1,copyout,512
"com.evolvedbinary.jnibench.jmhbench.GetJNIBenchmark.getIntoPooledNettyByteBuf:getIntoPooledNettyByteBuf·p0.99","sample",1,1,1124.000000,NaN,"ns/op",1024,1,copyout,512
"com.evolvedbinary.jnibench.jmhbench.GetJNIBenchmark.getIntoPooledNettyByteBuf:getIntoPooledNettyByteBuf·p0.999","sample",1,1,3580.000000,NaN,"ns/op",1024,1,copyout,512
"com.evolvedbinary.jnibench.jmhbench.GetJNIBenchmark.getIntoPooledNettyByteBuf:getIntoPooledNettyByteBuf·p0.9999","sample",1,1,17312.000000,NaN,"ns/op",1024,1,copyout,512
"com.evolvedbinary.jnibench.jmhbench.GetJNIBenchmark.getIntoPooledNettyByteBuf:getIntoPooledNettyByteBuf·p1.00","sample",1,1,1466368.000000,NaN,"ns/op",1024,1,copyout,512
"com.evolvedbinary.jnibench.jmhbench.GetJNIBenchmark.getIntoPooledNettyByteBuf","sample",1,4474644,455.618158,1.351699,"ns/op",1024,1,copyout,1024
"com.evolvedbinary.jnibench.jmhbench.GetJNIBenchmark.getIntoPooledNettyByteBuf:getIntoPooledNettyByteBuf·p0.00","sample",1,1,83.000000,NaN,"ns/op",1024,1,copyout,1024
"com.evolvedbinary.jnibench.jmhbench.GetJNIBenchmark.getIntoPooledNettyByteBuf:getIntoPooledNettyByteBuf·p0.50","sample",1,1,417.000000,NaN,"ns/op",1024,1,copyout,1024
"com.evolvedbinary.jnibench.jmhbench.GetJNIBenchmark.getIntoPooledNettyByteBuf:getIntoPooledNettyByteBuf·p0.90","sample",1,1,459.000000,NaN,"ns/op",1024,1,copyout,1024
"com.evolvedbinary.jnibench.jmhbench.GetJNIBenchmark.getIntoPooledNettyByteBuf:getIntoPooledNettyByteBuf·p0.95","sample",1,1,459.000000,NaN,"ns/op",1024,1,copyout,1024
"com.evolvedbinary.jnibench.jmhbench.GetJNIBenchmark.getIntoPooledNettyByteBuf:getIntoPooledNettyByteBuf·p0.99","sample",1,1,1124.000000,NaN,"ns/op",1024,1,copyout,1024
"com.evolvedbinary.jnibench.jmhbench.GetJNIBenchmark.getIntoPooledNettyByteBuf:getIntoPooledNettyByteBuf·p0.999","sample",1,1,2872.000000,NaN,"ns/op",1024,1,copyout,1024
"com.evolvedbinary.jnibench.jmhbench.GetJNIBenchmark.getIntoPooledNettyByteBuf:getIntoPooledNettyByteBuf·p0.9999","sample",1,1,14265.704000,NaN,"ns/op",1024,1,copyout,1024
"com.evolvedbinary.jnibench.jmhbench.GetJNIBenchmark.getIntoPooledNettyByteBuf:getIntoPooledNettyByteBuf·p1.00","sample",1,1,1699840.000000,NaN,"ns/op",1024,1,copyout,1024
"com.evolvedbinary.jnibench.jmhbench.GetJNIBenchmark.getIntoPooledNettyByteBuf","sample",1,4077930,988.669056,0.686035,"ns/op",1024,1,copyout,4096
"com.evolvedbinary.jnibench.jmhbench.GetJNIBenchmark.getIntoPooledNettyByteBuf:getIntoPooledNettyByteBuf·p0.00","sample",1,1,625.000000,NaN,"ns/op",1024,1,copyout,4096
"com.evolvedbinary.jnibench.jmhbench.GetJNIBenchmark.getIntoPooledNettyByteBuf:getIntoPooledNettyByteBuf·p0.50","sample",1,1,958.000000,NaN,"ns/op",1024,1,copyout,4096
"com.evolvedbinary.jnibench.jmhbench.GetJNIBenchmark.getIntoPooledNettyByteBuf:getIntoPooledNettyByteBuf·p0.90","sample",1,1,1000.000000,NaN,"ns/op",1024,1,copyout,4096
"com.evolvedbinary.jnibench.jmhbench.GetJNIBenchmark.getIntoPooledNettyByteBuf:getIntoPooledNettyByteBuf·p0.95","sample",1,1,1000.000000,NaN,"ns/op",1024,1,copyout,4096
"com.evolvedbinary.jnibench.jmhbench.GetJNIBenchmark.getIntoPooledNettyByteBuf:getIntoPooledNettyByteBuf·p0.99","sample",1,1,2248.000000,NaN,"ns/op",1024,1,copyout,4096
"com.evolvedbinary.jnibench.jmhbench.GetJNIBenchmark.getIntoPooledNettyByteBuf:getIntoPooledNettyByteBuf·p0.999","sample",1,1,4744.000000,NaN,"ns/op",1024,1,copyout,4096
"com.evolvedbinary.jnibench.jmhbench.GetJNIBenchmark.getIntoPooledNettyByteBuf:getIntoPooledNettyByteBuf·p0.9999","sample",1,1,16768.000000,NaN,"ns/op",1024,1,copyout,4096
"com.evolvedbinary.jnibench.jmhbench.GetJNIBenchmark.getIntoPooledNettyByteBuf:getIntoPooledNettyByteBuf·p1.00","sample",1,1,236544.000000,NaN,"ns/op",1024,1,copyout,4096
"com.evolvedbinary.jnibench.jmhbench.GetJNIBenchmark.getIntoPooledNettyByteBuf","sample",1,2577017,3128.475328,5.170784,"ns/op",1024,1,copyout,16384
"com.evolvedbinary.jnibench.jmhbench.GetJNIBenchmark.getIntoPooledNettyByteBuf:getIntoPooledNettyByteBuf·p0.00","sample",1,1,2792.000000,NaN,"ns/op",1024,1,copyout,16384
"com.evolvedbinary.jnibench.jmhbench.GetJNIBenchmark.getIntoPooledNettyByteBuf:getIntoPooledNettyByteBuf·p0.50","sample",1,1,3040.000000,NaN,"ns/op",1024,1,copyout,16384
"com.evolvedbinary.jnibench.jmhbench.GetJNIBenchmark.getIntoPooledNettyByteBuf:getIntoPooledNettyByteBuf·p0.90","sample",1,1,3124.000000,NaN,"ns/op",1024,1,copyout,16384
"com.evolvedbinary.jnibench.jmhbench.GetJNIBenchmark.getIntoPooledNettyByteBuf:getIntoPooledNettyByteBuf·p0.95","sample",1,1,3208.000000,NaN,"ns/op",1024,1,copyout,16384
"com.evolvedbinary.jnibench.jmhbench.GetJNIBenchmark.getIntoPooledNettyByteBuf:getIntoPooledNettyByteBuf·p0.99","sample",1,1,5912.000000,NaN,"ns/op",1024,1,copyout,16384
"com.evolvedbinary.jnibench.jmhbench.GetJNIBenchmark.getIntoPooledNettyByteBuf:getIntoPooledNettyByteBuf·p0.999","sample",1,1,11824.000000,NaN,"ns/op",1024,1,copyout,16384
"com.evolvedbinary.jnibench.jmhbench.GetJNIBenchmark.getIntoPooledNettyByteBuf:getIntoPooledNettyByteBuf·p0.9999","sample",1,1,39763.084800,NaN,"ns/op",1024,1,copyout,16384
"com.evolvedbinary.jnibench.jmhbench.GetJNIBenchmark.getIntoPooledNettyByteBuf:getIntoPooledNettyByteBuf·p1.00","sample",1,1,3141632.000000,NaN,"ns/op",1024,1,copyout,16384
"com.evolvedbinary.jnibench.jmhbench.GetJNIBenchmark.getIntoPooledNettyByteBuf","sample",1,2609910,6150.978524,5.307692,"ns/op",1024,1,copyout,32768
"com.evolvedbinary.jnibench.jmhbench.GetJNIBenchmark.getIntoPooledNettyByteBuf:getIntoPooledNettyByteBuf·p0.00","sample",1,1,5832.000000,NaN,"ns/op",1024,1,copyout,32768
"com.evolvedbinary.jnibench.jmhbench.GetJNIBenchmark.getIntoPooledNettyByteBuf:getIntoPooledNettyByteBuf·p0.50","sample",1,1,6040.000000,NaN,"ns/op",1024,1,copyout,32768
"com.evolvedbinary.jnibench.jmhbench.GetJNIBenchmark.getIntoPooledNettyByteBuf:getIntoPooledNettyByteBuf·p0.90","sample",1,1,6208.000000,NaN,"ns/op",1024,1,copyout,32768
"com.evolvedbinary.jnibench.jmhbench.GetJNIBenchmark.getIntoPooledNettyByteBuf:getIntoPooledNettyByteBuf·p0.95","sample",1,1,6328.000000,NaN,"ns/op",1024,1,copyout,32768
"com.evolvedbinary.jnibench.jmhbench.GetJNIBenchmark.getIntoPooledNettyByteBuf:getIntoPooledNettyByteBuf·p0.99","sample",1,1,11072.000000,NaN,"ns/op",1024,1,copyout,32768
"com.evolvedbinary.jnibench.jmhbench.GetJNIBenchmark.getIntoPooledNettyByteBuf:getIntoPooledNettyByteBuf·p0.999","sample",1,1,17056.000000,NaN,"ns/op",1024,1,copyout,32768
"com.evolvedbinary.jnibench.jmhbench.GetJNIBenchmark.getIntoPooledNettyByteBuf:getIntoPooledNettyByteBuf·p0.9999","sample",1,1,42688.000000,NaN,"ns/op",1024,1,copyout,32768
"com.evolvedbinary.jnibench.jmhbench.GetJNIBenchmark.getIntoPooledNettyByteBuf:getIntoPooledNettyByteBuf·p1.00","sample",1,1,1998848.000000,NaN,"ns/op",1024,1,copyout,32768
"com.evolvedbinary.jnibench.jmhbench.GetJNIBenchmark.getIntoPooledNettyByteBuf","sample",1,2501679,12779.635424,16.698326,"ns/op",1024,1,copyout,65536
"com.evolvedbinary.jnibench.jmhbench.GetJNIBenchmark.getIntoPooledNettyByteBuf:getIntoPooledNettyByteBuf·p0.00","sample",1,1,12080.000000,NaN,"ns/op",1024,1,copyout,65536
"com.evolvedbinary.jnibench.jmhbench.GetJNIBenchmark.getIntoPooledNettyByteBuf:getIntoPooledNettyByteBuf·p0.50","sample",1,1,12576.000000,NaN,"ns/op",1024,1,copyout,65536
"com.evolvedbinary.jnibench.jmhbench.GetJNIBenchmark.getIntoPooledNettyByteBuf:getIntoPooledNettyByteBuf·p0.90","sample",1,1,12992.000000,NaN,"ns/op",1024,1,copyout,65536
"com.evolvedbinary.jnibench.jmhbench.GetJNIBenchmark.getIntoPooledNettyByteBuf:getIntoPooledNettyByteBuf·p0.95","sample",1,1,13280.000000,NaN,"ns/op",1024,1,copyout,65536
"com.evolvedbinary.jnibench.jmhbench.GetJNIBenchmark.getIntoPooledNettyByteBuf:getIntoPooledNettyByteBuf·p0.99","sample",1,1,19776.000000,NaN,"ns/op",1024,1,copyout,65536
"com.evolvedbinary.jnibench.jmhbench.GetJNIBenchmark.getIntoPooledNettyByteBuf:getIntoPooledNettyByteBuf·p0.999","sample",1,1,26400.000000,NaN,"ns/op",1024,1,copyout,65536
"com.evolvedbinary.jnibench.jmhbench.GetJNIBenchmark.getIntoPooledNettyByteBuf:getIntoPooledNettyByteBuf·p0.9999","sample",1,1,51381.248000,NaN,"ns/op",1024,1,copyout,65536
"com.evolvedbinary.jnibench.jmhbench.GetJNIBenchmark.getIntoPooledNettyByteBuf:getIntoPooledNettyByteBuf·p1.00","sample",1,1,10600448.000000,NaN,"ns/op",1024,1,copyout,65536
"com.evolvedbinary.jnibench.jmhbench.GetJNIBenchmark.getIntoUnsafe","sample",1,2846402,189.407785,2.009955,"ns/op",1024,1,none,10
"com.evolvedbinary.jnibench.jmhbench.GetJNIBenchmark.getIntoUnsafe:getIntoUnsafe·p0.00","sample",1,1,41.000000,NaN,"ns/op",1024,1,none,10
"com.evolvedbinary.jnibench.jmhbench.GetJNIBenchmark.getIntoUnsafe:getIntoUnsafe·p0.50","sample",1,1,167.000000,NaN,"ns/op",1024,1,none,10
"com.evolvedbinary.jnibench.jmhbench.GetJNIBenchmark.getIntoUnsafe:getIntoUnsafe·p0.90","sample",1,1,209.000000,NaN,"ns/op",1024,1,none,10
"com.evolvedbinary.jnibench.jmhbench.GetJNIBenchmark.getIntoUnsafe:getIntoUnsafe·p0.95","sample",1,1,209.000000,NaN,"ns/op",1024,1,none,10
"com.evolvedbinary.jnibench.jmhbench.GetJNIBenchmark.getIntoUnsafe:getIntoUnsafe·p0.99","sample",1,1,209.000000,NaN,"ns/op",1024,1,none,10
"com.evolvedbinary.jnibench.jmhbench.GetJNIBenchmark.getIntoUnsafe:getIntoUnsafe·p0.999","sample",1,1,1834.000000,NaN,"ns/op",1024,1,none,10
"com.evolvedbinary.jnibench.jmhbench.GetJNIBenchmark.getIntoUnsafe:getIntoUnsafe·p0.9999","sample",1,1,8832.000000,NaN,"ns/op",1024,1,none,10
"com.evolvedbinary.jnibench.jmhbench.GetJNIBenchmark.getIntoUnsafe:getIntoUnsafe·p1.00","sample",1,1,1689600.000000,NaN,"ns/op",1024,1,none,10
"com.evolvedbinary.jnibench.jmhbench.GetJNIBenchmark.getIntoUnsafe","sample",1,2815398,193.645655,1.875760,"ns/op",1024,1,none,50
"com.evolvedbinary.jnibench.jmhbench.GetJNIBenchmark.getIntoUnsafe:getIntoUnsafe·p0.00","sample",1,1,41.000000,NaN,"ns/op",1024,1,none,50
"com.evolvedbinary.jnibench.jmhbench.GetJNIBenchmark.getIntoUnsafe:getIntoUnsafe·p0.50","sample",1,1,167.000000,NaN,"ns/op",1024,1,none,50
"com.evolvedbinary.jnibench.jmhbench.GetJNIBenchmark.getIntoUnsafe:getIntoUnsafe·p0.90","sample",1,1,209.000000,NaN,"ns/op",1024,1,none,50
"com.evolvedbinary.jnibench.jmhbench.GetJNIBenchmark.getIntoUnsafe:getIntoUnsafe·p0.95","sample",1,1,209.000000,NaN,"ns/op",1024,1,none,50
"com.evolvedbinary.jnibench.jmhbench.GetJNIBenchmark.getIntoUnsafe:getIntoUnsafe·p0.99","sample",1,1,333.000000,NaN,"ns/op",1024,1,none,50
"com.evolvedbinary.jnibench.jmhbench.GetJNIBenchmark.getIntoUnsafe:getIntoUnsafe·p0.999","sample",1,1,1874.000000,NaN,"ns/op",1024,1,none,50
"com.evolvedbinary.jnibench.jmhbench.GetJNIBenchmark.getIntoUnsafe:getIntoUnsafe·p0.9999","sample",1,1,8704.000000,NaN,"ns/op",1024,1,none,50
"com.evolvedbinary.jnibench.jmhbench.GetJNIBenchmark.getIntoUnsafe:getIntoUnsafe·p1.00","sample",1,1,1556480.000000,NaN,"ns/op",1024,1,none,50
"com.evolvedbinary.jnibench.jmhbench.GetJNIBenchmark.getIntoUnsafe","sample",1,2750264,194.423478,1.887758,"ns/op",1024,1,none,512
"com.evolvedbinary.jnibench.jmhbench.GetJNIBenchmark.getIntoUnsafe:getIntoUnsafe·p0.00","sample",1,1,41.000000,NaN,"ns/op",1024,1,none,512
"com.evolvedbinary.jnibench.jmhbench.GetJNIBenchmark.getIntoUnsafe:getIntoUnsafe·p0.50","sample",1,1,208.000000,NaN,"ns/op",1024,1,none,512
"com.evolvedbinary.jnibench.jmhbench.GetJNIBenchmark.getIntoUnsafe:getIntoUnsafe·p0.90","sample",1,1,209.000000,NaN,"ns/op",1024,1,none,512
"com.evolvedbinary.jnibench.jmhbench.GetJNIBenchmark.getIntoUnsafe:getIntoUnsafe·p0.95","sample",1,1,209.000000,NaN,"ns/op",1024,1,none,512
"com.evolvedbinary.jnibench.jmhbench.GetJNIBenchmark.getIntoUnsafe:getIntoUnsafe·p0.99","sample",1,1,209.000000,NaN,"ns/op",1024,1,none,512
"com.evolvedbinary.jnibench.jmhbench.GetJNIBenchmark.getIntoUnsafe:getIntoUnsafe·p0.999","sample",1,1,1584.000000,NaN,"ns/op",1024,1,none,512
"com.evolvedbinary.jnibench.jmhbench.GetJNIBenchmark.getIntoUnsafe:getIntoUnsafe·p0.9999","sample",1,1,8832.000000,NaN,"ns/op",1024,1,none,512
"com.evolvedbinary.jnibench.jmhbench.GetJNIBenchmark.getIntoUnsafe:getIntoUnsafe·p1.00","sample",1,1,1507328.000000,NaN,"ns/op",1024,1,none,512
"com.evolvedbinary.jnibench.jmhbench.GetJNIBenchmark.getIntoUnsafe","sample",1,2664978,201.133410,2.205500,"ns/op",1024,1,none,1024
"com.evolvedbinary.jnibench.jmhbench.GetJNIBenchmark.getIntoUnsafe:getIntoUnsafe·p0.00","sample",1,1,41.000000,NaN,"ns/op",1024,1,none,1024
"com.evolvedbinary.jnibench.jmhbench.GetJNIBenchmark.getIntoUnsafe:getIntoUnsafe·p0.50","sample",1,1,208.000000,NaN,"ns/op",1024,1,none,1024
"com.evolvedbinary.jnibench.jmhbench.GetJNIBenchmark.getIntoUnsafe:getIntoUnsafe·p0.90","sample",1,1,209.000000,NaN,"ns/op",1024,1,none,1024
"com.evolvedbinary.jnibench.jmhbench.GetJNIBenchmark.getIntoUnsafe:getIntoUnsafe·p0.95","sample",1,1,209.000000,NaN,"ns/op",1024,1,none,1024
"com.evolvedbinary.jnibench.jmhbench.GetJNIBenchmark.getIntoUnsafe:getIntoUnsafe·p0.99","sample",1,1,209.000000,NaN,"ns/op",1024,1,none,1024
"com.evolvedbinary.jnibench.jmhbench.GetJNIBenchmark.getIntoUnsafe:getIntoUnsafe·p0.999","sample",1,1,1832.000000,NaN,"ns/op",1024,1,none,1024
"com.evolvedbinary.jnibench.jmhbench.GetJNIBenchmark.getIntoUnsafe:getIntoUnsafe·p0.9999","sample",1,1,8944.000000,NaN,"ns/op",1024,1,none,1024
"com.evolvedbinary.jnibench.jmhbench.GetJNIBenchmark.getIntoUnsafe:getIntoUnsafe·p1.00","sample",1,1,1740800.000000,NaN,"ns/op",1024,1,none,1024
"com.evolvedbinary.jnibench.jmhbench.GetJNIBenchmark.getIntoUnsafe","sample",1,3898509,272.006588,0.378587,"ns/op",1024,1,none,4096
"com.evolvedbinary.jnibench.jmhbench.GetJNIBenchmark.getIntoUnsafe:getIntoUnsafe·p0.00","sample",1,1,42.000000,NaN,"ns/op",1024,1,none,4096
"com.evolvedbinary.jnibench.jmhbench.GetJNIBenchmark.getIntoUnsafe:getIntoUnsafe·p0.50","sample",1,1,250.000000,NaN,"ns/op",1024,1,none,4096
"com.evolvedbinary.jnibench.jmhbench.GetJNIBenchmark.getIntoUnsafe:getIntoUnsafe·p0.90","sample",1,1,334.000000,NaN,"ns/op",1024,1,none,4096
"com.evolvedbinary.jnibench.jmhbench.GetJNIBenchmark.getIntoUnsafe:getIntoUnsafe·p0.95","sample",1,1,375.000000,NaN,"ns/op",1024,1,none,4096
"com.evolvedbinary.jnibench.jmhbench.GetJNIBenchmark.getIntoUnsafe:getIntoUnsafe·p0.99","sample",1,1,417.000000,NaN,"ns/op",1024,1,none,4096
"com.evolvedbinary.jnibench.jmhbench.GetJNIBenchmark.getIntoUnsafe:getIntoUnsafe·p0.999","sample",1,1,1666.000000,NaN,"ns/op",1024,1,none,4096
"com.evolvedbinary.jnibench.jmhbench.GetJNIBenchmark.getIntoUnsafe:getIntoUnsafe·p0.9999","sample",1,1,7749.960000,NaN,"ns/op",1024,1,none,4096
"com.evolvedbinary.jnibench.jmhbench.GetJNIBenchmark.getIntoUnsafe:getIntoUnsafe·p1.00","sample",1,1,106624.000000,NaN,"ns/op",1024,1,none,4096
"com.evolvedbinary.jnibench.jmhbench.GetJNIBenchmark.getIntoUnsafe","sample",1,3772726,628.364613,1.689803,"ns/op",1024,1,none,16384
"com.evolvedbinary.jnibench.jmhbench.GetJNIBenchmark.getIntoUnsafe:getIntoUnsafe·p0.00","sample",1,1,333.000000,NaN,"ns/op",1024,1,none,16384
"com.evolvedbinary.jnibench.jmhbench.GetJNIBenchmark.getIntoUnsafe:getIntoUnsafe·p0.50","sample",1,1,500.000000,NaN,"ns/op",1024,1,none,16384
"com.evolvedbinary.jnibench.jmhbench.GetJNIBenchmark.getIntoUnsafe:getIntoUnsafe·p0.90","sample",1,1,959.000000,NaN,"ns/op",1024,1,none,16384
"com.evolvedbinary.jnibench.jmhbench.GetJNIBenchmark.getIntoUnsafe:getIntoUnsafe·p0.95","sample",1,1,1000.000000,NaN,"ns/op",1024,1,none,16384
"com.evolvedbinary.jnibench.jmhbench.GetJNIBenchmark.getIntoUnsafe:getIntoUnsafe·p0.99","sample",1,1,1042.000000,NaN,"ns/op",1024,1,none,16384
"com.evolvedbinary.jnibench.jmhbench.GetJNIBenchmark.getIntoUnsafe:getIntoUnsafe·p0.999","sample",1,1,4328.000000,NaN,"ns/op",1024,1,none,16384
"com.evolvedbinary.jnibench.jmhbench.GetJNIBenchmark.getIntoUnsafe:getIntoUnsafe·p0.9999","sample",1,1,19511.273600,NaN,"ns/op",1024,1,none,16384
"com.evolvedbinary.jnibench.jmhbench.GetJNIBenchmark.getIntoUnsafe:getIntoUnsafe·p1.00","sample",1,1,1503232.000000,NaN,"ns/op",1024,1,none,16384
"com.evolvedbinary.jnibench.jmhbench.GetJNIBenchmark.getIntoUnsafe","sample",1,3212456,972.274463,2.160349,"ns/op",1024,1,none,32768
"com.evolvedbinary.jnibench.jmhbench.GetJNIBenchmark.getIntoUnsafe:getIntoUnsafe·p0.00","sample",1,1,583.000000,NaN,"ns/op",1024,1,none,32768
"com.evolvedbinary.jnibench.jmhbench.GetJNIBenchmark.getIntoUnsafe:getIntoUnsafe·p0.50","sample",1,1,792.000000,NaN,"ns/op",1024,1,none,32768
"com.evolvedbinary.jnibench.jmhbench.GetJNIBenchmark.getIntoUnsafe:getIntoUnsafe·p0.90","sample",1,1,1624.000000,NaN,"ns/op",1024,1,none,32768
"com.evolvedbinary.jnibench.jmhbench.GetJNIBenchmark.getIntoUnsafe:getIntoUnsafe·p0.95","sample",1,1,1624.000000,NaN,"ns/op",1024,1,none,32768
"com.evolvedbinary.jnibench.jmhbench.GetJNIBenchmark.getIntoUnsafe:getIntoUnsafe·p0.99","sample",1,1,1666.000000,NaN,"ns/op",1024,1,none,32768
"com.evolvedbinary.jnibench.jmhbench.GetJNIBenchmark.getIntoUnsafe:getIntoUnsafe·p0.999","sample",1,1,6328.000000,NaN,"ns/op",1024,1,none,32768
"com.evolvedbinary.jnibench.jmhbench.GetJNIBenchmark.getIntoUnsafe:getIntoUnsafe·p0.9999","sample",1,1,19384.137600,NaN,"ns/op",1024,1,none,32768
"com.evolvedbinary.jnibench.jmhbench.GetJNIBenchmark.getIntoUnsafe:getIntoUnsafe·p1.00","sample",1,1,1810432.000000,NaN,"ns/op",1024,1,none,32768
"com.evolvedbinary.jnibench.jmhbench.GetJNIBenchmark.getIntoUnsafe","sample",1,3313535,2042.374316,3.521453,"ns/op",1024,1,none,65536
"com.evolvedbinary.jnibench.jmhbench.GetJNIBenchmark.getIntoUnsafe:getIntoUnsafe·p0.00","sample",1,1,1124.000000,NaN,"ns/op",1024,1,none,65536
"com.evolvedbinary.jnibench.jmhbench.GetJNIBenchmark.getIntoUnsafe:getIntoUnsafe·p0.50","sample",1,1,1542.000000,NaN,"ns/op",1024,1,none,65536
"com.evolvedbinary.jnibench.jmhbench.GetJNIBenchmark.getIntoUnsafe:getIntoUnsafe·p0.90","sample",1,1,2916.000000,NaN,"ns/op",1024,1,none,65536
"com.evolvedbinary.jnibench.jmhbench.GetJNIBenchmark.getIntoUnsafe:getIntoUnsafe·p0.95","sample",1,1,2916.000000,NaN,"ns/op",1024,1,none,65536
"com.evolvedbinary.jnibench.jmhbench.GetJNIBenchmark.getIntoUnsafe:getIntoUnsafe·p0.99","sample",1,1,3000.000000,NaN,"ns/op",1024,1,none,65536
"com.evolvedbinary.jnibench.jmhbench.GetJNIBenchmark.getIntoUnsafe:getIntoUnsafe·p0.999","sample",1,1,7704.000000,NaN,"ns/op",1024,1,none,65536
"com.evolvedbinary.jnibench.jmhbench.GetJNIBenchmark.getIntoUnsafe:getIntoUnsafe·p0.9999","sample",1,1,20786.739200,NaN,"ns/op",1024,1,none,65536
"com.evolvedbinary.jnibench.jmhbench.GetJNIBenchmark.getIntoUnsafe:getIntoUnsafe·p1.00","sample",1,1,3137536.000000,NaN,"ns/op",1024,1,none,65536
"com.evolvedbinary.jnibench.jmhbench.GetJNIBenchmark.getIntoUnsafe","sample",1,3774850,222.096432,1.467392,"ns/op",1024,1,copyout,10
"com.evolvedbinary.jnibench.jmhbench.GetJNIBenchmark.getIntoUnsafe:getIntoUnsafe·p0.00","sample",1,1,41.000000,NaN,"ns/op",1024,1,copyout,10
"com.evolvedbinary.jnibench.jmhbench.GetJNIBenchmark.getIntoUnsafe:getIntoUnsafe·p0.50","sample",1,1,208.000000,NaN,"ns/op",1024,1,copyout,10
"com.evolvedbinary.jnibench.jmhbench.GetJNIBenchmark.getIntoUnsafe:getIntoUnsafe·p0.90","sample",1,1,250.000000,NaN,"ns/op",1024,1,copyout,10
"com.evolvedbinary.jnibench.jmhbench.GetJNIBenchmark.getIntoUnsafe:getIntoUnsafe·p0.95","sample",1,1,334.000000,NaN,"ns/op",1024,1,copyout,10
"com.evolvedbinary.jnibench.jmhbench.GetJNIBenchmark.getIntoUnsafe:getIntoUnsafe·p0.99","sample",1,1,625.000000,NaN,"ns/op",1024,1,copyout,10
"com.evolvedbinary.jnibench.jmhbench.GetJNIBenchmark.getIntoUnsafe:getIntoUnsafe·p0.999","sample",1,1,1547.960000,NaN,"ns/op",1024,1,copyout,10
"com.evolvedbinary.jnibench.jmhbench.GetJNIBenchmark.getIntoUnsafe:getIntoUnsafe·p0.9999","sample",1,1,8808.715200,NaN,"ns/op",1024,1,copyout,10
"com.evolvedbinary.jnibench.jmhbench.GetJNIBenchmark.getIntoUnsafe:getIntoUnsafe·p1.00","sample",1,1,1587200.000000,NaN,"ns/op",1024,1,copyout,10
"com.evolvedbinary.jnibench.jmhbench.GetJNIBenchmark.getIntoUnsafe","sample",1,4656264,221.256037,0.311244,"ns/op",1024,1,copyout,50
"com.evolvedbinary.jnibench.jmhbench.GetJNIBenchmark.getIntoUnsafe:getIntoUnsafe·p0.00","sample",1,1,41.000000,NaN,"ns/op",1024,1,copyout,50
"com.evolvedbinary.jnibench.jmhbench.GetJNIBenchmark.getIntoUnsafe:getIntoUnsafe·p0.50","sample",1,1,208.000000,NaN,"ns/op",1024,1,copyout,50
"com.evolvedbinary.jnibench.jmhbench.GetJNIBenchmark.getIntoUnsafe:getIntoUnsafe·p0.90","sample",1,1,209.000000,NaN,"ns/op",1024,1,copyout,50
"com.evolvedbinary.jnibench.jmhbench.GetJNIBenchmark.getIntoUnsafe:getIntoUnsafe·p0.95","sample",1,1,292.000000,NaN,"ns/op",1024,1,copyout,50
"com.evolvedbinary.jnibench.jmhbench.GetJNIBenchmark.getIntoUnsafe:getIntoUnsafe·p0.99","sample",1,1,583.000000,NaN,"ns/op",1024,1,copyout,50
"com.evolvedbinary.jnibench.jmhbench.GetJNIBenchmark.getIntoUnsafe:getIntoUnsafe·p0.999","sample",1,1,1208.000000,NaN,"ns/op",1024,1,copyout,50
"com.evolvedbinary.jnibench.jmhbench.GetJNIBenchmark.getIntoUnsafe:getIntoUnsafe·p0.9999","sample",1,1,7040.000000,NaN,"ns/op",1024,1,copyout,50
"com.evolvedbinary.jnibench.jmhbench.GetJNIBenchmark.getIntoUnsafe:getIntoUnsafe·p1.00","sample",1,1,108800.000000,NaN,"ns/op",1024,1,copyout,50
"com.evolvedbinary.jnibench.jmhbench.GetJNIBenchmark.getIntoUnsafe","sample",1,2946195,356.285331,2.754664,"ns/op",1024,1,copyout,512
"com.evolvedbinary.jnibench.jmhbench.GetJNIBenchmark.getIntoUnsafe:getIntoUnsafe·p0.00","sample",1,1,41.000000,NaN,"ns/op",1024,1,copyout,512
"com.evolvedbinary.jnibench.jmhbench.GetJNIBenchmark.getIntoUnsafe:getIntoUnsafe·p0.50","sample",1,1,333.000000,NaN,"ns/op",1024,1,copyout,512
"com.evolvedbinary.jnibench.jmhbench.GetJNIBenchmark.getIntoUnsafe:getIntoUnsafe·p0.90","sample",1,1,459.000000,NaN,"ns/op",1024,1,copyout,512
"com.evolvedbinary.jnibench.jmhbench.GetJNIBenchmark.getIntoUnsafe:getIntoUnsafe·p0.95","sample",1,1,541.000000,NaN,"ns/op",1024,1,copyout,512
"com.evolvedbinary.jnibench.jmhbench.GetJNIBenchmark.getIntoUnsafe:getIntoUnsafe·p0.99","sample",1,1,917.000000,NaN,"ns/op",1024,1,copyout,512
"com.evolvedbinary.jnibench.jmhbench.GetJNIBenchmark.getIntoUnsafe:getIntoUnsafe·p0.999","sample",1,1,3872.000000,NaN,"ns/op",1024,1,copyout,512
"com.evolvedbinary.jnibench.jmhbench.GetJNIBenchmark.getIntoUnsafe:getIntoUnsafe·p0.9999","sample",1,1,12160.000000,NaN,"ns/op",1024,1,copyout,512
"com.evolvedbinary.jnibench.jmhbench.GetJNIBenchmark.getIntoUnsafe:getIntoUnsafe·p1.00","sample",1,1,2387968.000000,NaN,"ns/op",1024,1,copyout,512
"com.evolvedbinary.jnibench.jmhbench.GetJNIBenchmark.getIntoUnsafe","sample",1,4377916,469.933657,0.466028,"ns/op",1024,1,copyout,1024
"com.evolvedbinary.jnibench.jmhbench.GetJNIBenchmark.getIntoUnsafe:getIntoUnsafe·p0.00","sample",1,1,42.000000,NaN,"ns/op",1024,1,copyout,1024
"com.evolvedbinary.jnibench.jmhbench.GetJNIBenchmark.getIntoUnsafe:getIntoUnsafe·p0.50","sample",1,1,458.000000,NaN,"ns/op",1024,1,copyout,1024
"com.evolvedbinary.jnibench.jmhbench.GetJNIBenchmark.getIntoUnsafe:getIntoUnsafe·p0.90","sample",1,1,500.000000,NaN,"ns/op",1024,1,copyout,1024
"com.evolvedbinary.jnibench.jmhbench.GetJNIBenchmark.getIntoUnsafe:getIntoUnsafe·p0.95","sample",1,1,584.000000,NaN,"ns/op",1024,1,copyout,1024
"com.evolvedbinary.jnibench.jmhbench.GetJNIBenchmark.getIntoUnsafe:getIntoUnsafe·p0.99","sample",1,1,917.000000,NaN,"ns/op",1024,1,copyout,1024
"com.evolvedbinary.jnibench.jmhbench.GetJNIBenchmark.getIntoUnsafe:getIntoUnsafe·p0.999","sample",1,1,3124.000000,NaN,"ns/op",1024,1,copyout,1024
"com.evolvedbinary.jnibench.jmhbench.GetJNIBenchmark.getIntoUnsafe:getIntoUnsafe·p0.9999","sample",1,1,10736.000000,NaN,"ns/op",1024,1,copyout,1024
"com.evolvedbinary.jnibench.jmhbench.GetJNIBenchmark.getIntoUnsafe:getIntoUnsafe·p1.00","sample",1,1,109440.000000,NaN,"ns/op",1024,1,copyout,1024
"com.evolvedbinary.jnibench.jmhbench.GetJNIBenchmark.getIntoUnsafe","sample",1,3398255,1193.097327,3.138019,"ns/op",1024,1,copyout,4096
"com.evolvedbinary.jnibench.jmhbench.GetJNIBenchmark.getIntoUnsafe:getIntoUnsafe·p0.00","sample",1,1,750.000000,NaN,"ns/op",1024,1,copyout,4096
"com.evolvedbinary.jnibench.jmhbench.GetJNIBenchmark.getIntoUnsafe:getIntoUnsafe·p0.50","sample",1,1,1166.000000,NaN,"ns/op",1024,1,copyout,4096
"com.evolvedbinary.jnibench.jmhbench.GetJNIBenchmark.getIntoUnsafe:getIntoUnsafe·p0.90","sample",1,1,1208.000000,NaN,"ns/op",1024,1,copyout,4096
"com.evolvedbinary.jnibench.jmhbench.GetJNIBenchmark.getIntoUnsafe:getIntoUnsafe·p0.95","sample",1,1,1208.000000,NaN,"ns/op",1024,1,copyout,4096
"com.evolvedbinary.jnibench.jmhbench.GetJNIBenchmark.getIntoUnsafe:getIntoUnsafe·p0.99","sample",1,1,1374.000000,NaN,"ns/op",1024,1,copyout,4096
"com.evolvedbinary.jnibench.jmhbench.GetJNIBenchmark.getIntoUnsafe:getIntoUnsafe·p0.999","sample",1,1,5952.000000,NaN,"ns/op",1024,1,copyout,4096
"com.evolvedbinary.jnibench.jmhbench.GetJNIBenchmark.getIntoUnsafe:getIntoUnsafe·p0.9999","sample",1,1,23040.000000,NaN,"ns/op",1024,1,copyout,4096
"com.evolvedbinary.jnibench.jmhbench.GetJNIBenchmark.getIntoUnsafe:getIntoUnsafe·p1.00","sample",1,1,2523136.000000,NaN,"ns/op",1024,1,copyout,4096
"com.evolvedbinary.jnibench.jmhbench.GetJNIBenchmark.getIntoUnsafe","sample",1,3875222,4131.940308,2.874517,"ns/op",1024,1,copyout,16384
"com.evolvedbinary.jnibench.jmhbench.GetJNIBenchmark.getIntoUnsafe:getIntoUnsafe·p0.00","sample",1,1,3916.000000,NaN,"ns/op",1024,1,copyout,16384
"com.evolvedbinary.jnibench.jmhbench.GetJNIBenchmark.getIntoUnsafe:getIntoUnsafe·p0.50","sample",1,1,4080.000000,NaN,"ns/op",1024,1,copyout,16384
"com.evolvedbinary.jnibench.jmhbench.GetJNIBenchmark.getIntoUnsafe:getIntoUnsafe·p0.90","sample",1,1,4208.000000,NaN,"ns/op",1024,1,copyout,16384
"com.evolvedbinary.jnibench.jmhbench.GetJNIBenchmark.getIntoUnsafe:getIntoUnsafe·p0.95","sample",1,1,4288.000000,NaN,"ns/op",1024,1,copyout,16384
"com.evolvedbinary.jnibench.jmhbench.GetJNIBenchmark.getIntoUnsafe:getIntoUnsafe·p0.99","sample",1,1,4496.000000,NaN,"ns/op",1024,1,copyout,16384
"com.evolvedbinary.jnibench.jmhbench.GetJNIBenchmark.getIntoUnsafe:getIntoUnsafe·p0.999","sample",1,1,10736.000000,NaN,"ns/op",1024,1,copyout,16384
"com.evolvedbinary.jnibench.jmhbench.GetJNIBenchmark.getIntoUnsafe:getIntoUnsafe·p0.9999","sample",1,1,39168.000000,NaN,"ns/op",1024,1,copyout,16384
"com.evolvedbinary.jnibench.jmhbench.GetJNIBenchmark.getIntoUnsafe:getIntoUnsafe·p1.00","sample",1,1,3117056.000000,NaN,"ns/op",1024,1,copyout,16384
"com.evolvedbinary.jnibench.jmhbench.GetJNIBenchmark.getIntoUnsafe","sample",1,3961236,8058.922621,3.339118,"ns/op",1024,1,copyout,32768
"com.evolvedbinary.jnibench.jmhbench.GetJNIBenchmark.getIntoUnsafe:getIntoUnsafe·p0.00","sample",1,1,7832.000000,NaN,"ns/op",1024,1,copyout,32768
"com.evolvedbinary.jnibench.jmhbench.GetJNIBenchmark.getIntoUnsafe:getIntoUnsafe·p0.50","sample",1,1,8000.000000,NaN,"ns/op",1024,1,copyout,32768
"com.evolvedbinary.jnibench.jmhbench.GetJNIBenchmark.getIntoUnsafe:getIntoUnsafe·p0.90","sample",1,1,8208.000000,NaN,"ns/op",1024,1,copyout,32768
"com.evolvedbinary.jnibench.jmhbench.GetJNIBenchmark.getIntoUnsafe:getIntoUnsafe·p0.95","sample",1,1,8288.000000,NaN,"ns/op",1024,1,copyout,32768
"com.evolvedbinary.jnibench.jmhbench.GetJNIBenchmark.getIntoUnsafe:getIntoUnsafe·p0.99","sample",1,1,8704.000000,NaN,"ns/op",1024,1,copyout,32768
"com.evolvedbinary.jnibench.jmhbench.GetJNIBenchmark.getIntoUnsafe:getIntoUnsafe·p0.999","sample",1,1,15152.000000,NaN,"ns/op",1024,1,copyout,32768
"com.evolvedbinary.jnibench.jmhbench.GetJNIBenchmark.getIntoUnsafe:getIntoUnsafe·p0.9999","sample",1,1,45696.000000,NaN,"ns/op",1024,1,copyout,32768
"com.evolvedbinary.jnibench.jmhbench.GetJNIBenchmark.getIntoUnsafe:getIntoUnsafe·p1.00","sample",1,1,2879488.000000,NaN,"ns/op",1024,1,copyout,32768
"com.evolvedbinary.jnibench.jmhbench.GetJNIBenchmark.getIntoUnsafe","sample",1,1964583,16414.912649,8.109282,"ns/op",1024,1,copyout,65536
"com.evolvedbinary.jnibench.jmhbench.GetJNIBenchmark.getIntoUnsafe:getIntoUnsafe·p0.00","sample",1,1,16000.000000,NaN,"ns/op",1024,1,copyout,65536
"com.evolvedbinary.jnibench.jmhbench.GetJNIBenchmark.getIntoUnsafe:getIntoUnsafe·p0.50","sample",1,1,16240.000000,NaN,"ns/op",1024,1,copyout,65536
"com.evolvedbinary.jnibench.jmhbench.GetJNIBenchmark.getIntoUnsafe:getIntoUnsafe·p0.90","sample",1,1,16640.000000,NaN,"ns/op",1024,1,copyout,65536
"com.evolvedbinary.jnibench.jmhbench.GetJNIBenchmark.getIntoUnsafe:getIntoUnsafe·p0.95","sample",1,1,16928.000000,NaN,"ns/op",1024,1,copyout,65536
"com.evolvedbinary.jnibench.jmhbench.GetJNIBenchmark.getIntoUnsafe:getIntoUnsafe·p0.99","sample",1,1,18080.000000,NaN,"ns/op",1024,1,copyout,65536
"com.evolvedbinary.jnibench.jmhbench.GetJNIBenchmark.getIntoUnsafe:getIntoUnsafe·p0.999","sample",1,1,32768.000000,NaN,"ns/op",1024,1,copyout,65536
"com.evolvedbinary.jnibench.jmhbench.GetJNIBenchmark.getIntoUnsafe:getIntoUnsafe·p0.9999","sample",1,1,62784.000000,NaN,"ns/op",1024,1,copyout,65536
"com.evolvedbinary.jnibench.jmhbench.GetJNIBenchmark.getIntoUnsafe:getIntoUnsafe·p1.00","sample",1,1,2013184.000000,NaN,"ns/op",1024,1,copyout,65536
"com.evolvedbinary.jnibench.jmhbench.GetJNIUnsafeBenchmark.getFromUnsafeIntoDirectByteBuffer","sample",1,2865430,363.099126,0.631527,"ns/op",1024,1,none,10
"com.evolvedbinary.jnibench.jmhbench.GetJNIUnsafeBenchmark.getFromUnsafeIntoDirectByteBuffer:getFromUnsafeIntoDirectByteBuffer·p0.00","sample",1,1,42.000000,NaN,"ns/op",1024,1,none,10
"com.evolvedbinary.jnibench.jmhbench.GetJNIUnsafeBenchmark.getFromUnsafeIntoDirectByteBuffer:getFromUnsafeIntoDirectByteBuffer·p0.50","sample",1,1,375.000000,NaN,"ns/op",1024,1,none,10
"com.evolvedbinary.jnibench.jmhbench.GetJNIUnsafeBenchmark.getFromUnsafeIntoDirectByteBuffer:getFromUnsafeIntoDirectByteBuffer·p0.90","sample",1,1,375.000000,NaN,"ns/op",1024,1,none,10
"com.evolvedbinary.jnibench.jmhbench.GetJNIUnsafeBenchmark.getFromUnsafeIntoDirectByteBuffer:getFromUnsafeIntoDirectByteBuffer·p0.95","sample",1,1,375.000000,NaN,"ns/op",1024,1,none,10
"com.evolvedbinary.jnibench.jmhbench.GetJNIUnsafeBenchmark.getFromUnsafeIntoDirectByteBuffer:getFromUnsafeIntoDirectByteBuffer·p0.99","sample",1,1,416.000000,NaN,"ns/op",1024,1,none,10
"com.evolvedbinary.jnibench.jmhbench.GetJNIUnsafeBenchmark.getFromUnsafeIntoDirectByteBuffer:getFromUnsafeIntoDirectByteBuffer·p0.999","sample",1,1,2288.000000,NaN,"ns/op",1024,1,none,10
"com.evolvedbinary.jnibench.jmhbench.GetJNIUnsafeBenchmark.getFromUnsafeIntoDirectByteBuffer:getFromUnsafeIntoDirectByteBuffer·p0.9999","sample",1,1,15637.931200,NaN,"ns/op",1024,1,none,10
"com.evolvedbinary.jnibench.jmhbench.GetJNIUnsafeBenchmark.getFromUnsafeIntoDirectByteBuffer:getFromUnsafeIntoDirectByteBuffer·p1.00","sample",1,1,113920.000000,NaN,"ns/op",1024,1,none,10
"com.evolvedbinary.jnibench.jmhbench.GetJNIUnsafeBenchmark.getFromUnsafeIntoDirectByteBuffer","sample",1,2855965,366.655106,3.018433,"ns/op",1024,1,none,50
"com.evolvedbinary.jnibench.jmhbench.GetJNIUnsafeBenchmark.getFromUnsafeIntoDirectByteBuffer:getFromUnsafeIntoDirectByteBuffer·p0.00","sample",1,1,42.000000,NaN,"ns/op",1024,1,none,50
"com.evolvedbinary.jnibench.jmhbench.GetJNIUnsafeBenchmark.getFromUnsafeIntoDirectByteBuffer:getFromUnsafeIntoDirectByteBuffer·p0.50","sample",1,1,375.000000,NaN,"ns/op",1024,1,none,50
"com.evolvedbinary.jnibench.jmhbench.GetJNIUnsafeBenchmark.getFromUnsafeIntoDirectByteBuffer:getFromUnsafeIntoDirectByteBuffer·p0.90","sample",1,1,375.000000,NaN,"ns/op",1024,1,none,50
"com.evolvedbinary.jnibench.jmhbench.GetJNIUnsafeBenchmark.getFromUnsafeIntoDirectByteBuffer:getFromUnsafeIntoDirectByteBuffer·p0.95","sample",1,1,375.000000,NaN,"ns/op",1024,1,none,50
"com.evolvedbinary.jnibench.jmhbench.GetJNIUnsafeBenchmark.getFromUnsafeIntoDirectByteBuffer:getFromUnsafeIntoDirectByteBuffer·p0.99","sample",1,1,416.000000,NaN,"ns/op",1024,1,none,50
"com.evolvedbinary.jnibench.jmhbench.GetJNIUnsafeBenchmark.getFromUnsafeIntoDirectByteBuffer:getFromUnsafeIntoDirectByteBuffer·p0.999","sample",1,1,2292.000000,NaN,"ns/op",1024,1,none,50
"com.evolvedbinary.jnibench.jmhbench.GetJNIUnsafeBenchmark.getFromUnsafeIntoDirectByteBuffer:getFromUnsafeIntoDirectByteBuffer·p0.9999","sample",1,1,16832.000000,NaN,"ns/op",1024,1,none,50
"com.evolvedbinary.jnibench.jmhbench.GetJNIUnsafeBenchmark.getFromUnsafeIntoDirectByteBuffer:getFromUnsafeIntoDirectByteBuffer·p1.00","sample",1,1,1613824.000000,NaN,"ns/op",1024,1,none,50
"com.evolvedbinary.jnibench.jmhbench.GetJNIUnsafeBenchmark.getFromUnsafeIntoDirectByteBuffer","sample",1,2832724,367.144480,0.623053,"ns/op",1024,1,none,512
"com.evolvedbinary.jnibench.jmhbench.GetJNIUnsafeBenchmark.getFromUnsafeIntoDirectByteBuffer:getFromUnsafeIntoDirectByteBuffer·p0.00","sample",1,1,42.000000,NaN,"ns/op",1024,1,none,512
"com.evolvedbinary.jnibench.jmhbench.GetJNIUnsafeBenchmark.getFromUnsafeIntoDirectByteBuffer:getFromUnsafeIntoDirectByteBuffer·p0.50","sample",1,1,375.000000,NaN,"ns/op",1024,1,none,512
"com.evolvedbinary.jnibench.jmhbench.GetJNIUnsafeBenchmark.getFromUnsafeIntoDirectByteBuffer:getFromUnsafeIntoDirectByteBuffer·p0.90","sample",1,1,375.000000,NaN,"ns/op",1024,1,none,512
"com.evolvedbinary.jnibench.jmhbench.GetJNIUnsafeBenchmark.getFromUnsafeIntoDirectByteBuffer:getFromUnsafeIntoDirectByteBuffer·p0.95","sample",1,1,375.000000,NaN,"ns/op",1024,1,none,512
"com.evolvedbinary.jnibench.jmhbench.GetJNIUnsafeBenchmark.getFromUnsafeIntoDirectByteBuffer:getFromUnsafeIntoDirectByteBuffer·p0.99","sample",1,1,417.000000,NaN,"ns/op",1024,1,none,512
"com.evolvedbinary.jnibench.jmhbench.GetJNIUnsafeBenchmark.getFromUnsafeIntoDirectByteBuffer:getFromUnsafeIntoDirectByteBuffer·p0.999","sample",1,1,2248.000000,NaN,"ns/op",1024,1,none,512
"com.evolvedbinary.jnibench.jmhbench.GetJNIUnsafeBenchmark.getFromUnsafeIntoDirectByteBuffer:getFromUnsafeIntoDirectByteBuffer·p0.9999","sample",1,1,15026.920000,NaN,"ns/op",1024,1,none,512
"com.evolvedbinary.jnibench.jmhbench.GetJNIUnsafeBenchmark.getFromUnsafeIntoDirectByteBuffer:getFromUnsafeIntoDirectByteBuffer·p1.00","sample",1,1,82304.000000,NaN,"ns/op",1024,1,none,512
"com.evolvedbinary.jnibench.jmhbench.GetJNIUnsafeBenchmark.getFromUnsafeIntoDirectByteBuffer","sample",1,2782860,374.335641,1.800683,"ns/op",1024,1,none,1024
"com.evolvedbinary.jnibench.jmhbench.GetJNIUnsafeBenchmark.getFromUnsafeIntoDirectByteBuffer:getFromUnsafeIntoDirectByteBuffer·p0.00","sample",1,1,83.000000,NaN,"ns/op",1024,1,none,1024
"com.evolvedbinary.jnibench.jmhbench.GetJNIUnsafeBenchmark.getFromUnsafeIntoDirectByteBuffer:getFromUnsafeIntoDirectByteBuffer·p0.50","sample",1,1,375.000000,NaN,"ns/op",1024,1,none,1024
"com.evolvedbinary.jnibench.jmhbench.GetJNIUnsafeBenchmark.getFromUnsafeIntoDirectByteBuffer:getFromUnsafeIntoDirectByteBuffer·p0.90","sample",1,1,375.000000,NaN,"ns/op",1024,1,none,1024
"com.evolvedbinary.jnibench.jmhbench.GetJNIUnsafeBenchmark.getFromUnsafeIntoDirectByteBuffer:getFromUnsafeIntoDirectByteBuffer·p0.95","sample",1,1,375.000000,NaN,"ns/op",1024,1,none,1024
"com.evolvedbinary.jnibench.jmhbench.GetJNIUnsafeBenchmark.getFromUnsafeIntoDirectByteBuffer:getFromUnsafeIntoDirectByteBuffer·p0.99","sample",1,1,417.000000,NaN,"ns/op",1024,1,none,1024
"com.evolvedbinary.jnibench.jmhbench.GetJNIUnsafeBenchmark.getFromUnsafeIntoDirectByteBuffer:getFromUnsafeIntoDirectByteBuffer·p0.999","sample",1,1,2372.000000,NaN,"ns/op",1024,1,none,1024
"com.evolvedbinary.jnibench.jmhbench.GetJNIUnsafeBenchmark.getFromUnsafeIntoDirectByteBuffer:getFromUnsafeIntoDirectByteBuffer·p0.9999","sample",1,1,15824.000000,NaN,"ns/op",1024,1,none,1024
"com.evolvedbinary.jnibench.jmhbench.GetJNIUnsafeBenchmark.getFromUnsafeIntoDirectByteBuffer:getFromUnsafeIntoDirectByteBuffer·p1.00","sample",1,1,1402880.000000,NaN,"ns/op",1024,1,none,1024
"com.evolvedbinary.jnibench.jmhbench.GetJNIUnsafeBenchmark.getFromUnsafeIntoDirectByteBuffer","sample",1,4355724,473.005800,0.583599,"ns/op",1024,1,none,4096
"com.evolvedbinary.jnibench.jmhbench.GetJNIUnsafeBenchmark.getFromUnsafeIntoDirectByteBuffer:getFromUnsafeIntoDirectByteBuffer·p0.00","sample",1,1,41.000000,NaN,"ns/op",1024,1,none,4096
"com.evolvedbinary.jnibench.jmhbench.GetJNIUnsafeBenchmark.getFromUnsafeIntoDirectByteBuffer:getFromUnsafeIntoDirectByteBuffer·p0.50","sample",1,1,458.000000,NaN,"ns/op",1024,1,none,4096
"com.evolvedbinary.jnibench.jmhbench.GetJNIUnsafeBenchmark.getFromUnsafeIntoDirectByteBuffer:getFromUnsafeIntoDirectByteBuffer·p0.90","sample",1,1,583.000000,NaN,"ns/op",1024,1,none,4096
"com.evolvedbinary.jnibench.jmhbench.GetJNIUnsafeBenchmark.getFromUnsafeIntoDirectByteBuffer:getFromUnsafeIntoDirectByteBuffer·p0.95","sample",1,1,583.000000,NaN,"ns/op",1024,1,none,4096
"com.evolvedbinary.jnibench.jmhbench.GetJNIUnsafeBenchmark.getFromUnsafeIntoDirectByteBuffer:getFromUnsafeIntoDirectByteBuffer·p0.99","sample",1,1,584.000000,NaN,"ns/op",1024,1,none,4096
"com.evolvedbinary.jnibench.jmhbench.GetJNIUnsafeBenchmark.getFromUnsafeIntoDirectByteBuffer:getFromUnsafeIntoDirectByteBuffer·p0.999","sample",1,1,2000.000000,NaN,"ns/op",1024,1,none,4096
"com.evolvedbinary.jnibench.jmhbench.GetJNIUnsafeBenchmark.getFromUnsafeIntoDirectByteBuffer:getFromUnsafeIntoDirectByteBuffer·p0.9999","sample",1,1,12416.000000,NaN,"ns/op",1024,1,none,4096
"com.evolvedbinary.jnibench.jmhbench.GetJNIUnsafeBenchmark.getFromUnsafeIntoDirectByteBuffer:getFromUnsafeIntoDirectByteBuffer·p1.00","sample",1,1,395264.000000,NaN,"ns/op",1024,1,none,4096
"com.evolvedbinary.jnibench.jmhbench.GetJNIUnsafeBenchmark.getFromUnsafeIntoDirectByteBuffer","sample",1,3685737,900.094929,5.165314,"ns/op",1024,1,none,16384
"com.evolvedbinary.jnibench.jmhbench.GetJNIUnsafeBenchmark.getFromUnsafeIntoDirectByteBuffer:getFromUnsafeIntoDirectByteBuffer·p0.00","sample",1,1,458.000000,NaN,"ns/op",1024,1,none,16384
"com.evolvedbinary.jnibench.jmhbench.GetJNIUnsafeBenchmark.getFromUnsafeIntoDirectByteBuffer:getFromUnsafeIntoDirectByteBuffer·p0.50","sample",1,1,750.000000,NaN,"ns/op",1024,1,none,16384
"com.evolvedbinary.jnibench.jmhbench.GetJNIUnsafeBenchmark.getFromUnsafeIntoDirectByteBuffer:getFromUnsafeIntoDirectByteBuffer·p0.90","sample",1,1,1166.000000,NaN,"ns/op",1024,1,none,16384
"com.evolvedbinary.jnibench.jmhbench.GetJNIUnsafeBenchmark.getFromUnsafeIntoDirectByteBuffer:getFromUnsafeIntoDirectByteBuffer·p0.95","sample",1,1,1166.000000,NaN,"ns/op",1024,1,none,16384
"com.evolvedbinary.jnibench.jmhbench.GetJNIUnsafeBenchmark.getFromUnsafeIntoDirectByteBuffer:getFromUnsafeIntoDirectByteBuffer·p0.99","sample",1,1,1250.000000,NaN,"ns/op",1024,1,none,16384
"com.evolvedbinary.jnibench.jmhbench.GetJNIUnsafeBenchmark.getFromUnsafeIntoDirectByteBuffer:getFromUnsafeIntoDirectByteBuffer·p0.999","sample",1,1,4160.000000,NaN,"ns/op",1024,1,none,16384
"com.evolvedbinary.jnibench.jmhbench.GetJNIUnsafeBenchmark.getFromUnsafeIntoDirectByteBuffer:getFromUnsafeIntoDirectByteBuffer·p0.9999","sample",1,1,16368.000000,NaN,"ns/op",1024,1,none,16384
"com.evolvedbinary.jnibench.jmhbench.GetJNIUnsafeBenchmark.getFromUnsafeIntoDirectByteBuffer:getFromUnsafeIntoDirectByteBuffer·p1.00","sample",1,1,5242880.000000,NaN,"ns/op",1024,1,none,16384
"com.evolvedbinary.jnibench.jmhbench.GetJNIUnsafeBenchmark.getFromUnsafeIntoDirectByteBuffer","sample",1,3279500,1458.221077,3.087498,"ns/op",1024,1,none,32768
"com.evolvedbinary.jnibench.jmhbench.GetJNIUnsafeBenchmark.getFromUnsafeIntoDirectByteBuffer:getFromUnsafeIntoDirectByteBuffer·p0.00","sample",1,1,750.000000,NaN,"ns/op",1024,1,none,32768
"com.evolvedbinary.jnibench.jmhbench.GetJNIUnsafeBenchmark.getFromUnsafeIntoDirectByteBuffer:getFromUnsafeIntoDirectByteBuffer·p0.50","sample",1,1,1750.000000,NaN,"ns/op",1024,1,none,32768
"com.evolvedbinary.jnibench.jmhbench.GetJNIUnsafeBenchmark.getFromUnsafeIntoDirectByteBuffer:getFromUnsafeIntoDirectByteBuffer·p0.90","sample",1,1,1792.000000,NaN,"ns/op",1024,1,none,32768
"com.evolvedbinary.jnibench.jmhbench.GetJNIUnsafeBenchmark.getFromUnsafeIntoDirectByteBuffer:getFromUnsafeIntoDirectByteBuffer·p0.95","sample",1,1,1792.000000,NaN,"ns/op",1024,1,none,32768
"com.evolvedbinary.jnibench.jmhbench.GetJNIUnsafeBenchmark.getFromUnsafeIntoDirectByteBuffer:getFromUnsafeIntoDirectByteBuffer·p0.99","sample",1,1,1916.000000,NaN,"ns/op",1024,1,none,32768
"com.evolvedbinary.jnibench.jmhbench.GetJNIUnsafeBenchmark.getFromUnsafeIntoDirectByteBuffer:getFromUnsafeIntoDirectByteBuffer·p0.999","sample",1,1,6416.000000,NaN,"ns/op",1024,1,none,32768
"com.evolvedbinary.jnibench.jmhbench.GetJNIUnsafeBenchmark.getFromUnsafeIntoDirectByteBuffer:getFromUnsafeIntoDirectByteBuffer·p0.9999","sample",1,1,20416.000000,NaN,"ns/op",1024,1,none,32768
"com.evolvedbinary.jnibench.jmhbench.GetJNIUnsafeBenchmark.getFromUnsafeIntoDirectByteBuffer:getFromUnsafeIntoDirectByteBuffer·p1.00","sample",1,1,2392064.000000,NaN,"ns/op",1024,1,none,32768
"com.evolvedbinary.jnibench.jmhbench.GetJNIUnsafeBenchmark.getFromUnsafeIntoDirectByteBuffer","sample",1,3123725,1896.240891,130.222256,"ns/op",1024,1,none,65536
"com.evolvedbinary.jnibench.jmhbench.GetJNIUnsafeBenchmark.getFromUnsafeIntoDirectByteBuffer:getFromUnsafeIntoDirectByteBuffer·p0.00","sample",1,1,1290.000000,NaN,"ns/op",1024,1,none,65536
"com.evolvedbinary.jnibench.jmhbench.GetJNIUnsafeBenchmark.getFromUnsafeIntoDirectByteBuffer:getFromUnsafeIntoDirectByteBuffer·p0.50","sample",1,1,1500.000000,NaN,"ns/op",1024,1,none,65536
"com.evolvedbinary.jnibench.jmhbench.GetJNIUnsafeBenchmark.getFromUnsafeIntoDirectByteBuffer:getFromUnsafeIntoDirectByteBuffer·p0.90","sample",1,1,3040.000000,NaN,"ns/op",1024,1,none,65536
"com.evolvedbinary.jnibench.jmhbench.GetJNIUnsafeBenchmark.getFromUnsafeIntoDirectByteBuffer:getFromUnsafeIntoDirectByteBuffer·p0.95","sample",1,1,3080.000000,NaN,"ns/op",1024,1,none,65536
"com.evolvedbinary.jnibench.jmhbench.GetJNIUnsafeBenchmark.getFromUnsafeIntoDirectByteBuffer:getFromUnsafeIntoDirectByteBuffer·p0.99","sample",1,1,3164.000000,NaN,"ns/op",1024,1,none,65536
"com.evolvedbinary.jnibench.jmhbench.GetJNIUnsafeBenchmark.getFromUnsafeIntoDirectByteBuffer:getFromUnsafeIntoDirectByteBuffer·p0.999","sample",1,1,7090.960000,NaN,"ns/op",1024,1,none,65536
"com.evolvedbinary.jnibench.jmhbench.GetJNIUnsafeBenchmark.getFromUnsafeIntoDirectByteBuffer:getFromUnsafeIntoDirectByteBuffer·p0.9999","sample",1,1,24724.076800,NaN,"ns/op",1024,1,none,65536
"com.evolvedbinary.jnibench.jmhbench.GetJNIUnsafeBenchmark.getFromUnsafeIntoDirectByteBuffer:getFromUnsafeIntoDirectByteBuffer·p1.00","sample",1,1,123600896.000000,NaN,"ns/op",1024,1,none,65536
"com.evolvedbinary.jnibench.jmhbench.GetJNIUnsafeBenchmark.getFromUnsafeIntoDirectByteBuffer","sample",1,2789831,375.096398,2.514300,"ns/op",1024,1,copyout,10
"com.evolvedbinary.jnibench.jmhbench.GetJNIUnsafeBenchmark.getFromUnsafeIntoDirectByteBuffer:getFromUnsafeIntoDirectByteBuffer·p0.00","sample",1,1,41.000000,NaN,"ns/op",1024,1,copyout,10
"com.evolvedbinary.jnibench.jmhbench.GetJNIUnsafeBenchmark.getFromUnsafeIntoDirectByteBuffer:getFromUnsafeIntoDirectByteBuffer·p0.50","sample",1,1,375.000000,NaN,"ns/op",1024,1,copyout,10
"com.evolvedbinary.jnibench.jmhbench.GetJNIUnsafeBenchmark.getFromUnsafeIntoDirectByteBuffer:getFromUnsafeIntoDirectByteBuffer·p0.90","sample",1,1,375.000000,NaN,"ns/op",1024,1,copyout,10
"com.evolvedbinary.jnibench.jmhbench.GetJNIUnsafeBenchmark.getFromUnsafeIntoDirectByteBuffer:getFromUnsafeIntoDirectByteBuffer·p0.95","sample",1,1,375.000000,NaN,"ns/op",1024,1,copyout,10
"com.evolvedbinary.jnibench.jmhbench.GetJNIUnsafeBenchmark.getFromUnsafeIntoDirectByteBuffer:getFromUnsafeIntoDirectByteBuffer·p0.99","sample",1,1,417.000000,NaN,"ns/op",1024,1,copyout,10
"com.evolvedbinary.jnibench.jmhbench.GetJNIUnsafeBenchmark.getFromUnsafeIntoDirectByteBuffer:getFromUnsafeIntoDirectByteBuffer·p0.999","sample",1,1,2708.000000,NaN,"ns/op",1024,1,copyout,10
"com.evolvedbinary.jnibench.jmhbench.GetJNIUnsafeBenchmark.getFromUnsafeIntoDirectByteBuffer:getFromUnsafeIntoDirectByteBuffer·p0.9999","sample",1,1,15696.000000,NaN,"ns/op",1024,1,copyout,10
"com.evolvedbinary.jnibench.jmhbench.GetJNIUnsafeBenchmark.getFromUnsafeIntoDirectByteBuffer:getFromUnsafeIntoDirectByteBuffer·p1.00","sample",1,1,1529856.000000,NaN,"ns/op",1024,1,copyout,10
"com.evolvedbinary.jnibench.jmhbench.GetJNIUnsafeBenchmark.getFromUnsafeIntoDirectByteBuffer","sample",1,2700391,387.830123,4.604097,"ns/op",1024,1,copyout,50
"com.evolvedbinary.jnibench.jmhbench.GetJNIUnsafeBenchmark.getFromUnsafeIntoDirectByteBuffer:getFromUnsafeIntoDirectByteBuffer·p0.00","sample",1,1,42.000000,NaN,"ns/op",1024,1,copyout,50
"com.evolvedbinary.jnibench.jmhbench.GetJNIUnsafeBenchmark.getFromUnsafeIntoDirectByteBuffer:getFromUnsafeIntoDirectByteBuffer·p0.50","sample",1,1,375.000000,NaN,"ns/op",1024,1,copyout,50
"com.evolvedbinary.jnibench.jmhbench.GetJNIUnsafeBenchmark.getFromUnsafeIntoDirectByteBuffer:getFromUnsafeIntoDirectByteBuffer·p0.90","sample",1,1,375.000000,NaN,"ns/op",1024,1,copyout,50
"com.evolvedbinary.jnibench.jmhbench.GetJNIUnsafeBenchmark.getFromUnsafeIntoDirectByteBuffer:getFromUnsafeIntoDirectByteBuffer·p0.95","sample",1,1,416.000000,NaN,"ns/op",1024,1,copyout,50
"com.evolvedbinary.jnibench.jmhbench.GetJNIUnsafeBenchmark.getFromUnsafeIntoDirectByteBuffer:getFromUnsafeIntoDirectByteBuffer·p0.99","sample",1,1,417.000000,NaN,"ns/op",1024,1,copyout,50
"com.evolvedbinary.jnibench.jmhbench.GetJNIUnsafeBenchmark.getFromUnsafeIntoDirectByteBuffer:getFromUnsafeIntoDirectByteBuffer·p0.999","sample",1,1,2624.000000,NaN,"ns/op",1024,1,copyout,50
"com.evolvedbinary.jnibench.jmhbench.GetJNIUnsafeBenchmark.getFromUnsafeIntoDirectByteBuffer:getFromUnsafeIntoDirectByteBuffer·p0.9999","sample",1,1,15694.745600,NaN,"ns/op",1024,1,copyout,50
"com.evolvedbinary.jnibench.jmhbench.GetJNIUnsafeBenchmark.getFromUnsafeIntoDirectByteBuffer:getFromUnsafeIntoDirectByteBuffer·p1.00","sample",1,1,2029568.000000,NaN,"ns/op",1024,1,copyout,50
"com.evolvedbinary.jnibench.jmhbench.GetJNIUnsafeBenchmark.getFromUnsafeIntoDirectByteBuffer","sample",1,3994286,512.344919,1.207854,"ns/op",1024,1,copyout,512
"com.evolvedbinary.jnibench.jmhbench.GetJNIUnsafeBenchmark.getFromUnsafeIntoDirectByteBuffer:getFromUnsafeIntoDirectByteBuffer·p0.00","sample",1,1,167.000000,NaN,"ns/op",1024,1,copyout,512
"com.evolvedbinary.jnibench.jmhbench.GetJNIUnsafeBenchmark.getFromUnsafeIntoDirectByteBuffer:getFromUnsafeIntoDirectByteBuffer·p0.50","sample",1,1,500.000000,NaN,"ns/op",1024,1,copyout,512
"com.evolvedbinary.jnibench.jmhbench.GetJNIUnsafeBenchmark.getFromUnsafeIntoDirectByteBuffer:getFromUnsafeIntoDirectByteBuffer·p0.90","sample",1,1,500.000000,NaN,"ns/op",1024,1,copyout,512
"com.evolvedbinary.jnibench.jmhbench.GetJNIUnsafeBenchmark.getFromUnsafeIntoDirectByteBuffer:getFromUnsafeIntoDirectByteBuffer·p0.95","sample",1,1,625.000000,NaN,"ns/op",1024,1,copyout,512
"com.evolvedbinary.jnibench.jmhbench.GetJNIUnsafeBenchmark.getFromUnsafeIntoDirectByteBuffer:getFromUnsafeIntoDirectByteBuffer·p0.99","sample",1,1,958.000000,NaN,"ns/op",1024,1,copyout,512
"com.evolvedbinary.jnibench.jmhbench.GetJNIUnsafeBenchmark.getFromUnsafeIntoDirectByteBuffer:getFromUnsafeIntoDirectByteBuffer·p0.999","sample",1,1,2624.000000,NaN,"ns/op",1024,1,copyout,512
"com.evolvedbinary.jnibench.jmhbench.GetJNIUnsafeBenchmark.getFromUnsafeIntoDirectByteBuffer:getFromUnsafeIntoDirectByteBuffer·p0.9999","sample",1,1,13346.281600,NaN,"ns/op",1024,1,copyout,512
"com.evolvedbinary.jnibench.jmhbench.GetJNIUnsafeBenchmark.getFromUnsafeIntoDirectByteBuffer:getFromUnsafeIntoDirectByteBuffer·p1.00","sample",1,1,1331200.000000,NaN,"ns/op",1024,1,copyout,512
"com.evolvedbinary.jnibench.jmhbench.GetJNIUnsafeBenchmark.getFromUnsafeIntoDirectByteBuffer","sample",1,3165416,648.646655,3.025860,"ns/op",1024,1,copyout,1024
"com.evolvedbinary.jnibench.jmhbench.GetJNIUnsafeBenchmark.getFromUnsafeIntoDirectByteBuffer:getFromUnsafeIntoDirectByteBuffer·p0.00","sample",1,1,333.000000,NaN,"ns/op",1024,1,copyout,1024
"com.evolvedbinary.jnibench.jmhbench.GetJNIUnsafeBenchmark.getFromUnsafeIntoDirectByteBuffer:getFromUnsafeIntoDirectByteBuffer·p0.50","sample",1,1,625.000000,NaN,"ns/op",1024,1,copyout,1024
"com.evolvedbinary.jnibench.jmhbench.GetJNIUnsafeBenchmark.getFromUnsafeIntoDirectByteBuffer:getFromUnsafeIntoDirectByteBuffer·p0.90","sample",1,1,667.000000,NaN,"ns/op",1024,1,copyout,1024
"com.evolvedbinary.jnibench.jmhbench.GetJNIUnsafeBenchmark.getFromUnsafeIntoDirectByteBuffer:getFromUnsafeIntoDirectByteBuffer·p0.95","sample",1,1,834.000000,NaN,"ns/op",1024,1,copyout,1024
"com.evolvedbinary.jnibench.jmhbench.GetJNIUnsafeBenchmark.getFromUnsafeIntoDirectByteBuffer:getFromUnsafeIntoDirectByteBuffer·p0.99","sample",1,1,1084.000000,NaN,"ns/op",1024,1,copyout,1024
"com.evolvedbinary.jnibench.jmhbench.GetJNIUnsafeBenchmark.getFromUnsafeIntoDirectByteBuffer:getFromUnsafeIntoDirectByteBuffer·p0.999","sample",1,1,4456.000000,NaN,"ns/op",1024,1,copyout,1024
"com.evolvedbinary.jnibench.jmhbench.GetJNIUnsafeBenchmark.getFromUnsafeIntoDirectByteBuffer:getFromUnsafeIntoDirectByteBuffer·p0.9999","sample",1,1,17294.665600,NaN,"ns/op",1024,1,copyout,1024
"com.evolvedbinary.jnibench.jmhbench.GetJNIUnsafeBenchmark.getFromUnsafeIntoDirectByteBuffer:getFromUnsafeIntoDirectByteBuffer·p1.00","sample",1,1,1509376.000000,NaN,"ns/op",1024,1,copyout,1024
"com.evolvedbinary.jnibench.jmhbench.GetJNIUnsafeBenchmark.getFromUnsafeIntoDirectByteBuffer","sample",1,2960022,1368.721279,3.678559,"ns/op",1024,1,copyout,4096
"com.evolvedbinary.jnibench.jmhbench.GetJNIUnsafeBenchmark.getFromUnsafeIntoDirectByteBuffer:getFromUnsafeIntoDirectByteBuffer·p0.00","sample",1,1,1042.000000,NaN,"ns/op",1024,1,copyout,4096
"com.evolvedbinary.jnibench.jmhbench.GetJNIUnsafeBenchmark.getFromUnsafeIntoDirectByteBuffer:getFromUnsafeIntoDirectByteBuffer·p0.50","sample",1,1,1332.000000,NaN,"ns/op",1024,1,copyout,4096
"com.evolvedbinary.jnibench.jmhbench.GetJNIUnsafeBenchmark.getFromUnsafeIntoDirectByteBuffer:getFromUnsafeIntoDirectByteBuffer·p0.90","sample",1,1,1374.000000,NaN,"ns/op",1024,1,copyout,4096
"com.evolvedbinary.jnibench.jmhbench.GetJNIUnsafeBenchmark.getFromUnsafeIntoDirectByteBuffer:getFromUnsafeIntoDirectByteBuffer·p0.95","sample",1,1,1416.000000,NaN,"ns/op",1024,1,copyout,4096
"com.evolvedbinary.jnibench.jmhbench.GetJNIUnsafeBenchmark.getFromUnsafeIntoDirectByteBuffer:getFromUnsafeIntoDirectByteBuffer·p0.99","sample",1,1,1542.000000,NaN,"ns/op",1024,1,copyout,4096
"com.evolvedbinary.jnibench.jmhbench.GetJNIUnsafeBenchmark.getFromUnsafeIntoDirectByteBuffer:getFromUnsafeIntoDirectByteBuffer·p0.999","sample",1,1,6456.000000,NaN,"ns/op",1024,1,copyout,4096
"com.evolvedbinary.jnibench.jmhbench.GetJNIUnsafeBenchmark.getFromUnsafeIntoDirectByteBuffer:getFromUnsafeIntoDirectByteBuffer·p0.9999","sample",1,1,21312.000000,NaN,"ns/op",1024,1,copyout,4096
"com.evolvedbinary.jnibench.jmhbench.GetJNIUnsafeBenchmark.getFromUnsafeIntoDirectByteBuffer:getFromUnsafeIntoDirectByteBuffer·p1.00","sample",1,1,1507328.000000,NaN,"ns/op",1024,1,copyout,4096
"com.evolvedbinary.jnibench.jmhbench.GetJNIUnsafeBenchmark.getFromUnsafeIntoDirectByteBuffer","sample",1,3723009,4297.049360,3.497940,"ns/op",1024,1,copyout,16384
"com.evolvedbinary.jnibench.jmhbench.GetJNIUnsafeBenchmark.getFromUnsafeIntoDirectByteBuffer:getFromUnsafeIntoDirectByteBuffer·p0.00","sample",1,1,4080.000000,NaN,"ns/op",1024,1,copyout,16384
"com.evolvedbinary.jnibench.jmhbench.GetJNIUnsafeBenchmark.getFromUnsafeIntoDirectByteBuffer:getFromUnsafeIntoDirectByteBuffer·p0.50","sample",1,1,4248.000000,NaN,"ns/op",1024,1,copyout,16384
"com.evolvedbinary.jnibench.jmhbench.GetJNIUnsafeBenchmark.getFromUnsafeIntoDirectByteBuffer:getFromUnsafeIntoDirectByteBuffer·p0.90","sample",1,1,4368.000000,NaN,"ns/op",1024,1,copyout,16384
"com.evolvedbinary.jnibench.jmhbench.GetJNIUnsafeBenchmark.getFromUnsafeIntoDirectByteBuffer:getFromUnsafeIntoDirectByteBuffer·p0.95","sample",1,1,4456.000000,NaN,"ns/op",1024,1,copyout,16384
"com.evolvedbinary.jnibench.jmhbench.GetJNIUnsafeBenchmark.getFromUnsafeIntoDirectByteBuffer:getFromUnsafeIntoDirectByteBuffer·p0.99","sample",1,1,4704.000000,NaN,"ns/op",1024,1,copyout,16384
"com.evolvedbinary.jnibench.jmhbench.GetJNIUnsafeBenchmark.getFromUnsafeIntoDirectByteBuffer:getFromUnsafeIntoDirectByteBuffer·p0.999","sample",1,1,11152.000000,NaN,"ns/op",1024,1,copyout,16384
"com.evolvedbinary.jnibench.jmhbench.GetJNIUnsafeBenchmark.getFromUnsafeIntoDirectByteBuffer:getFromUnsafeIntoDirectByteBuffer·p0.9999","sample",1,1,36992.000000,NaN,"ns/op",1024,1,copyout,16384
"com.evolvedbinary.jnibench.jmhbench.GetJNIUnsafeBenchmark.getFromUnsafeIntoDirectByteBuffer:getFromUnsafeIntoDirectByteBuffer·p1.00","sample",1,1,2637824.000000,NaN,"ns/op",1024,1,copyout,16384
"com.evolvedbinary.jnibench.jmhbench.GetJNIUnsafeBenchmark.getFromUnsafeIntoDirectByteBuffer","sample",1,3839583,8307.964458,1.729341,"ns/op",1024,1,copyout,32768
"com.evolvedbinary.jnibench.jmhbench.GetJNIUnsafeBenchmark.getFromUnsafeIntoDirectByteBuffer:getFromUnsafeIntoDirectByteBuffer·p0.00","sample",1,1,8000.000000,NaN,"ns/op",1024,1,copyout,32768
"com.evolvedbinary.jnibench.jmhbench.GetJNIUnsafeBenchmark.getFromUnsafeIntoDirectByteBuffer:getFromUnsafeIntoDirectByteBuffer·p0.50","sample",1,1,8160.000000,NaN,"ns/op",1024,1,copyout,32768
"com.evolvedbinary.jnibench.jmhbench.GetJNIUnsafeBenchmark.getFromUnsafeIntoDirectByteBuffer:getFromUnsafeIntoDirectByteBuffer·p0.90","sample",1,1,8624.000000,NaN,"ns/op",1024,1,copyout,32768
"com.evolvedbinary.jnibench.jmhbench.GetJNIUnsafeBenchmark.getFromUnsafeIntoDirectByteBuffer:getFromUnsafeIntoDirectByteBuffer·p0.95","sample",1,1,8704.000000,NaN,"ns/op",1024,1,copyout,32768
"com.evolvedbinary.jnibench.jmhbench.GetJNIUnsafeBenchmark.getFromUnsafeIntoDirectByteBuffer:getFromUnsafeIntoDirectByteBuffer·p0.99","sample",1,1,9616.000000,NaN,"ns/op",1024,1,copyout,32768
"com.evolvedbinary.jnibench.jmhbench.GetJNIUnsafeBenchmark.getFromUnsafeIntoDirectByteBuffer:getFromUnsafeIntoDirectByteBuffer·p0.999","sample",1,1,18400.000000,NaN,"ns/op",1024,1,copyout,32768
"com.evolvedbinary.jnibench.jmhbench.GetJNIUnsafeBenchmark.getFromUnsafeIntoDirectByteBuffer:getFromUnsafeIntoDirectByteBuffer·p0.9999","sample",1,1,45248.000000,NaN,"ns/op",1024,1,copyout,32768
"com.evolvedbinary.jnibench.jmhbench.GetJNIUnsafeBenchmark.getFromUnsafeIntoDirectByteBuffer:getFromUnsafeIntoDirectByteBuffer·p1.00","sample",1,1,812032.000000,NaN,"ns/op",1024,1,copyout,32768
"com.evolvedbinary.jnibench.jmhbench.GetJNIUnsafeBenchmark.getFromUnsafeIntoDirectByteBuffer","sample",1,2765887,17076.263787,6.011103,"ns/op",1024,1,copyout,65536
"com.evolvedbinary.jnibench.jmhbench.GetJNIUnsafeBenchmark.getFromUnsafeIntoDirectByteBuffer:getFromUnsafeIntoDirectByteBuffer·p0.00","sample",1,1,16208.000000,NaN,"ns/op",1024,1,copyout,65536
"com.evolvedbinary.jnibench.jmhbench.GetJNIUnsafeBenchmark.getFromUnsafeIntoDirectByteBuffer:getFromUnsafeIntoDirectByteBuffer·p0.50","sample",1,1,16864.000000,NaN,"ns/op",1024,1,copyout,65536
"com.evolvedbinary.jnibench.jmhbench.GetJNIUnsafeBenchmark.getFromUnsafeIntoDirectByteBuffer:getFromUnsafeIntoDirectByteBuffer·p0.90","sample",1,1,17600.000000,NaN,"ns/op",1024,1,copyout,65536
"com.evolvedbinary.jnibench.jmhbench.GetJNIUnsafeBenchmark.getFromUnsafeIntoDirectByteBuffer:getFromUnsafeIntoDirectByteBuffer·p0.95","sample",1,1,17888.000000,NaN,"ns/op",1024,1,copyout,65536
"com.evolvedbinary.jnibench.jmhbench.GetJNIUnsafeBenchmark.getFromUnsafeIntoDirectByteBuffer:getFromUnsafeIntoDirectByteBuffer·p0.99","sample",1,1,21824.000000,NaN,"ns/op",1024,1,copyout,65536
"com.evolvedbinary.jnibench.jmhbench.GetJNIUnsafeBenchmark.getFromUnsafeIntoDirectByteBuffer:getFromUnsafeIntoDirectByteBuffer·p0.999","sample",1,1,39104.000000,NaN,"ns/op",1024,1,copyout,65536
"com.evolvedbinary.jnibench.jmhbench.GetJNIUnsafeBenchmark.getFromUnsafeIntoDirectByteBuffer:getFromUnsafeIntoDirectByteBuffer·p0.9999","sample",1,1,68864.000000,NaN,"ns/op",1024,1,copyout,65536
"com.evolvedbinary.jnibench.jmhbench.GetJNIUnsafeBenchmark.getFromUnsafeIntoDirectByteBuffer:getFromUnsafeIntoDirectByteBuffer·p1.00","sample",1,1,1773568.000000,NaN,"ns/op",1024,1,copyout,65536
