"Benchmark","Mode","Threads","Samples","Score","Score Error (99.9%)","Unit","Param: cacheEntryOverhead","Param: cacheMB","Param: fillByte","Param: preparation","Param: valueSize"
"com.evolvedbinary.jnibench.jmhbench.PutFFMBenchmark.putFromMemorySegment","sample",1,2628926,63.929989,1.341529,"ns/op",1024,1,17,none,10
"com.evolvedbinary.jnibench.jmhbench.PutFFMBenchmark.putFromMemorySegment:putFromMemorySegment·p0.00","sample",1,1,0.000000,NaN,"ns/op",1024,1,17,none,10
"com.evolvedbinary.jnibench.jmhbench.PutFFMBenchmark.putFromMemorySegment:putFromMemorySegment·p0.50","sample",1,1,42.000000,NaN,"ns/op",1024,1,17,none,10
"com.evolvedbinary.jnibench.jmhbench.PutFFMBenchmark.putFromMemorySegment:putFromMemorySegment·p0.90","sample",1,1,84.000000,NaN,"ns/op",1024,1,17,none,10
"com.evolvedbinary.jnibench.jmhbench.PutFFMBenchmark.putFromMemorySegment:putFromMemorySegment·p0.95","sample",1,1,84.000000,NaN,"ns/op",1024,1,17,none,10
"com.evolvedbinary.jnibench.jmhbench.PutFFMBenchmark.putFromMemorySegment:putFromMemorySegment·p0.99","sample",1,1,84.000000,NaN,"ns/op",1024,1,17,none,10
"com.evolvedbinary.jnibench.jmhbench.PutFFMBenchmark.putFromMemorySegment:putFromMemorySegment·p0.999","sample",1,1,833.000000,NaN,"ns/op",1024,1,17,none,10
"com.evolvedbinary.jnibench.jmhbench.PutFFMBenchmark.putFromMemorySegment:putFromMemorySegment·p0.9999","sample",1,1,13408.000000,NaN,"ns/op",1024,1,17,none,10
"com.evolvedbinary.jnibench.jmhbench.PutFFMBenchmark.putFromMemorySegment:putFromMemorySegment·p1.00","sample",1,1,811008.000000,NaN,"ns/op",1024,1,17,none,10
"com.evolvedbinary.jnibench.jmhbench.PutFFMBenchmark.putFromMemorySegment","sample",1,3641900,64.213053,1.329262,"ns/op",1024,1,17,none,50
"com.evolvedbinary.jnibench.jmhbench.PutFFMBenchmark.putFromMemorySegment:putFromMemorySegment·p0.00","sample",1,1,0.000000,NaN,"ns/op",1024,1,17,none,50
"com.evolvedbinary.jnibench.jmhbench.PutFFMBenchmark.putFromMemorySegment:putFromMemorySegment·p0.50","sample",1,1,42.000000,NaN,"ns/op",1024,1,17,none,50
"com.evolvedbinary.jnibench.jmhbench.PutFFMBenchmark.putFromMemorySegment:putFromMemorySegment·p0.90","sample",1,1,84.000000,NaN,"ns/op",1024,1,17,none,50
"com.evolvedbinary.jnibench.jmhbench.PutFFMBenchmark.putFromMemorySegment:putFromMemorySegment·p0.95","sample",1,1,84.000000,NaN,"ns/op",1024,1,17,none,50
"com.evolvedbinary.jnibench.jmhbench.PutFFMBenchmark.putFromMemorySegment:putFromMemorySegment·p0.99","sample",1,1,84.000000,NaN,"ns/op",1024,1,17,none,50
"com.evolvedbinary.jnibench.jmhbench.PutFFMBenchmark.putFromMemorySegment:putFromMemorySegment·p0.999","sample",1,1,625.000000,NaN,"ns/op",1024,1,17,none,50
"com.evolvedbinary.jnibench.jmhbench.PutFFMBenchmark.putFromMemorySegment:putFromMemorySegment·p0.9999","sample",1,1,13030.875200,NaN,"ns/op",1024,1,17,none,50
"com.evolvedbinary.jnibench.jmhbench.PutFFMBenchmark.putFromMemorySegment:putFromMemorySegment·p1.00","sample",1,1,1351680.000000,NaN,"ns/op",1024,1,17,none,50
"com.evolvedbinary.jnibench.jmhbench.PutFFMBenchmark.putFromMemorySegment","sample",1,4380706,70.352081,3.232476,"ns/op",1024,1,17,none,512
"com.evolvedbinary.jnibench.jmhbench.PutFFMBenchmark.putFromMemorySegment:putFromMemorySegment·p0.00","sample",1,1,0.000000,NaN,"ns/op",1024,1,17,none,512
"com.evolvedbinary.jnibench.jmhbench.PutFFMBenchmark.putFromMemorySegment:putFromMemorySegment·p0.50","sample",1,1,83.000000,NaN,"ns/op",1024,1,17,none,512
"com.evolvedbinary.jnibench.jmhbench.PutFFMBenchmark.putFromMemorySegment:putFromMemorySegment·p0.90","sample",1,1,84.000000,NaN,"ns/op",1024,1,17,none,512
"com.evolvedbinary.jnibench.jmhbench.PutFFMBenchmark.putFromMemorySegment:putFromMemorySegment·p0.95","sample",1,1,84.000000,NaN,"ns/op",1024,1,17,none,512
"com.evolvedbinary.jnibench.jmhbench.PutFFMBenchmark.putFromMemorySegment:putFromMemorySegment·p0.99","sample",1,1,84.000000,NaN,"ns/op",1024,1,17,none,512
"com.evolvedbinary.jnibench.jmhbench.PutFFMBenchmark.putFromMemorySegment:putFromMemorySegment·p0.999","sample",1,1,458.000000,NaN,"ns/op",1024,1,17,none,512
"com.evolvedbinary.jnibench.jmhbench.PutFFMBenchmark.putFromMemorySegment:putFromMemorySegment·p0.9999","sample",1,1,11328.000000,NaN,"ns/op",1024,1,17,none,512
"com.evolvedbinary.jnibench.jmhbench.PutFFMBenchmark.putFromMemorySegment:putFromMemorySegment·p1.00","sample",1,1,4194304.000000,NaN,"ns/op",1024,1,17,none,512
"com.evolvedbinary.jnibench.jmhbench.PutFFMBenchmark.putFromMemorySegment","sample",1,3990247,76.657312,0.431565,"ns/op",1024,1,17,none,1024
"com.evolvedbinary.jnibench.jmhbench.PutFFMBenchmark.putFromMemorySegment:putFromMemorySegment·p0.00","sample",1,1,0.000000,NaN,"ns/op",1024,1,17,none,1024
"com.evolvedbinary.jnibench.jmhbench.PutFFMBenchmark.putFromMemorySegment:putFromMemorySegment·p0.50","sample",1,1,83.000000,NaN,"ns/op",1024,1,17,none,1024
"com.evolvedbinary.jnibench.jmhbench.PutFFMBenchmark.putFromMemorySegment:putFromMemorySegment·p0.90","sample",1,1,84.000000,NaN,"ns/op",1024,1,17,none,1024
"com.evolvedbinary.jnibench.jmhbench.PutFFMBenchmark.putFromMemorySegment:putFromMemorySegment·p0.95","sample",1,1,84.000000,NaN,"ns/op",1024,1,17,none,1024
"com.evolvedbinary.jnibench.jmhbench.PutFFMBenchmark.putFromMemorySegment:putFromMemorySegment·p0.99","sample",1,1,125.000000,NaN,"ns/op",1024,1,17,none,1024
"com.evolvedbinary.jnibench.jmhbench.PutFFMBenchmark.putFromMemorySegment:putFromMemorySegment·p0.999","sample",1,1,542.000000,NaN,"ns/op",1024,1,17,none,1024
"com.evolvedbinary.jnibench.jmhbench.PutFFMBenchmark.putFromMemorySegment:putFromMemorySegment·p0.9999","sample",1,1,11408.000000,NaN,"ns/op",1024,1,17,none,1024
"com.evolvedbinary.jnibench.jmhbench.PutFFMBenchmark.putFromMemorySegment:putFromMemorySegment·p1.00","sample",1,1,165120.000000,NaN,"ns/op",1024,1,17,none,1024
"com.evolvedbinary.jnibench.jmhbench.PutFFMBenchmark.putFromMemorySegment","sample",1,4465188,126.712324,1.232956,"ns/op",1024,1,17,none,4096
"com.evolvedbinary.jnibench.jmhbench.PutFFMBenchmark.putFromMemorySegment:putFromMemorySegment·p0.00","sample",1,1,0.000000,NaN,"ns/op",1024,1,17,none,4096
"com.evolvedbinary.jnibench.jmhbench.PutFFMBenchmark.putFromMemorySegment:putFromMemorySegment·p0.50","sample",1,1,125.000000,NaN,"ns/op",1024,1,17,none,4096
"com.evolvedbinary.jnibench.jmhbench.PutFFMBenchmark.putFromMemorySegment:putFromMemorySegment·p0.90","sample",1,1,166.000000,NaN,"ns/op",1024,1,17,none,4096
"com.evolvedbinary.jnibench.jmhbench.PutFFMBenchmark.putFromMemorySegment:putFromMemorySegment·p0.95","sample",1,1,167.000000,NaN,"ns/op",1024,1,17,none,4096
"com.evolvedbinary.jnibench.jmhbench.PutFFMBenchmark.putFromMemorySegment:putFromMemorySegment·p0.99","sample",1,1,250.000000,NaN,"ns/op",1024,1,17,none,4096
"com.evolvedbinary.jnibench.jmhbench.PutFFMBenchmark.putFromMemorySegment:putFromMemorySegment·p0.999","sample",1,1,1332.000000,NaN,"ns/op",1024,1,17,none,4096
"com.evolvedbinary.jnibench.jmhbench.PutFFMBenchmark.putFromMemorySegment:putFromMemorySegment·p0.9999","sample",1,1,13616.000000,NaN,"ns/op",1024,1,17,none,4096
"com.evolvedbinary.jnibench.jmhbench.PutFFMBenchmark.putFromMemorySegment:putFromMemorySegment·p1.00","sample",1,1,1527808.000000,NaN,"ns/op",1024,1,17,none,4096
"com.evolvedbinary.jnibench.jmhbench.PutFFMBenchmark.putFromMemorySegment","sample",1,3158098,201.011481,0.593744,"ns/op",1024,1,17,none,8192
"com.evolvedbinary.jnibench.jmhbench.PutFFMBenchmark.putFromMemorySegment:putFromMemorySegment·p0.00","sample",1,1,41.000000,NaN,"ns/op",1024,1,17,none,8192
"com.evolvedbinary.jnibench.jmhbench.PutFFMBenchmark.putFromMemorySegment:putFromMemorySegment·p0.50","sample",1,1,167.000000,NaN,"ns/op",1024,1,17,none,8192
"com.evolvedbinary.jnibench.jmhbench.PutFFMBenchmark.putFromMemorySegment:putFromMemorySegment·p0.90","sample",1,1,250.000000,NaN,"ns/op",1024,1,17,none,8192
"com.evolvedbinary.jnibench.jmhbench.PutFFMBenchmark.putFromMemorySegment:putFromMemorySegment·p0.95","sample",1,1,292.000000,NaN,"ns/op",1024,1,17,none,8192
"com.evolvedbinary.jnibench.jmhbench.PutFFMBenchmark.putFromMemorySegment:putFromMemorySegment·p0.99","sample",1,1,375.000000,NaN,"ns/op",1024,1,17,none,8192
"com.evolvedbinary.jnibench.jmhbench.PutFFMBenchmark.putFromMemorySegment:putFromMemorySegment·p0.999","sample",1,1,2368.040000,NaN,"ns/op",1024,1,17,none,8192
"com.evolvedbinary.jnibench.jmhbench.PutFFMBenchmark.putFromMemorySegment:putFromMemorySegment·p0.9999","sample",1,1,10585.124800,NaN,"ns/op",1024,1,17,none,8192
"com.evolvedbinary.jnibench.jmhbench.PutFFMBenchmark.putFromMemorySegment:putFromMemorySegment·p1.00","sample",1,1,155648.000000,NaN,"ns/op",1024,1,17,none,8192
"com.evolvedbinary.jnibench.jmhbench.PutFFMBenchmark.putFromMemorySegment","sample",1,3390324,543.736470,2.578699,"ns/op",1024,1,17,none,16384
"com.evolvedbinary.jnibench.jmhbench.PutFFMBenchmark.putFromMemorySegment:putFromMemorySegment·p0.00","sample",1,1,41.000000,NaN,"ns/op",1024,1,17,none,16384
"com.evolvedbinary.jnibench.jmhbench.PutFFMBenchmark.putFromMemorySegment:putFromMemorySegment·p0.50","sample",1,1,458.000000,NaN,"ns/op",1024,1,17,none,16384
"com.evolvedbinary.jnibench.jmhbench.PutFFMBenchmark.putFromMemorySegment:putFromMemorySegment·p0.90","sample",1,1,834.000000,NaN,"ns/op",1024,1,17,none,16384
"com.evolvedbinary.jnibench.jmhbench.PutFFMBenchmark.putFromMemorySegment:putFromMemorySegment·p0.95","sample",1,1,875.000000,NaN,"ns/op",1024,1,17,none,16384
"com.evolvedbinary.jnibench.jmhbench.PutFFMBenchmark.putFromMemorySegment:putFromMemorySegment·p0.99","sample",1,1,917.000000,NaN,"ns/op",1024,1,17,none,16384
"com.evolvedbinary.jnibench.jmhbench.PutFFMBenchmark.putFromMemorySegment:putFromMemorySegment·p0.999","sample",1,1,3748.000000,NaN,"ns/op",1024,1,17,none,16384
"com.evolvedbinary.jnibench.jmhbench.PutFFMBenchmark.putFromMemorySegment:putFromMemorySegment·p0.9999","sample",1,1,16288.000000,NaN,"ns/op",1024,1,17,none,16384
"com.evolvedbinary.jnibench.jmhbench.PutFFMBenchmark.putFromMemorySegment:putFromMemorySegment·p1.00","sample",1,1,2482176.000000,NaN,"ns/op",1024,1,17,none,16384
"com.evolvedbinary.jnibench.jmhbench.PutFFMBenchmark.putFromMemorySegment","sample",1,3471968,1114.652192,3.802044,"ns/op",1024,1,17,none,32768
"com.evolvedbinary.jnibench.jmhbench.PutFFMBenchmark.putFromMemorySegment:putFromMemorySegment·p0.00","sample",1,1,333.000000,NaN,"ns/op",1024,1,17,none,32768
"com.evolvedbinary.jnibench.jmhbench.PutFFMBenchmark.putFromMemorySegment:putFromMemorySegment·p0.50","sample",1,1,1250.000000,NaN,"ns/op",1024,1,17,none,32768
"com.evolvedbinary.jnibench.jmhbench.PutFFMBenchmark.putFromMemorySegment:putFromMemorySegment·p0.90","sample",1,1,1500.000000,NaN,"ns/op",1024,1,17,none,32768
"com.evolvedbinary.jnibench.jmhbench.PutFFMBenchmark.putFromMemorySegment:putFromMemorySegment·p0.95","sample",1,1,1500.000000,NaN,"ns/op",1024,1,17,none,32768
"com.evolvedbinary.jnibench.jmhbench.PutFFMBenchmark.putFromMemorySegment:putFromMemorySegment·p0.99","sample",1,1,1582.000000,NaN,"ns/op",1024,1,17,none,32768
"com.evolvedbinary.jnibench.jmhbench.PutFFMBenchmark.putFromMemorySegment:putFromMemorySegment·p0.999","sample",1,1,5704.000000,NaN,"ns/op",1024,1,17,none,32768
"com.evolvedbinary.jnibench.jmhbench.PutFFMBenchmark.putFromMemorySegment:putFromMemorySegment·p0.9999","sample",1,1,22233.699200,NaN,"ns/op",1024,1,17,none,32768
"com.evolvedbinary.jnibench.jmhbench.PutFFMBenchmark.putFromMemorySegment:putFromMemorySegment·p1.00","sample",1,1,3006464.000000,NaN,"ns/op",1024,1,17,none,32768
"com.evolvedbinary.jnibench.jmhbench.PutFFMBenchmark.putFromMemorySegment","sample",1,3544966,2011.392192,3.404031,"ns/op",1024,1,17,none,65536
"com.evolvedbinary.jnibench.jmhbench.PutFFMBenchmark.putFromMemorySegment:putFromMemorySegment·p0.00","sample",1,1,833.000000,NaN,"ns/op",1024,1,17,none,65536
"com.evolvedbinary.jnibench.jmhbench.PutFFMBenchmark.putFromMemorySegment:putFromMemorySegment·p0.50","sample",1,1,1500.000000,NaN,"ns/op",1024,1,17,none,65536
"com.evolvedbinary.jnibench.jmhbench.PutFFMBenchmark.putFromMemorySegment:putFromMemorySegment·p0.90","sample",1,1,2748.000000,NaN,"ns/op",1024,1,17,none,65536
"com.evolvedbinary.jnibench.jmhbench.PutFFMBenchmark.putFromMemorySegment:putFromMemorySegment·p0.95","sample",1,1,2792.000000,NaN,"ns/op",1024,1,17,none,65536
"com.evolvedbinary.jnibench.jmhbench.PutFFMBenchmark.putFromMemorySegment:putFromMemorySegment·p0.99","sample",1,1,2956.000000,NaN,"ns/op",1024,1,17,none,65536
"com.evolvedbinary.jnibench.jmhbench.PutFFMBenchmark.putFromMemorySegment:putFromMemorySegment·p0.999","sample",1,1,8000.000000,NaN,"ns/op",1024,1,17,none,65536
"com.evolvedbinary.jnibench.jmhbench.PutFFMBenchmark.putFromMemorySegment:putFromMemorySegment·p0.9999","sample",1,1,30880.211200,NaN,"ns/op",1024,1,17,none,65536
"com.evolvedbinary.jnibench.jmhbench.PutFFMBenchmark.putFromMemorySegment:putFromMemorySegment·p1.00","sample",1,1,1787904.000000,NaN,"ns/op",1024,1,17,none,65536
"com.evolvedbinary.jnibench.jmhbench.PutFFMBenchmark.putFromMemorySegment","sample",1,3501074,96.094427,1.388548,"ns/op",1024,1,17,copyin,10
"com.evolvedbinary.jnibench.jmhbench.PutFFMBenchmark.putFromMemorySegment:putFromMemorySegment·p0.00","sample",1,1,0.000000,NaN,"ns/op",1024,1,17,copyin,10
"com.evolvedbinary.jnibench.jmhbench.PutFFMBenchmark.putFromMemorySegment:putFromMemorySegment·p0.50","sample",1,1,83.000000,NaN,"ns/op",1024,1,17,copyin,10
"com.evolvedbinary.jnibench.jmhbench.PutFFMBenchmark.putFromMemorySegment:putFromMemorySegment·p0.90","sample",1,1,167.000000,NaN,"ns/op",1024,1,17,copyin,10
"com.evolvedbinary.jnibench.jmhbench.PutFFMBenchmark.putFromMemorySegment:putFromMemorySegment·p0.95","sample",1,1,291.000000,NaN,"ns/op",1024,1,17,copyin,10
"com.evolvedbinary.jnibench.jmhbench.PutFFMBenchmark.putFromMemorySegment:putFromMemorySegment·p0.99","sample",1,1,583.000000,NaN,"ns/op",1024,1,17,copyin,10
"com.evolvedbinary.jnibench.jmhbench.PutFFMBenchmark.putFromMemorySegment:putFromMemorySegment·p0.999","sample",1,1,959.000000,NaN,"ns/op",1024,1,17,copyin,10
"com.evolvedbinary.jnibench.jmhbench.PutFFMBenchmark.putFromMemorySegment:putFromMemorySegment·p0.9999","sample",1,1,8115.700000,NaN,"ns/op",1024,1,17,copyin,10
"com.evolvedbinary.jnibench.jmhbench.PutFFMBenchmark.putFromMemorySegment:putFromMemorySegment·p1.00","sample",1,1,1421312.000000,NaN,"ns/op",1024,1,17,copyin,10
"com.evolvedbinary.jnibench.jmhbench.PutFFMBenchmark.putFromMemorySegment","sample",1,3731563,84.831845,1.312039,"ns/op",1024,1,17,copyin,50
"com.evolvedbinary.jnibench.jmhbench.PutFFMBenchmark.putFromMemorySegment:putFromMemorySegment·p0.00","sample",1,1,0.000000,NaN,"ns/op",1024,1,17,copyin,50
"com.evolvedbinary.jnibench.jmhbench.PutFFMBenchmark.putFromMemorySegment:putFromMemorySegment·p0.50","sample",1,1,83.000000,NaN,"ns/op",1024,1,17,copyin,50
"com.evolvedbinary.jnibench.jmhbench.PutFFMBenchmark.putFromMemorySegment:putFromMemorySegment·p0.90","sample",1,1,125.000000,NaN,"ns/op",1024,1,17,copyin,50
"com.evolvedbinary.jnibench.jmhbench.PutFFMBenchmark.putFromMemorySegment:putFromMemorySegment·p0.95","sample",1,1,167.000000,NaN,"ns/op",1024,1,17,copyin,50
"com.evolvedbinary.jnibench.jmhbench.PutFFMBenchmark.putFromMemorySegment:putFromMemorySegment·p0.99","sample",1,1,375.000000,NaN,"ns/op",1024,1,17,copyin,50
"com.evolvedbinary.jnibench.jmhbench.PutFFMBenchmark.putFromMemorySegment:putFromMemorySegment·p0.999","sample",1,1,875.000000,NaN,"ns/op",1024,1,17,copyin,50
"com.evolvedbinary.jnibench.jmhbench.PutFFMBenchmark.putFromMemorySegment:putFromMemorySegment·p0.9999","sample",1,1,7872.000000,NaN,"ns/op",1024,1,17,copyin,50
"com.evolvedbinary.jnibench.jmhbench.PutFFMBenchmark.putFromMemorySegment:putFromMemorySegment·p1.00","sample",1,1,1429504.000000,NaN,"ns/op",1024,1,17,copyin,50
"com.evolvedbinary.jnibench.jmhbench.PutFFMBenchmark.putFromMemorySegment","sample",1,3488977,82.781796,1.549745,"ns/op",1024,1,17,copyin,512
"com.evolvedbinary.jnibench.jmhbench.PutFFMBenchmark.putFromMemorySegment:putFromMemorySegment·p0.00","sample",1,1,0.000000,NaN,"ns/op",1024,1,17,copyin,512
"com.evolvedbinary.jnibench.jmhbench.PutFFMBenchmark.putFromMemorySegment:putFromMemorySegment·p0.50","sample",1,1,83.000000,NaN,"ns/op",1024,1,17,copyin,512
"com.evolvedbinary.jnibench.jmhbench.PutFFMBenchmark.putFromMemorySegment:putFromMemorySegment·p0.90","sample",1,1,84.000000,NaN,"ns/op",1024,1,17,copyin,512
"com.evolvedbinary.jnibench.jmhbench.PutFFMBenchmark.putFromMemorySegment:putFromMemorySegment·p0.95","sample",1,1,84.000000,NaN,"ns/op",1024,1,17,copyin,512
"com.evolvedbinary.jnibench.jmhbench.PutFFMBenchmark.putFromMemorySegment:putFromMemorySegment·p0.99","sample",1,1,84.000000,NaN,"ns/op",1024,1,17,copyin,512
"com.evolvedbinary.jnibench.jmhbench.PutFFMBenchmark.putFromMemorySegment:putFromMemorySegment·p0.999","sample",1,1,791.000000,NaN,"ns/op",1024,1,17,copyin,512
"com.evolvedbinary.jnibench.jmhbench.PutFFMBenchmark.putFromMemorySegment:putFromMemorySegment·p0.9999","sample",1,1,7416.000000,NaN,"ns/op",1024,1,17,copyin,512
"com.evolvedbinary.jnibench.jmhbench.PutFFMBenchmark.putFromMemorySegment:putFromMemorySegment·p1.00","sample",1,1,1548288.000000,NaN,"ns/op",1024,1,17,copyin,512
"com.evolvedbinary.jnibench.jmhbench.PutFFMBenchmark.putFromMemorySegment","sample",1,3028432,94.117036,2.261426,"ns/op",1024,1,17,copyin,1024
"com.evolvedbinary.jnibench.jmhbench.PutFFMBenchmark.putFromMemorySegment:putFromMemorySegment·p0.00","sample",1,1,0.000000,NaN,"ns/op",1024,1,17,copyin,1024
"com.evolvedbinary.jnibench.jmhbench.PutFFMBenchmark.putFromMemorySegment:putFromMemorySegment·p0.50","sample",1,1,83.000000,NaN,"ns/op",1024,1,17,copyin,1024
"com.evolvedbinary.jnibench.jmhbench.PutFFMBenchmark.putFromMemorySegment:putFromMemorySegment·p0.90","sample",1,1,125.000000,NaN,"ns/op",1024,1,17,copyin,1024
"com.evolvedbinary.jnibench.jmhbench.PutFFMBenchmark.putFromMemorySegment:putFromMemorySegment·p0.95","sample",1,1,125.000000,NaN,"ns/op",1024,1,17,copyin,1024
"com.evolvedbinary.jnibench.jmhbench.PutFFMBenchmark.putFromMemorySegment:putFromMemorySegment·p0.99","sample",1,1,125.000000,NaN,"ns/op",1024,1,17,copyin,1024
"com.evolvedbinary.jnibench.jmhbench.PutFFMBenchmark.putFromMemorySegment:putFromMemorySegment·p0.999","sample",1,1,458.000000,NaN,"ns/op",1024,1,17,copyin,1024
"com.evolvedbinary.jnibench.jmhbench.PutFFMBenchmark.putFromMemorySegment:putFromMemorySegment·p0.9999","sample",1,1,7624.000000,NaN,"ns/op",1024,1,17,copyin,1024
"com.evolvedbinary.jnibench.jmhbench.PutFFMBenchmark.putFromMemorySegment:putFromMemorySegment·p1.00","sample",1,1,2052096.000000,NaN,"ns/op",1024,1,17,copyin,1024
"com.evolvedbinary.jnibench.jmhbench.PutFFMBenchmark.putFromMemorySegment","sample",1,3889512,226.031266,2.275063,"ns/op",1024,1,17,copyin,4096
"com.evolvedbinary.jnibench.jmhbench.PutFFMBenchmark.putFromMemorySegment:putFromMemorySegment·p0.00","sample",1,1,41.000000,NaN,"ns/op",1024,1,17,copyin,4096
"com.evolvedbinary.jnibench.jmhbench.PutFFMBenchmark.putFromMemorySegment:putFromMemorySegment·p0.50","sample",1,1,208.000000,NaN,"ns/op",1024,1,17,copyin,4096
"com.evolvedbinary.jnibench.jmhbench.PutFFMBenchmark.putFromMemorySegment:putFromMemorySegment·p0.90","sample",1,1,333.000000,NaN,"ns/op",1024,1,17,copyin,4096
"com.evolvedbinary.jnibench.jmhbench.PutFFMBenchmark.putFromMemorySegment:putFromMemorySegment·p0.95","sample",1,1,333.000000,NaN,"ns/op",1024,1,17,copyin,4096
"com.evolvedbinary.jnibench.jmhbench.PutFFMBenchmark.putFromMemorySegment:putFromMemorySegment·p0.99","sample",1,1,375.000000,NaN,"ns/op",1024,1,17,copyin,4096
"com.evolvedbinary.jnibench.jmhbench.PutFFMBenchmark.putFromMemorySegment:putFromMemorySegment·p0.999","sample",1,1,1584.000000,NaN,"ns/op",1024,1,17,copyin,4096
"com.evolvedbinary.jnibench.jmhbench.PutFFMBenchmark.putFromMemorySegment:putFromMemorySegment·p0.9999","sample",1,1,8576.000000,NaN,"ns/op",1024,1,17,copyin,4096
"com.evolvedbinary.jnibench.jmhbench.PutFFMBenchmark.putFromMemorySegment:putFromMemorySegment·p1.00","sample",1,1,1609728.000000,NaN,"ns/op",1024,1,17,copyin,4096
"com.evolvedbinary.jnibench.jmhbench.PutFFMBenchmark.putFromMemorySegment","sample",1,3119008,387.200387,2.338597,"ns/op",1024,1,17,copyin,8192
"com.evolvedbinary.jnibench.jmhbench.PutFFMBenchmark.putFromMemorySegment:putFromMemorySegment·p0.00","sample",1,1,41.000000,NaN,"ns/op",1024,1,17,copyin,8192
"com.evolvedbinary.jnibench.jmhbench.PutFFMBenchmark.putFromMemorySegment:putFromMemorySegment·p0.50","sample",1,1,375.000000,NaN,"ns/op",1024,1,17,copyin,8192
"com.evolvedbinary.jnibench.jmhbench.PutFFMBenchmark.putFromMemorySegment:putFromMemorySegment·p0.90","sample",1,1,500.000000,NaN,"ns/op",1024,1,17,copyin,8192
"com.evolvedbinary.jnibench.jmhbench.PutFFMBenchmark.putFromMemorySegment:putFromMemorySegment·p0.95","sample",1,1,500.000000,NaN,"ns/op",1024,1,17,copyin,8192
"com.evolvedbinary.jnibench.jmhbench.PutFFMBenchmark.putFromMemorySegment:putFromMemorySegment·p0.99","sample",1,1,583.000000,NaN,"ns/op",1024,1,17,copyin,8192
"com.evolvedbinary.jnibench.jmhbench.PutFFMBenchmark.putFromMemorySegment:putFromMemorySegment·p0.999","sample",1,1,3208.000000,NaN,"ns/op",1024,1,17,copyin,8192
"com.evolvedbinary.jnibench.jmhbench.PutFFMBenchmark.putFromMemorySegment:putFromMemorySegment·p0.9999","sample",1,1,12736.000000,NaN,"ns/op",1024,1,17,copyin,8192
"com.evolvedbinary.jnibench.jmhbench.PutFFMBenchmark.putFromMemorySegment:putFromMemorySegment·p1.00","sample",1,1,1570816.000000,NaN,"ns/op",1024,1,17,copyin,8192
"com.evolvedbinary.jnibench.jmhbench.PutFFMBenchmark.putFromMemorySegment","sample",1,3736324,891.867361,0.709930,"ns/op",1024,1,17,copyin,16384
"com.evolvedbinary.jnibench.jmhbench.PutFFMBenchmark.putFromMemorySegment:putFromMemorySegment·p0.00","sample",1,1,125.000000,NaN,"ns/op",1024,1,17,copyin,16384
"com.evolvedbinary.jnibench.jmhbench.PutFFMBenchmark.putFromMemorySegment:putFromMemorySegment·p0.50","sample",1,1,875.000000,NaN,"ns/op",1024,1,17,copyin,16384
"com.evolvedbinary.jnibench.jmhbench.PutFFMBenchmark.putFromMemorySegment:putFromMemorySegment·p0.90","sample",1,1,1124.000000,NaN,"ns/op",1024,1,17,copyin,16384
"com.evolvedbinary.jnibench.jmhbench.PutFFMBenchmark.putFromMemorySegment:putFromMemorySegment·p0.95","sample",1,1,1166.000000,NaN,"ns/op",1024,1,17,copyin,16384
"com.evolvedbinary.jnibench.jmhbench.PutFFMBenchmark.putFromMemorySegment:putFromMemorySegment·p0.99","sample",1,1,1208.000000,NaN,"ns/op",1024,1,17,copyin,16384
"com.evolvedbinary.jnibench.jmhbench.PutFFMBenchmark.putFromMemorySegment:putFromMemorySegment·p0.999","sample",1,1,4248.000000,NaN,"ns/op",1024,1,17,copyin,16384
"com.evolvedbinary.jnibench.jmhbench.PutFFMBenchmark.putFromMemorySegment:putFromMemorySegment·p0.9999","sample",1,1,15297.640000,NaN,"ns/op",1024,1,17,copyin,16384
"com.evolvedbinary.jnibench.jmhbench.PutFFMBenchmark.putFromMemorySegment:putFromMemorySegment·p1.00","sample",1,1,92800.000000,NaN,"ns/op",1024,1,17,copyin,16384
"com.evolvedbinary.jnibench.jmhbench.PutFFMBenchmark.putFromMemorySegment","sample",1,3481004,1593.601046,1.087653,"ns/op",1024,1,17,copyin,32768
"com.evolvedbinary.jnibench.jmhbench.PutFFMBenchmark.putFromMemorySegment:putFromMemorySegment·p0.00","sample",1,1,666.000000,NaN,"ns/op",1024,1,17,copyin,32768
"com.evolvedbinary.jnibench.jmhbench.PutFFMBenchmark.putFromMemorySegment:putFromMemorySegment·p0.50","sample",1,1,1666.000000,NaN,"ns/op",1024,1,17,copyin,32768
"com.evolvedbinary.jnibench.jmhbench.PutFFMBenchmark.putFromMemorySegment:putFromMemorySegment·p0.90","sample",1,1,2084.000000,NaN,"ns/op",1024,1,17,copyin,32768
"com.evolvedbinary.jnibench.jmhbench.PutFFMBenchmark.putFromMemorySegment:putFromMemorySegment·p0.95","sample",1,1,2124.000000,NaN,"ns/op",1024,1,17,copyin,32768
"com.evolvedbinary.jnibench.jmhbench.PutFFMBenchmark.putFromMemorySegment:putFromMemorySegment·p0.99","sample",1,1,2164.000000,NaN,"ns/op",1024,1,17,copyin,32768
"com.evolvedbinary.jnibench.jmhbench.PutFFMBenchmark.putFromMemorySegment:putFromMemorySegment·p0.999","sample",1,1,6624.000000,NaN,"ns/op",1024,1,17,copyin,32768
"com.evolvedbinary.jnibench.jmhbench.PutFFMBenchmark.putFromMemorySegment:putFromMemorySegment·p0.9999","sample",1,1,20985.568000,NaN,"ns/op",1024,1,17,copyin,32768
"com.evolvedbinary.jnibench.jmhbench.PutFFMBenchmark.putFromMemorySegment:putFromMemorySegment·p1.00","sample",1,1,183552.000000,NaN,"ns/op",1024,1,17,copyin,32768
"com.evolvedbinary.jnibench.jmhbench.PutFFMBenchmark.putFromMemorySegment","sample",1,3260430,3265.145675,11.812329,"ns/op",1024,1,17,copyin,65536
"com.evolvedbinary.jnibench.jmhbench.PutFFMBenchmark.putFromMemorySegment:putFromMemorySegment·p0.00","sample",1,1,2208.000000,NaN,"ns/op",1024,1,17,copyin,65536
"com.evolvedbinary.jnibench.jmhbench.PutFFMBenchmark.putFromMemorySegment:putFromMemorySegment·p0.50","sample",1,1,3248.000000,NaN,"ns/op",1024,1,17,copyin,65536
"com.evolvedbinary.jnibench.jmhbench.PutFFMBenchmark.putFromMemorySegment:putFromMemorySegment·p0.90","sample",1,1,3624.000000,NaN,"ns/op",1024,1,17,copyin,65536
"com.evolvedbinary.jnibench.jmhbench.PutFFMBenchmark.putFromMemorySegment:putFromMemorySegment·p0.95","sample",1,1,3748.000000,NaN,"ns/op",1024,1,17,copyin,65536
"com.evolvedbinary.jnibench.jmhbench.PutFFMBenchmark.putFromMemorySegment:putFromMemorySegment·p0.99","sample",1,1,4160.000000,NaN,"ns/op",1024,1,17,copyin,65536
"com.evolvedbinary.jnibench.jmhbench.PutFFMBenchmark.putFromMemorySegment:putFromMemorySegment·p0.999","sample",1,1,9616.000000,NaN,"ns/op",1024,1,17,copyin,65536
"com.evolvedbinary.jnibench.jmhbench.PutFFMBenchmark.putFromMemorySegment:putFromMemorySegment·p0.9999","sample",1,1,38589.241600,NaN,"ns/op",1024,1,17,copyin,65536
"com.evolvedbinary.jnibench.jmhbench.PutFFMBenchmark.putFromMemorySegment:putFromMemorySegment·p1.00","sample",1,1,7561216.000000,NaN,"ns/op",1024,1,17,copyin,65536
"com.evolvedbinary.jnibench.jmhbench.PutJNIBenchmark.putFromByteArrayCritical","sample",1,3591680,291.747230,0.493169,"ns/op",1024,1,17,none,10
"com.evolvedbinary.jnibench.jmhbench.PutJNIBenchmark.putFromByteArrayCritical:putFromByteArrayCritical·p0.00","sample",1,1,41.000000,NaN,"ns/op",1024,1,17,none,10
"com.evolvedbinary.jnibench.jmhbench.PutJNIBenchmark.putFromByteArrayCritical:putFromByteArrayCritical·p0.50","sample",1,1,292.000000,NaN,"ns/op",1024,1,17,none,10
"com.evolvedbinary.jnibench.jmhbench.PutJNIBenchmark.putFromByteArrayCritical:putFromByteArrayCritical·p0.90","sample",1,1,292.000000,NaN,"ns/op",1024,1,17,none,10
"com.evolvedbinary.jnibench.jmhbench.PutJNIBenchmark.putFromByteArrayCritical:putFromByteArrayCritical·p0.95","sample",1,1,292.000000,NaN,"ns/op",1024,1,17,none,10
"com.evolvedbinary.jnibench.jmhbench.PutJNIBenchmark.putFromByteArrayCritical:putFromByteArrayCritical·p0.99","sample",1,1,333.000000,NaN,"ns/op",1024,1,17,none,10
"com.evolvedbinary.jnibench.jmhbench.PutJNIBenchmark.putFromByteArrayCritical:putFromByteArrayCritical·p0.999","sample",1,1,2164.000000,NaN,"ns/op",1024,1,17,none,10
"com.evolvedbinary.jnibench.jmhbench.PutJNIBenchmark.putFromByteArrayCritical:putFromByteArrayCritical·p0.9999","sample",1,1,9696.000000,NaN,"ns/op",1024,1,17,none,10
"com.evolvedbinary.jnibench.jmhbench.PutJNIBenchmark.putFromByteArrayCritical:putFromByteArrayCritical·p1.00","sample",1,1,81536.000000,NaN,"ns/op",1024,1,17,none,10
"com.evolvedbinary.jnibench.jmhbench.PutJNIBenchmark.putFromByteArrayCritical","sample",1,3562760,293.869845,0.560609,"ns/op",1024,1,17,none,50
"com.evolvedbinary.jnibench.jmhbench.PutJNIBenchmark.putFromByteArrayCritical:putFromByteArrayCritical·p0.00","sample",1,1,41.000000,NaN,"ns/op",1024,1,17,none,50
"com.evolvedbinary.jnibench.jmhbench.PutJNIBenchmark.putFromByteArrayCritical:putFromByteArrayCritical·p0.50","sample",1,1,292.000000,NaN,"ns/op",1024,1,17,none,50
"com.evolvedbinary.jnibench.jmhbench.PutJNIBenchmark.putFromByteArrayCritical:putFromByteArrayCritical·p0.90","sample",1,1,292.000000,NaN,"ns/op",1024,1,17,none,50
"com.evolvedbinary.jnibench.jmhbench.PutJNIBenchmark.putFromByteArrayCritical:putFromByteArrayCritical·p0.95","sample",1,1,292.000000,NaN,"ns/op",1024,1,17,none,50
"com.evolvedbinary.jnibench.jmhbench.PutJNIBenchmark.putFromByteArrayCritical:putFromByteArrayCritical·p0.99","sample",1,1,334.000000,NaN,"ns/op",1024,1,17,none,50
"com.evolvedbinary.jnibench.jmhbench.PutJNIBenchmark.putFromByteArrayCritical:putFromByteArrayCritical·p0.999","sample",1,1,2164.000000,NaN,"ns/op",1024,1,17,none,50
"com.evolvedbinary.jnibench.jmhbench.PutJNIBenchmark.putFromByteArrayCritical:putFromByteArrayCritical·p0.9999","sample",1,1,10032.000000,NaN,"ns/op",1024,1,17,none,50
"com.evolvedbinary.jnibench.jmhbench.PutJNIBenchmark.putFromByteArrayCritical:putFromByteArrayCritical·p1.00","sample",1,1,332800.000000,NaN,"ns/op",1024,1,17,none,50
"com.evolvedbinary.jnibench.jmhbench.PutJNIBenchmark.putFromByteArrayCritical","sample",1,3513256,299.000406,2.114169,"ns/op",1024,1,17,none,512
"com.evolvedbinary.jnibench.jmhbench.PutJNIBenchmark.putFromByteArrayCritical:putFromByteArrayCritical·p0.00","sample",1,1,41.000000,NaN,"ns/op",1024,1,17,none,512
"com.evolvedbinary.jnibench.jmhbench.PutJNIBenchmark.putFromByteArrayCritical:putFromByteArrayCritical·p0.50","sample",1,1,292.000000,NaN,"ns/op",1024,1,17,none,512
"com.evolvedbinary.jnibench.jmhbench.PutJNIBenchmark.putFromByteArrayCritical:putFromByteArrayCritical·p0.90","sample",1,1,292.000000,NaN,"ns/op",1024,1,17,none,512
"com.evolvedbinary.jnibench.jmhbench.PutJNIBenchmark.putFromByteArrayCritical:putFromByteArrayCritical·p0.95","sample",1,1,292.000000,NaN,"ns/op",1024,1,17,none,512
"com.evolvedbinary.jnibench.jmhbench.PutJNIBenchmark.putFromByteArrayCritical:putFromByteArrayCritical·p0.99","sample",1,1,334.000000,NaN,"ns/op",1024,1,17,none,512
"com.evolvedbinary.jnibench.jmhbench.PutJNIBenchmark.putFromByteArrayCritical:putFromByteArrayCritical·p0.999","sample",1,1,2164.000000,NaN,"ns/op",1024,1,17,none,512
"com.evolvedbinary.jnibench.jmhbench.PutJNIBenchmark.putFromByteArrayCritical:putFromByteArrayCritical·p0.9999","sample",1,1,11280.000000,NaN,"ns/op",1024,1,17,none,512
"com.evolvedbinary.jnibench.jmhbench.PutJNIBenchmark.putFromByteArrayCritical:putFromByteArrayCritical·p1.00","sample",1,1,2134016.000000,NaN,"ns/op",1024,1,17,none,512
"com.evolvedbinary.jnibench.jmhbench.PutJNIBenchmark.putFromByteArrayCritical","sample",1,3437410,306.909947,5.924854,"ns/op",1024,1,17,none,1024
"com.evolvedbinary.jnibench.jmhbench.PutJNIBenchmark.putFromByteArrayCritical:putFromByteArrayCritical·p0.00","sample",1,1,41.000000,NaN,"ns/op",1024,1,17,none,1024
"com.evolvedbinary.jnibench.jmhbench.PutJNIBenchmark.putFromByteArrayCritical:putFromByteArrayCritical·p0.50","sample",1,1,292.000000,NaN,"ns/op",1024,1,17,none,1024
"com.evolvedbinary.jnibench.jmhbench.PutJNIBenchmark.putFromByteArrayCritical:putFromByteArrayCritical·p0.90","sample",1,1,333.000000,NaN,"ns/op",1024,1,17,none,1024
"com.evolvedbinary.jnibench.jmhbench.PutJNIBenchmark.putFromByteArrayCritical:putFromByteArrayCritical·p0.95","sample",1,1,333.000000,NaN,"ns/op",1024,1,17,none,1024
"com.evolvedbinary.jnibench.jmhbench.PutJNIBenchmark.putFromByteArrayCritical:putFromByteArrayCritical·p0.99","sample",1,1,334.000000,NaN,"ns/op",1024,1,17,none,1024
"com.evolvedbinary.jnibench.jmhbench.PutJNIBenchmark.putFromByteArrayCritical:putFromByteArrayCritical·p0.999","sample",1,1,2040.000000,NaN,"ns/op",1024,1,17,none,1024
"com.evolvedbinary.jnibench.jmhbench.PutJNIBenchmark.putFromByteArrayCritical:putFromByteArrayCritical·p0.9999","sample",1,1,10100.712000,NaN,"ns/op",1024,1,17,none,1024
"com.evolvedbinary.jnibench.jmhbench.PutJNIBenchmark.putFromByteArrayCritical:putFromByteArrayCritical·p1.00","sample",1,1,5079040.000000,NaN,"ns/op",1024,1,17,none,1024
"com.evolvedbinary.jnibench.jmhbench.PutJNIBenchmark.putFromByteArrayCritical","sample",1,2872217,389.622573,1.979962,"ns/op",1024,1,17,none,4096
"com.evolvedbinary.jnibench.jmhbench.PutJNIBenchmark.putFromByteArrayCritical:putFromByteArrayCritical·p0.00","sample",1,1,41.000000,NaN,"ns/op",1024,1,17,none,4096
"com.evolvedbinary.jnibench.jmhbench.PutJNIBenchmark.putFromByteArrayCritical:putFromByteArrayCritical·p0.50","sample",1,1,375.000000,NaN,"ns/op",1024,1,17,none,4096
"com.evolvedbinary.jnibench.jmhbench.PutJNIBenchmark.putFromByteArrayCritical:putFromByteArrayCritical·p0.90","sample",1,1,500.000000,NaN,"ns/op",1024,1,17,none,4096
"com.evolvedbinary.jnibench.jmhbench.PutJNIBenchmark.putFromByteArrayCritical:putFromByteArrayCritical·p0.95","sample",1,1,500.000000,NaN,"ns/op",1024,1,17,none,4096
"com.evolvedbinary.jnibench.jmhbench.PutJNIBenchmark.putFromByteArrayCritical:putFromByteArrayCritical·p0.99","sample",1,1,542.000000,NaN,"ns/op",1024,1,17,none,4096
"com.evolvedbinary.jnibench.jmhbench.PutJNIBenchmark.putFromByteArrayCritical:putFromByteArrayCritical·p0.999","sample",1,1,3208.000000,NaN,"ns/op",1024,1,17,none,4096
"com.evolvedbinary.jnibench.jmhbench.PutJNIBenchmark.putFromByteArrayCritical:putFromByteArrayCritical·p0.9999","sample",1,1,14558.256000,NaN,"ns/op",1024,1,17,none,4096
"com.evolvedbinary.jnibench.jmhbench.PutJNIBenchmark.putFromByteArrayCritical:putFromByteArrayCritical·p1.00","sample",1,1,1515520.000000,NaN,"ns/op",1024,1,17,none,4096
"com.evolvedbinary.jnibench.jmhbench.PutJNIBenchmark.putFromByteArrayCritical","sample",1,4313820,474.665331,0.530593,"ns/op",1024,1,17,none,8192
"com.evolvedbinary.jnibench.jmhbench.PutJNIBenchmark.putFromByteArrayCritical:putFromByteArrayCritical·p0.00","sample",1,1,83.000000,NaN,"ns/op",1024,1,17,none,8192
"com.evolvedbinary.jnibench.jmhbench.PutJNIBenchmark.putFromByteArrayCritical:putFromByteArrayCritical·p0.50","sample",1,1,458.000000,NaN,"ns/op",1024,1,17,none,8192
"com.evolvedbinary.jnibench.jmhbench.PutJNIBenchmark.putFromByteArrayCritical:putFromByteArrayCritical·p0.90","sample",1,1,583.000000,NaN,"ns/op",1024,1,17,none,8192
"com.evolvedbinary.jnibench.jmhbench.PutJNIBenchmark.putFromByteArrayCritical:putFromByteArrayCritical·p0.95","sample",1,1,625.000000,NaN,"ns/op",1024,1,17,none,8192
"com.evolvedbinary.jnibench.jmhbench.PutJNIBenchmark.putFromByteArrayCritical:putFromByteArrayCritical·p0.99","sample",1,1,709.000000,NaN,"ns/op",1024,1,17,none,8192
"com.evolvedbinary.jnibench.jmhbench.PutJNIBenchmark.putFromByteArrayCritical:putFromByteArrayCritical·p0.999","sample",1,1,2500.000000,NaN,"ns/op",1024,1,17,none,8192
"com.evolvedbinary.jnibench.jmhbench.PutJNIBenchmark.putFromByteArrayCritical:putFromByteArrayCritical·p0.9999","sample",1,1,11280.000000,NaN,"ns/op",1024,1,17,none,8192
"com.evolvedbinary.jnibench.jmhbench.PutJNIBenchmark.putFromByteArrayCritical:putFromByteArrayCritical·p1.00","sample",1,1,184832.000000,NaN,"ns/op",1024,1,17,none,8192
"com.evolvedbinary.jnibench.jmhbench.PutJNIBenchmark.putFromByteArrayCritical","sample",1,4036160,939.714026,2.637329,"ns/op",1024,1,17,none,16384
"com.evolvedbinary.jnibench.jmhbench.PutJNIBenchmark.putFromByteArrayCritical:putFromByteArrayCritical·p0.00","sample",1,1,458.000000,NaN,"ns/op",1024,1,17,none,16384
"com.evolvedbinary.jnibench.jmhbench.PutJNIBenchmark.putFromByteArrayCritical:putFromByteArrayCritical·p0.50","sample",1,1,1082.000000,NaN,"ns/op",1024,1,17,none,16384
"com.evolvedbinary.jnibench.jmhbench.PutJNIBenchmark.putFromByteArrayCritical:putFromByteArrayCritical·p0.90","sample",1,1,1084.000000,NaN,"ns/op",1024,1,17,none,16384
"com.evolvedbinary.jnibench.jmhbench.PutJNIBenchmark.putFromByteArrayCritical:putFromByteArrayCritical·p0.95","sample",1,1,1124.000000,NaN,"ns/op",1024,1,17,none,16384
"com.evolvedbinary.jnibench.jmhbench.PutJNIBenchmark.putFromByteArrayCritical:putFromByteArrayCritical·p0.99","sample",1,1,1208.000000,NaN,"ns/op",1024,1,17,none,16384
"com.evolvedbinary.jnibench.jmhbench.PutJNIBenchmark.putFromByteArrayCritical:putFromByteArrayCritical·p0.999","sample",1,1,4416.000000,NaN,"ns/op",1024,1,17,none,16384
"com.evolvedbinary.jnibench.jmhbench.PutJNIBenchmark.putFromByteArrayCritical:putFromByteArrayCritical·p0.9999","sample",1,1,16952.569600,NaN,"ns/op",1024,1,17,none,16384
"com.evolvedbinary.jnibench.jmhbench.PutJNIBenchmark.putFromByteArrayCritical:putFromByteArrayCritical·p1.00","sample",1,1,3100672.000000,NaN,"ns/op",1024,1,17,none,16384
"com.evolvedbinary.jnibench.jmhbench.PutJNIBenchmark.putFromByteArrayCritical","sample",1,3279921,1423.670203,1.106204,"ns/op",1024,1,17,none,32768
"com.evolvedbinary.jnibench.jmhbench.PutJNIBenchmark.putFromByteArrayCritical:putFromByteArrayCritical·p0.00","sample",1,1,667.000000,NaN,"ns/op",1024,1,17,none,32768
"com.evolvedbinary.jnibench.jmhbench.PutJNIBenchmark.putFromByteArrayCritical:putFromByteArrayCritical·p0.50","sample",1,1,1708.000000,NaN,"ns/op",1024,1,17,none,32768
"com.evolvedbinary.jnibench.jmhbench.PutJNIBenchmark.putFromByteArrayCritical:putFromByteArrayCritical·p0.90","sample",1,1,1750.000000,NaN,"ns/op",1024,1,17,none,32768
"com.evolvedbinary.jnibench.jmhbench.PutJNIBenchmark.putFromByteArrayCritical:putFromByteArrayCritical·p0.95","sample",1,1,1750.000000,NaN,"ns/op",1024,1,17,none,32768
"com.evolvedbinary.jnibench.jmhbench.PutJNIBenchmark.putFromByteArrayCritical:putFromByteArrayCritical·p0.99","sample",1,1,1916.000000,NaN,"ns/op",1024,1,17,none,32768
"com.evolvedbinary.jnibench.jmhbench.PutJNIBenchmark.putFromByteArrayCritical:putFromByteArrayCritical·p0.999","sample",1,1,6368.000000,NaN,"ns/op",1024,1,17,none,32768
"com.evolvedbinary.jnibench.jmhbench.PutJNIBenchmark.putFromByteArrayCritical:putFromByteArrayCritical·p0.9999","sample",1,1,19040.000000,NaN,"ns/op",1024,1,17,none,32768
"com.evolvedbinary.jnibench.jmhbench.PutJNIBenchmark.putFromByteArrayCritical:putFromByteArrayCritical·p1.00","sample",1,1,149760.000000,NaN,"ns/op",1024,1,17,none,32768
"com.evolvedbinary.jnibench.jmhbench.PutJNIBenchmark.putFromByteArrayCritical","sample",1,3336762,2356.594647,2.970316,"ns/op",1024,1,17,none,65536
"com.evolvedbinary.jnibench.jmhbench.PutJNIBenchmark.putFromByteArrayCritical:putFromByteArrayCritical·p0.00","sample",1,1,1208.000000,NaN,"ns/op",1024,1,17,none,65536
"com.evolvedbinary.jnibench.jmhbench.PutJNIBenchmark.putFromByteArrayCritical:putFromByteArrayCritical·p0.50","sample",1,1,2956.000000,NaN,"ns/op",1024,1,17,none,65536
"com.evolvedbinary.jnibench.jmhbench.PutJNIBenchmark.putFromByteArrayCritical:putFromByteArrayCritical·p0.90","sample",1,1,3000.000000,NaN,"ns/op",1024,1,17,none,65536
"com.evolvedbinary.jnibench.jmhbench.PutJNIBenchmark.putFromByteArrayCritical:putFromByteArrayCritical·p0.95","sample",1,1,3040.000000,NaN,"ns/op",1024,1,17,none,65536
"com.evolvedbinary.jnibench.jmhbench.PutJNIBenchmark.putFromByteArrayCritical:putFromByteArrayCritical·p0.99","sample",1,1,3248.000000,NaN,"ns/op",1024,1,17,none,65536
"com.evolvedbinary.jnibench.jmhbench.PutJNIBenchmark.putFromByteArrayCritical:putFromByteArrayCritical·p0.999","sample",1,1,9072.000000,NaN,"ns/op",1024,1,17,none,65536
"com.evolvedbinary.jnibench.jmhbench.PutJNIBenchmark.putFromByteArrayCritical:putFromByteArrayCritical·p0.9999","sample",1,1,35793.017600,NaN,"ns/op",1024,1,17,none,65536
"com.evolvedbinary.jnibench.jmhbench.PutJNIBenchmark.putFromByteArrayCritical:putFromByteArrayCritical·p1.00","sample",1,1,2469888.000000,NaN,"ns/op",1024,1,17,none,65536
"com.evolvedbinary.jnibench.jmhbench.PutJNIBenchmark.putFromByteArrayCritical","sample",1,3534278,296.049311,3.708611,"ns/op",1024,1,17,copyin,10
"com.evolvedbinary.jnibench.jmhbench.PutJNIBenchmark.putFromByteArrayCritical:putFromByteArrayCritical·p0.00","sample",1,1,41.000000,NaN,"ns/op",1024,1,17,copyin,10
"com.evolvedbinary.jnibench.jmhbench.PutJNIBenchmark.putFromByteArrayCritical:putFromByteArrayCritical·p0.50","sample",1,1,292.000000,NaN,"ns/op",1024,1,17,copyin,10
"com.evolvedbinary.jnibench.jmhbench.PutJNIBenchmark.putFromByteArrayCritical:putFromByteArrayCritical·p0.90","sample",1,1,292.000000,NaN,"ns/op",1024,1,17,copyin,10
"com.evolvedbinary.jnibench.jmhbench.PutJNIBenchmark.putFromByteArrayCritical:putFromByteArrayCritical·p0.95","sample",1,1,292.000000,NaN,"ns/op",1024,1,17,copyin,10
"com.evolvedbinary.jnibench.jmhbench.PutJNIBenchmark.putFromByteArrayCritical:putFromByteArrayCritical·p0.99","sample",1,1,334.000000,NaN,"ns/op",1024,1,17,copyin,10
"com.evolvedbinary.jnibench.jmhbench.PutJNIBenchmark.putFromByteArrayCritical:putFromByteArrayCritical·p0.999","sample",1,1,2124.000000,NaN,"ns/op",1024,1,17,copyin,10
"com.evolvedbinary.jnibench.jmhbench.PutJNIBenchmark.putFromByteArrayCritical:putFromByteArrayCritical·p0.9999","sample",1,1,9890.307200,NaN,"ns/op",1024,1,17,copyin,10
"com.evolvedbinary.jnibench.jmhbench.PutJNIBenchmark.putFromByteArrayCritical:putFromByteArrayCritical·p1.00","sample",1,1,3928064.000000,NaN,"ns/op",1024,1,17,copyin,10
"com.evolvedbinary.jnibench.jmhbench.PutJNIBenchmark.putFromByteArrayCritical","sample",1,3531087,296.324548,1.510555,"ns/op",1024,1,17,copyin,50
"com.evolvedbinary.jnibench.jmhbench.PutJNIBenchmark.putFromByteArrayCritical:putFromByteArrayCritical·p0.00","sample",1,1,41.000000,NaN,"ns/op",1024,1,17,copyin,50
"com.evolvedbinary.jnibench.jmhbench.PutJNIBenchmark.putFromByteArrayCritical:putFromByteArrayCritical·p0.50","sample",1,1,292.000000,NaN,"ns/op",1024,1,17,copyin,50
"com.evolvedbinary.jnibench.jmhbench.PutJNIBenchmark.putFromByteArrayCritical:putFromByteArrayCritical·p0.90","sample",1,1,292.000000,NaN,"ns/op",1024,1,17,copyin,50
"com.evolvedbinary.jnibench.jmhbench.PutJNIBenchmark.putFromByteArrayCritical:putFromByteArrayCritical·p0.95","sample",1,1,292.000000,NaN,"ns/op",1024,1,17,copyin,50
"com.evolvedbinary.jnibench.jmhbench.PutJNIBenchmark.putFromByteArrayCritical:putFromByteArrayCritical·p0.99","sample",1,1,334.000000,NaN,"ns/op",1024,1,17,copyin,50
"com.evolvedbinary.jnibench.jmhbench.PutJNIBenchmark.putFromByteArrayCritical:putFromByteArrayCritical·p0.999","sample",1,1,2208.000000,NaN,"ns/op",1024,1,17,copyin,50
"com.evolvedbinary.jnibench.jmhbench.PutJNIBenchmark.putFromByteArrayCritical:putFromByteArrayCritical·p0.9999","sample",1,1,11408.000000,NaN,"ns/op",1024,1,17,copyin,50
"com.evolvedbinary.jnibench.jmhbench.PutJNIBenchmark.putFromByteArrayCritical:putFromByteArrayCritical·p1.00","sample",1,1,1521664.000000,NaN,"ns/op",1024,1,17,copyin,50
"com.evolvedbinary.jnibench.jmhbench.PutJNIBenchmark.putFromByteArrayCritical","sample",1,3465257,300.973469,2.183431,"ns/op",1024,1,17,copyin,512
"com.evolvedbinary.jnibench.jmhbench.PutJNIBenchmark.putFromByteArrayCritical:putFromByteArrayCritical·p0.00","sample",1,1,41.000000,NaN,"ns/op",1024,1,17,copyin,512
"com.evolvedbinary.jnibench.jmhbench.PutJNIBenchmark.putFromByteArrayCritical:putFromByteArrayCritical·p0.50","sample",1,1,292.000000,NaN,"ns/op",1024,1,17,copyin,512
"com.evolvedbinary.jnibench.jmhbench.PutJNIBenchmark.putFromByteArrayCritical:putFromByteArrayCritical·p0.90","sample",1,1,292.000000,NaN,"ns/op",1024,1,17,copyin,512
"com.evolvedbinary.jnibench.jmhbench.PutJNIBenchmark.putFromByteArrayCritical:putFromByteArrayCritical·p0.95","sample",1,1,333.000000,NaN,"ns/op",1024,1,17,copyin,512
"com.evolvedbinary.jnibench.jmhbench.PutJNIBenchmark.putFromByteArrayCritical:putFromByteArrayCritical·p0.99","sample",1,1,334.000000,NaN,"ns/op",1024,1,17,copyin,512
"com.evolvedbinary.jnibench.jmhbench.PutJNIBenchmark.putFromByteArrayCritical:putFromByteArrayCritical·p0.999","sample",1,1,2124.000000,NaN,"ns/op",1024,1,17,copyin,512
"com.evolvedbinary.jnibench.jmhbench.PutJNIBenchmark.putFromByteArrayCritical:putFromByteArrayCritical·p0.9999","sample",1,1,11120.000000,NaN,"ns/op",1024,1,17,copyin,512
"com.evolvedbinary.jnibench.jmhbench.PutJNIBenchmark.putFromByteArrayCritical:putFromByteArrayCritical·p1.00","sample",1,1,2228224.000000,NaN,"ns/op",1024,1,17,copyin,512
"com.evolvedbinary.jnibench.jmhbench.PutJNIBenchmark.putFromByteArrayCritical","sample",1,3299557,314.475152,0.705963,"ns/op",1024,1,17,copyin,1024
"com.evolvedbinary.jnibench.jmhbench.PutJNIBenchmark.putFromByteArrayCritical:putFromByteArrayCritical·p0.00","sample",1,1,41.000000,NaN,"ns/op",1024,1,17,copyin,1024
"com.evolvedbinary.jnibench.jmhbench.PutJNIBenchmark.putFromByteArrayCritical:putFromByteArrayCritical·p0.50","sample",1,1,292.000000,NaN,"ns/op",1024,1,17,copyin,1024
"com.evolvedbinary.jnibench.jmhbench.PutJNIBenchmark.putFromByteArrayCritical:putFromByteArrayCritical·p0.90","sample",1,1,334.000000,NaN,"ns/op",1024,1,17,copyin,1024
"com.evolvedbinary.jnibench.jmhbench.PutJNIBenchmark.putFromByteArrayCritical:putFromByteArrayCritical·p0.95","sample",1,1,334.000000,NaN,"ns/op",1024,1,17,copyin,1024
"com.evolvedbinary.jnibench.jmhbench.PutJNIBenchmark.putFromByteArrayCritical:putFromByteArrayCritical·p0.99","sample",1,1,334.000000,NaN,"ns/op",1024,1,17,copyin,1024
"com.evolvedbinary.jnibench.jmhbench.PutJNIBenchmark.putFromByteArrayCritical:putFromByteArrayCritical·p0.999","sample",1,1,2292.000000,NaN,"ns/op",1024,1,17,copyin,1024
"com.evolvedbinary.jnibench.jmhbench.PutJNIBenchmark.putFromByteArrayCritical:putFromByteArrayCritical·p0.9999","sample",1,1,12656.000000,NaN,"ns/op",1024,1,17,copyin,1024
"com.evolvedbinary.jnibench.jmhbench.PutJNIBenchmark.putFromByteArrayCritical:putFromByteArrayCritical·p1.00","sample",1,1,420864.000000,NaN,"ns/op",1024,1,17,copyin,1024
"com.evolvedbinary.jnibench.jmhbench.PutJNIBenchmark.putFromByteArrayCritical","sample",1,4159611,433.406850,1.489781,"ns/op",1024,1,17,copyin,4096
"com.evolvedbinary.jnibench.jmhbench.PutJNIBenchmark.putFromByteArrayCritical:putFromByteArrayCritical·p0.00","sample",1,1,42.000000,NaN,"ns/op",1024,1,17,copyin,4096
"com.evolvedbinary.jnibench.jmhbench.PutJNIBenchmark.putFromByteArrayCritical:putFromByteArrayCritical·p0.50","sample",1,1,416.000000,NaN,"ns/op",1024,1,17,copyin,4096
"com.evolvedbinary.jnibench.jmhbench.PutJNIBenchmark.putFromByteArrayCritical:putFromByteArrayCritical·p0.90","sample",1,1,541.000000,NaN,"ns/op",1024,1,17,copyin,4096
"com.evolvedbinary.jnibench.jmhbench.PutJNIBenchmark.putFromByteArrayCritical:putFromByteArrayCritical·p0.95","sample",1,1,542.000000,NaN,"ns/op",1024,1,17,copyin,4096
"com.evolvedbinary.jnibench.jmhbench.PutJNIBenchmark.putFromByteArrayCritical:putFromByteArrayCritical·p0.99","sample",1,1,584.000000,NaN,"ns/op",1024,1,17,copyin,4096
"com.evolvedbinary.jnibench.jmhbench.PutJNIBenchmark.putFromByteArrayCritical:putFromByteArrayCritical·p0.999","sample",1,1,2748.000000,NaN,"ns/op",1024,1,17,copyin,4096
"com.evolvedbinary.jnibench.jmhbench.PutJNIBenchmark.putFromByteArrayCritical:putFromByteArrayCritical·p0.9999","sample",1,1,10784.000000,NaN,"ns/op",1024,1,17,copyin,4096
"com.evolvedbinary.jnibench.jmhbench.PutJNIBenchmark.putFromByteArrayCritical:putFromByteArrayCritical·p1.00","sample",1,1,1781760.000000,NaN,"ns/op",1024,1,17,copyin,4096
"com.evolvedbinary.jnibench.jmhbench.PutJNIBenchmark.putFromByteArrayCritical","sample",1,3682048,554.072790,0.550620,"ns/op",1024,1,17,copyin,8192
"com.evolvedbinary.jnibench.jmhbench.PutJNIBenchmark.putFromByteArrayCritical:putFromByteArrayCritical·p0.00","sample",1,1,83.000000,NaN,"ns/op",1024,1,17,copyin,8192
"com.evolvedbinary.jnibench.jmhbench.PutJNIBenchmark.putFromByteArrayCritical:putFromByteArrayCritical·p0.50","sample",1,1,541.000000,NaN,"ns/op",1024,1,17,copyin,8192
"com.evolvedbinary.jnibench.jmhbench.PutJNIBenchmark.putFromByteArrayCritical:putFromByteArrayCritical·p0.90","sample",1,1,666.000000,NaN,"ns/op",1024,1,17,copyin,8192
"com.evolvedbinary.jnibench.jmhbench.PutJNIBenchmark.putFromByteArrayCritical:putFromByteArrayCritical·p0.95","sample",1,1,667.000000,NaN,"ns/op",1024,1,17,copyin,8192
"com.evolvedbinary.jnibench.jmhbench.PutJNIBenchmark.putFromByteArrayCritical:putFromByteArrayCritical·p0.99","sample",1,1,750.000000,NaN,"ns/op",1024,1,17,copyin,8192
"com.evolvedbinary.jnibench.jmhbench.PutJNIBenchmark.putFromByteArrayCritical:putFromByteArrayCritical·p0.999","sample",1,1,3208.000000,NaN,"ns/op",1024,1,17,copyin,8192
"com.evolvedbinary.jnibench.jmhbench.PutJNIBenchmark.putFromByteArrayCritical:putFromByteArrayCritical·p0.9999","sample",1,1,12944.000000,NaN,"ns/op",1024,1,17,copyin,8192
"com.evolvedbinary.jnibench.jmhbench.PutJNIBenchmark.putFromByteArrayCritical:putFromByteArrayCritical·p1.00","sample",1,1,65216.000000,NaN,"ns/op",1024,1,17,copyin,8192
"com.evolvedbinary.jnibench.jmhbench.PutJNIBenchmark.putFromByteArrayCritical","sample",1,3687475,1091.045761,1.172323,"ns/op",1024,1,17,copyin,16384
"com.evolvedbinary.jnibench.jmhbench.PutJNIBenchmark.putFromByteArrayCritical:putFromByteArrayCritical·p0.00","sample",1,1,583.000000,NaN,"ns/op",1024,1,17,copyin,16384
"com.evolvedbinary.jnibench.jmhbench.PutJNIBenchmark.putFromByteArrayCritical:putFromByteArrayCritical·p0.50","sample",1,1,1208.000000,NaN,"ns/op",1024,1,17,copyin,16384
"com.evolvedbinary.jnibench.jmhbench.PutJNIBenchmark.putFromByteArrayCritical:putFromByteArrayCritical·p0.90","sample",1,1,1250.000000,NaN,"ns/op",1024,1,17,copyin,16384
"com.evolvedbinary.jnibench.jmhbench.PutJNIBenchmark.putFromByteArrayCritical:putFromByteArrayCritical·p0.95","sample",1,1,1290.000000,NaN,"ns/op",1024,1,17,copyin,16384
"com.evolvedbinary.jnibench.jmhbench.PutJNIBenchmark.putFromByteArrayCritical:putFromByteArrayCritical·p0.99","sample",1,1,1416.000000,NaN,"ns/op",1024,1,17,copyin,16384
"com.evolvedbinary.jnibench.jmhbench.PutJNIBenchmark.putFromByteArrayCritical:putFromByteArrayCritical·p0.999","sample",1,1,5040.000000,NaN,"ns/op",1024,1,17,copyin,16384
"com.evolvedbinary.jnibench.jmhbench.PutJNIBenchmark.putFromByteArrayCritical:putFromByteArrayCritical·p0.9999","sample",1,1,16832.000000,NaN,"ns/op",1024,1,17,copyin,16384
"com.evolvedbinary.jnibench.jmhbench.PutJNIBenchmark.putFromByteArrayCritical:putFromByteArrayCritical·p1.00","sample",1,1,942080.000000,NaN,"ns/op",1024,1,17,copyin,16384
"com.evolvedbinary.jnibench.jmhbench.PutJNIBenchmark.putFromByteArrayCritical","sample",1,3986611,1801.901280,1.794687,"ns/op",1024,1,17,copyin,32768
"com.evolvedbinary.jnibench.jmhbench.PutJNIBenchmark.putFromByteArrayCritical:putFromByteArrayCritical·p0.00","sample",1,1,1040.000000,NaN,"ns/op",1024,1,17,copyin,32768
"com.evolvedbinary.jnibench.jmhbench.PutJNIBenchmark.putFromByteArrayCritical:putFromByteArrayCritical·p0.50","sample",1,1,2040.000000,NaN,"ns/op",1024,1,17,copyin,32768
"com.evolvedbinary.jnibench.jmhbench.PutJNIBenchmark.putFromByteArrayCritical:putFromByteArrayCritical·p0.90","sample",1,1,2080.000000,NaN,"ns/op",1024,1,17,copyin,32768
"com.evolvedbinary.jnibench.jmhbench.PutJNIBenchmark.putFromByteArrayCritical:putFromByteArrayCritical·p0.95","sample",1,1,2084.000000,NaN,"ns/op",1024,1,17,copyin,32768
"com.evolvedbinary.jnibench.jmhbench.PutJNIBenchmark.putFromByteArrayCritical:putFromByteArrayCritical·p0.99","sample",1,1,2288.000000,NaN,"ns/op",1024,1,17,copyin,32768
"com.evolvedbinary.jnibench.jmhbench.PutJNIBenchmark.putFromByteArrayCritical:putFromByteArrayCritical·p0.999","sample",1,1,6576.000000,NaN,"ns/op",1024,1,17,copyin,32768
"com.evolvedbinary.jnibench.jmhbench.PutJNIBenchmark.putFromByteArrayCritical:putFromByteArrayCritical·p0.9999","sample",1,1,20928.000000,NaN,"ns/op",1024,1,17,copyin,32768
"com.evolvedbinary.jnibench.jmhbench.PutJNIBenchmark.putFromByteArrayCritical:putFromByteArrayCritical·p1.00","sample",1,1,1423360.000000,NaN,"ns/op",1024,1,17,copyin,32768
"com.evolvedbinary.jnibench.jmhbench.PutJNIBenchmark.putFromByteArrayCritical","sample",1,3248153,3081.725139,2.788605,"ns/op",1024,1,17,copyin,65536
"com.evolvedbinary.jnibench.jmhbench.PutJNIBenchmark.putFromByteArrayCritical:putFromByteArrayCritical·p0.00","sample",1,1,1874.000000,NaN,"ns/op",1024,1,17,copyin,65536
"com.evolvedbinary.jnibench.jmhbench.PutJNIBenchmark.putFromByteArrayCritical:putFromByteArrayCritical·p0.50","sample",1,1,3624.000000,NaN,"ns/op",1024,1,17,copyin,65536
"com.evolvedbinary.jnibench.jmhbench.PutJNIBenchmark.putFromByteArrayCritical:putFromByteArrayCritical·p0.90","sample",1,1,3664.000000,NaN,"ns/op",1024,1,17,copyin,65536
"com.evolvedbinary.jnibench.jmhbench.PutJNIBenchmark.putFromByteArrayCritical:putFromByteArrayCritical·p0.95","sample",1,1,3664.000000,NaN,"ns/op",1024,1,17,copyin,65536
"com.evolvedbinary.jnibench.jmhbench.PutJNIBenchmark.putFromByteArrayCritical:putFromByteArrayCritical·p0.99","sample",1,1,3916.000000,NaN,"ns/op",1024,1,17,copyin,65536
"com.evolvedbinary.jnibench.jmhbench.PutJNIBenchmark.putFromByteArrayCritical:putFromByteArrayCritical·p0.999","sample",1,1,10288.000000,NaN,"ns/op",1024,1,17,copyin,65536
"com.evolvedbinary.jnibench.jmhbench.PutJNIBenchmark.putFromByteArrayCritical:putFromByteArrayCritical·p0.9999","sample",1,1,38219.814400,NaN,"ns/op",1024,1,17,copyin,65536
"com.evolvedbinary.jnibench.jmhbench.PutJNIBenchmark.putFromByteArrayCritical:putFromByteArrayCritical·p1.00","sample",1,1,1869824.000000,NaN,"ns/op",1024,1,17,copyin,65536
"com.evolvedbinary.jnibench.jmhbench.PutJNIBenchmark.putFromByteArrayGetElements","sample",1,3317072,315.831942,0.887545,"ns/op",1024,1,17,none,10
"com.evolvedbinary.jnibench.jmhbench.PutJNIBenchmark.putFromByteArrayGetElements:putFromByteArrayGetElements·p0.00","sample",1,1,41.000000,NaN,"ns/op",1024,1,17,none,10
"com.evolvedbinary.jnibench.jmhbench.PutJNIBenchmark.putFromByteArrayGetElements:putFromByteArrayGetElements·p0.50","sample",1,1,292.000000,NaN,"ns/op",1024,1,17,none,10
"com.evolvedbinary.jnibench.jmhbench.PutJNIBenchmark.putFromByteArrayGetElements:putFromByteArrayGetElements·p0.90","sample",1,1,334.000000,NaN,"ns/op",1024,1,17,none,10
"com.evolvedbinary.jnibench.jmhbench.PutJNIBenchmark.putFromByteArrayGetElements:putFromByteArrayGetElements·p0.95","sample",1,1,334.000000,NaN,"ns/op",1024,1,17,none,10
"com.evolvedbinary.jnibench.jmhbench.PutJNIBenchmark.putFromByteArrayGetElements:putFromByteArrayGetElements·p0.99","sample",1,1,334.000000,NaN,"ns/op",1024,1,17,none,10
"com.evolvedbinary.jnibench.jmhbench.PutJNIBenchmark.putFromByteArrayGetElements:putFromByteArrayGetElements·p0.999","sample",1,1,2248.000000,NaN,"ns/op",1024,1,17,none,10
"com.evolvedbinary.jnibench.jmhbench.PutJNIBenchmark.putFromByteArrayGetElements:putFromByteArrayGetElements·p0.9999","sample",1,1,11872.000000,NaN,"ns/op",1024,1,17,none,10
"com.evolvedbinary.jnibench.jmhbench.PutJNIBenchmark.putFromByteArrayGetElements:putFromByteArrayGetElements·p1.00","sample",1,1,584704.000000,NaN,"ns/op",1024,1,17,none,10
"com.evolvedbinary.jnibench.jmhbench.PutJNIBenchmark.putFromByteArrayGetElements","sample",1,3292326,325.092768,12.742032,"ns/op",1024,1,17,none,50
"com.evolvedbinary.jnibench.jmhbench.PutJNIBenchmark.putFromByteArrayGetElements:putFromByteArrayGetElements·p0.00","sample",1,1,41.000000,NaN,"ns/op",1024,1,17,none,50
"com.evolvedbinary.jnibench.jmhbench.PutJNIBenchmark.putFromByteArrayGetElements:putFromByteArrayGetElements·p0.50","sample",1,1,292.000000,NaN,"ns/op",1024,1,17,none,50
"com.evolvedbinary.jnibench.jmhbench.PutJNIBenchmark.putFromByteArrayGetElements:putFromByteArrayGetElements·p0.90","sample",1,1,334.000000,NaN,"ns/op",1024,1,17,none,50
"com.evolvedbinary.jnibench.jmhbench.PutJNIBenchmark.putFromByteArrayGetElements:putFromByteArrayGetElements·p0.95","sample",1,1,334.000000,NaN,"ns/op",1024,1,17,none,50
"com.evolvedbinary.jnibench.jmhbench.PutJNIBenchmark.putFromByteArrayGetElements:putFromByteArrayGetElements·p0.99","sample",1,1,334.000000,NaN,"ns/op",1024,1,17,none,50
"com.evolvedbinary.jnibench.jmhbench.PutJNIBenchmark.putFromByteArrayGetElements:putFromByteArrayGetElements·p0.999","sample",1,1,2288.000000,NaN,"ns/op",1024,1,17,none,50
"com.evolvedbinary.jnibench.jmhbench.PutJNIBenchmark.putFromByteArrayGetElements:putFromByteArrayGetElements·p0.9999","sample",1,1,10032.000000,NaN,"ns/op",1024,1,17,none,50
"com.evolvedbinary.jnibench.jmhbench.PutJNIBenchmark.putFromByteArrayGetElements:putFromByteArrayGetElements·p1.00","sample",1,1,10895360.000000,NaN,"ns/op",1024,1,17,none,50
"com.evolvedbinary.jnibench.jmhbench.PutJNIBenchmark.putFromByteArrayGetElements","sample",1,3059721,342.157885,0.633086,"ns/op",1024,1,17,none,512
"com.evolvedbinary.jnibench.jmhbench.PutJNIBenchmark.putFromByteArrayGetElements:putFromByteArrayGetElements·p0.00","sample",1,1,41.000000,NaN,"ns/op",1024,1,17,none,512
"com.evolvedbinary.jnibench.jmhbench.PutJNIBenchmark.putFromByteArrayGetElements:putFromByteArrayGetElements·p0.50","sample",1,1,333.000000,NaN,"ns/op",1024,1,17,none,512
"com.evolvedbinary.jnibench.jmhbench.PutJNIBenchmark.putFromByteArrayGetElements:putFromByteArrayGetElements·p0.90","sample",1,1,334.000000,NaN,"ns/op",1024,1,17,none,512
"com.evolvedbinary.jnibench.jmhbench.PutJNIBenchmark.putFromByteArrayGetElements:putFromByteArrayGetElements·p0.95","sample",1,1,375.000000,NaN,"ns/op",1024,1,17,none,512
"com.evolvedbinary.jnibench.jmhbench.PutJNIBenchmark.putFromByteArrayGetElements:putFromByteArrayGetElements·p0.99","sample",1,1,375.000000,NaN,"ns/op",1024,1,17,none,512
"com.evolvedbinary.jnibench.jmhbench.PutJNIBenchmark.putFromByteArrayGetElements:putFromByteArrayGetElements·p0.999","sample",1,1,2580.000000,NaN,"ns/op",1024,1,17,none,512
"com.evolvedbinary.jnibench.jmhbench.PutJNIBenchmark.putFromByteArrayGetElements:putFromByteArrayGetElements·p0.9999","sample",1,1,12496.889600,NaN,"ns/op",1024,1,17,none,512
"com.evolvedbinary.jnibench.jmhbench.PutJNIBenchmark.putFromByteArrayGetElements:putFromByteArrayGetElements·p1.00","sample",1,1,135936.000000,NaN,"ns/op",1024,1,17,none,512
"com.evolvedbinary.jnibench.jmhbench.PutJNIBenchmark.putFromByteArrayGetElements","sample",1,2893322,361.737695,1.990540,"ns/op",1024,1,17,none,1024
"com.evolvedbinary.jnibench.jmhbench.PutJNIBenchmark.putFromByteArrayGetElements:putFromByteArrayGetElements·p0.00","sample",1,1,41.000000,NaN,"ns/op",1024,1,17,none,1024
"com.evolvedbinary.jnibench.jmhbench.PutJNIBenchmark.putFromByteArrayGetElements:putFromByteArrayGetElements·p0.50","sample",1,1,334.000000,NaN,"ns/op",1024,1,17,none,1024
"com.evolvedbinary.jnibench.jmhbench.PutJNIBenchmark.putFromByteArrayGetElements:putFromByteArrayGetElements·p0.90","sample",1,1,375.000000,NaN,"ns/op",1024,1,17,none,1024
"com.evolvedbinary.jnibench.jmhbench.PutJNIBenchmark.putFromByteArrayGetElements:putFromByteArrayGetElements·p0.95","sample",1,1,375.000000,NaN,"ns/op",1024,1,17,none,1024
"com.evolvedbinary.jnibench.jmhbench.PutJNIBenchmark.putFromByteArrayGetElements:putFromByteArrayGetElements·p0.99","sample",1,1,416.000000,NaN,"ns/op",1024,1,17,none,1024
"com.evolvedbinary.jnibench.jmhbench.PutJNIBenchmark.putFromByteArrayGetElements:putFromByteArrayGetElements·p0.999","sample",1,1,2584.000000,NaN,"ns/op",1024,1,17,none,1024
"com.evolvedbinary.jnibench.jmhbench.PutJNIBenchmark.putFromByteArrayGetElements:putFromByteArrayGetElements·p0.9999","sample",1,1,13008.099200,NaN,"ns/op",1024,1,17,none,1024
"com.evolvedbinary.jnibench.jmhbench.PutJNIBenchmark.putFromByteArrayGetElements:putFromByteArrayGetElements·p1.00","sample",1,1,1648640.000000,NaN,"ns/op",1024,1,17,none,1024
"com.evolvedbinary.jnibench.jmhbench.PutJNIBenchmark.putFromByteArrayGetElements","sample",1,4317411,476.364433,1.890616,"ns/op",1024,1,17,none,4096
"com.evolvedbinary.jnibench.jmhbench.PutJNIBenchmark.putFromByteArrayGetElements:putFromByteArrayGetElements·p0.00","sample",1,1,41.000000,NaN,"ns/op",1024,1,17,none,4096
"com.evolvedbinary.jnibench.jmhbench.PutJNIBenchmark.putFromByteArrayGetElements:putFromByteArrayGetElements·p0.50","sample",1,1,458.000000,NaN,"ns/op",1024,1,17,none,4096
"com.evolvedbinary.jnibench.jmhbench.PutJNIBenchmark.putFromByteArrayGetElements:putFromByteArrayGetElements·p0.90","sample",1,1,542.000000,NaN,"ns/op",1024,1,17,none,4096
"com.evolvedbinary.jnibench.jmhbench.PutJNIBenchmark.putFromByteArrayGetElements:putFromByteArrayGetElements·p0.95","sample",1,1,583.000000,NaN,"ns/op",1024,1,17,none,4096
"com.evolvedbinary.jnibench.jmhbench.PutJNIBenchmark.putFromByteArrayGetElements:putFromByteArrayGetElements·p0.99","sample",1,1,625.000000,NaN,"ns/op",1024,1,17,none,4096
"com.evolvedbinary.jnibench.jmhbench.PutJNIBenchmark.putFromByteArrayGetElements:putFromByteArrayGetElements·p0.999","sample",1,1,2416.000000,NaN,"ns/op",1024,1,17,none,4096
"com.evolvedbinary.jnibench.jmhbench.PutJNIBenchmark.putFromByteArrayGetElements:putFromByteArrayGetElements·p0.9999","sample",1,1,11708.422400,NaN,"ns/op",1024,1,17,none,4096
"com.evolvedbinary.jnibench.jmhbench.PutJNIBenchmark.putFromByteArrayGetElements:putFromByteArrayGetElements·p1.00","sample",1,1,2392064.000000,NaN,"ns/op",1024,1,17,none,4096
"com.evolvedbinary.jnibench.jmhbench.PutJNIBenchmark.putFromByteArrayGetElements","sample",1,3353288,612.165966,2.693443,"ns/op",1024,1,17,none,8192
"com.evolvedbinary.jnibench.jmhbench.PutJNIBenchmark.putFromByteArrayGetElements:putFromByteArrayGetElements·p0.00","sample",1,1,208.000000,NaN,"ns/op",1024,1,17,none,8192
"com.evolvedbinary.jnibench.jmhbench.PutJNIBenchmark.putFromByteArrayGetElements:putFromByteArrayGetElements·p0.50","sample",1,1,583.000000,NaN,"ns/op",1024,1,17,none,8192
"com.evolvedbinary.jnibench.jmhbench.PutJNIBenchmark.putFromByteArrayGetElements:putFromByteArrayGetElements·p0.90","sample",1,1,708.000000,NaN,"ns/op",1024,1,17,none,8192
"com.evolvedbinary.jnibench.jmhbench.PutJNIBenchmark.putFromByteArrayGetElements:putFromByteArrayGetElements·p0.95","sample",1,1,709.000000,NaN,"ns/op",1024,1,17,none,8192
"com.evolvedbinary.jnibench.jmhbench.PutJNIBenchmark.putFromByteArrayGetElements:putFromByteArrayGetElements·p0.99","sample",1,1,792.000000,NaN,"ns/op",1024,1,17,none,8192
"com.evolvedbinary.jnibench.jmhbench.PutJNIBenchmark.putFromByteArrayGetElements:putFromByteArrayGetElements·p0.999","sample",1,1,3872.000000,NaN,"ns/op",1024,1,17,none,8192
"com.evolvedbinary.jnibench.jmhbench.PutJNIBenchmark.putFromByteArrayGetElements:putFromByteArrayGetElements·p0.9999","sample",1,1,13744.000000,NaN,"ns/op",1024,1,17,none,8192
"com.evolvedbinary.jnibench.jmhbench.PutJNIBenchmark.putFromByteArrayGetElements:putFromByteArrayGetElements·p1.00","sample",1,1,2465792.000000,NaN,"ns/op",1024,1,17,none,8192
"com.evolvedbinary.jnibench.jmhbench.PutJNIBenchmark.putFromByteArrayGetElements","sample",1,4093337,987.464405,1.484844,"ns/op",1024,1,17,none,16384
"com.evolvedbinary.jnibench.jmhbench.PutJNIBenchmark.putFromByteArrayGetElements:putFromByteArrayGetElements·p0.00","sample",1,1,583.000000,NaN,"ns/op",1024,1,17,none,16384
"com.evolvedbinary.jnibench.jmhbench.PutJNIBenchmark.putFromByteArrayGetElements:putFromByteArrayGetElements·p0.50","sample",1,1,875.000000,NaN,"ns/op",1024,1,17,none,16384
"com.evolvedbinary.jnibench.jmhbench.PutJNIBenchmark.putFromByteArrayGetElements:putFromByteArrayGetElements·p0.90","sample",1,1,1332.000000,NaN,"ns/op",1024,1,17,none,16384
"com.evolvedbinary.jnibench.jmhbench.PutJNIBenchmark.putFromByteArrayGetElements:putFromByteArrayGetElements·p0.95","sample",1,1,1334.000000,NaN,"ns/op",1024,1,17,none,16384
"com.evolvedbinary.jnibench.jmhbench.PutJNIBenchmark.putFromByteArrayGetElements:putFromByteArrayGetElements·p0.99","sample",1,1,1374.000000,NaN,"ns/op",1024,1,17,none,16384
"com.evolvedbinary.jnibench.jmhbench.PutJNIBenchmark.putFromByteArrayGetElements:putFromByteArrayGetElements·p0.999","sample",1,1,4704.000000,NaN,"ns/op",1024,1,17,none,16384
"com.evolvedbinary.jnibench.jmhbench.PutJNIBenchmark.putFromByteArrayGetElements:putFromByteArrayGetElements·p0.9999","sample",1,1,17024.000000,NaN,"ns/op",1024,1,17,none,16384
"com.evolvedbinary.jnibench.jmhbench.PutJNIBenchmark.putFromByteArrayGetElements:putFromByteArrayGetElements·p1.00","sample",1,1,1622016.000000,NaN,"ns/op",1024,1,17,none,16384
"com.evolvedbinary.jnibench.jmhbench.PutJNIBenchmark.putFromByteArrayGetElements","sample",1,3311019,1601.909515,2.836018,"ns/op",1024,1,17,none,32768
"com.evolvedbinary.jnibench.jmhbench.PutJNIBenchmark.putFromByteArrayGetElements:putFromByteArrayGetElements·p0.00","sample",1,1,1082.000000,NaN,"ns/op",1024,1,17,none,32768
"com.evolvedbinary.jnibench.jmhbench.PutJNIBenchmark.putFromByteArrayGetElements:putFromByteArrayGetElements·p0.50","sample",1,1,1374.000000,NaN,"ns/op",1024,1,17,none,32768
"com.evolvedbinary.jnibench.jmhbench.PutJNIBenchmark.putFromByteArrayGetElements:putFromByteArrayGetElements·p0.90","sample",1,1,2164.000000,NaN,"ns/op",1024,1,17,none,32768
"com.evolvedbinary.jnibench.jmhbench.PutJNIBenchmark.putFromByteArrayGetElements:putFromByteArrayGetElements·p0.95","sample",1,1,2208.000000,NaN,"ns/op",1024,1,17,none,32768
"com.evolvedbinary.jnibench.jmhbench.PutJNIBenchmark.putFromByteArrayGetElements:putFromByteArrayGetElements·p0.99","sample",1,1,2292.000000,NaN,"ns/op",1024,1,17,none,32768
"com.evolvedbinary.jnibench.jmhbench.PutJNIBenchmark.putFromByteArrayGetElements:putFromByteArrayGetElements·p0.999","sample",1,1,6704.000000,NaN,"ns/op",1024,1,17,none,32768
"com.evolvedbinary.jnibench.jmhbench.PutJNIBenchmark.putFromByteArrayGetElements:putFromByteArrayGetElements·p0.9999","sample",1,1,22140.736000,NaN,"ns/op",1024,1,17,none,32768
"com.evolvedbinary.jnibench.jmhbench.PutJNIBenchmark.putFromByteArrayGetElements:putFromByteArrayGetElements·p1.00","sample",1,1,1906688.000000,NaN,"ns/op",1024,1,17,none,32768
"com.evolvedbinary.jnibench.jmhbench.PutJNIBenchmark.putFromByteArrayGetElements","sample",1,3371172,4731.306765,2.249844,"ns/op",1024,1,17,none,65536
"com.evolvedbinary.jnibench.jmhbench.PutJNIBenchmark.putFromByteArrayGetElements:putFromByteArrayGetElements·p0.00","sample",1,1,2748.000000,NaN,"ns/op",1024,1,17,none,65536
"com.evolvedbinary.jnibench.jmhbench.PutJNIBenchmark.putFromByteArrayGetElements:putFromByteArrayGetElements·p0.50","sample",1,1,4704.000000,NaN,"ns/op",1024,1,17,none,65536
"com.evolvedbinary.jnibench.jmhbench.PutJNIBenchmark.putFromByteArrayGetElements:putFromByteArrayGetElements·p0.90","sample",1,1,5120.000000,NaN,"ns/op",1024,1,17,none,65536
"com.evolvedbinary.jnibench.jmhbench.PutJNIBenchmark.putFromByteArrayGetElements:putFromByteArrayGetElements·p0.95","sample",1,1,5248.000000,NaN,"ns/op",1024,1,17,none,65536
"com.evolvedbinary.jnibench.jmhbench.PutJNIBenchmark.putFromByteArrayGetElements:putFromByteArrayGetElements·p0.99","sample",1,1,5584.000000,NaN,"ns/op",1024,1,17,none,65536
"com.evolvedbinary.jnibench.jmhbench.PutJNIBenchmark.putFromByteArrayGetElements:putFromByteArrayGetElements·p0.999","sample",1,1,11152.000000,NaN,"ns/op",1024,1,17,none,65536
"com.evolvedbinary.jnibench.jmhbench.PutJNIBenchmark.putFromByteArrayGetElements:putFromByteArrayGetElements·p0.9999","sample",1,1,39232.000000,NaN,"ns/op",1024,1,17,none,65536
"com.evolvedbinary.jnibench.jmhbench.PutJNIBenchmark.putFromByteArrayGetElements:putFromByteArrayGetElements·p1.00","sample",1,1,1918976.000000,NaN,"ns/op",1024,1,17,none,65536
"com.evolvedbinary.jnibench.jmhbench.PutJNIBenchmark.putFromByteArrayGetElements","sample",1,3281018,317.982588,0.697897,"ns/op",1024,1,17,copyin,10
"com.evolvedbinary.jnibench.jmhbench.PutJNIBenchmark.putFromByteArrayGetElements:putFromByteArrayGetElements·p0.00","sample",1,1,41.000000,NaN,"ns/op",1024,1,17,copyin,10
"com.evolvedbinary.jnibench.jmhbench.PutJNIBenchmark.putFromByteArrayGetElements:putFromByteArrayGetElements·p0.50","sample",1,1,292.000000,NaN,"ns/op",1024,1,17,copyin,10
"com.evolvedbinary.jnibench.jmhbench.PutJNIBenchmark.putFromByteArrayGetElements:putFromByteArrayGetElements·p0.90","sample",1,1,334.000000,NaN,"ns/op",1024,1,17,copyin,10
"com.evolvedbinary.jnibench.jmhbench.PutJNIBenchmark.putFromByteArrayGetElements:putFromByteArrayGetElements·p0.95","sample",1,1,334.000000,NaN,"ns/op",1024,1,17,copyin,10
"com.evolvedbinary.jnibench.jmhbench.PutJNIBenchmark.putFromByteArrayGetElements:putFromByteArrayGetElements·p0.99","sample",1,1,334.000000,NaN,"ns/op",1024,1,17,copyin,10
"com.evolvedbinary.jnibench.jmhbench.PutJNIBenchmark.putFromByteArrayGetElements:putFromByteArrayGetElements·p0.999","sample",1,1,2292.000000,NaN,"ns/op",1024,1,17,copyin,10
"com.evolvedbinary.jnibench.jmhbench.PutJNIBenchmark.putFromByteArrayGetElements:putFromByteArrayGetElements·p0.9999","sample",1,1,10944.000000,NaN,"ns/op",1024,1,17,copyin,10
"com.evolvedbinary.jnibench.jmhbench.PutJNIBenchmark.putFromByteArrayGetElements:putFromByteArrayGetElements·p1.00","sample",1,1,444416.000000,NaN,"ns/op",1024,1,17,copyin,10
"com.evolvedbinary.jnibench.jmhbench.PutJNIBenchmark.putFromByteArrayGetElements","sample",1,3255087,321.697580,1.700665,"ns/op",1024,1,17,copyin,50
"com.evolvedbinary.jnibench.jmhbench.PutJNIBenchmark.putFromByteArrayGetElements:putFromByteArrayGetElements·p0.00","sample",1,1,41.000000,NaN,"ns/op",1024,1,17,copyin,50
"com.evolvedbinary.jnibench.jmhbench.PutJNIBenchmark.putFromByteArrayGetElements:putFromByteArrayGetElements·p0.50","sample",1,1,333.000000,NaN,"ns/op",1024,1,17,copyin,50
"com.evolvedbinary.jnibench.jmhbench.PutJNIBenchmark.putFromByteArrayGetElements:putFromByteArrayGetElements·p0.90","sample",1,1,334.000000,NaN,"ns/op",1024,1,17,copyin,50
"com.evolvedbinary.jnibench.jmhbench.PutJNIBenchmark.putFromByteArrayGetElements:putFromByteArrayGetElements·p0.95","sample",1,1,334.000000,NaN,"ns/op",1024,1,17,copyin,50
"com.evolvedbinary.jnibench.jmhbench.PutJNIBenchmark.putFromByteArrayGetElements:putFromByteArrayGetElements·p0.99","sample",1,1,334.000000,NaN,"ns/op",1024,1,17,copyin,50
"com.evolvedbinary.jnibench.jmhbench.PutJNIBenchmark.putFromByteArrayGetElements:putFromByteArrayGetElements·p0.999","sample",1,1,2292.000000,NaN,"ns/op",1024,1,17,copyin,50
"com.evolvedbinary.jnibench.jmhbench.PutJNIBenchmark.putFromByteArrayGetElements:putFromByteArrayGetElements·p0.9999","sample",1,1,11696.000000,NaN,"ns/op",1024,1,17,copyin,50
"com.evolvedbinary.jnibench.jmhbench.PutJNIBenchmark.putFromByteArrayGetElements:putFromByteArrayGetElements·p1.00","sample",1,1,1568768.000000,NaN,"ns/op",1024,1,17,copyin,50
"com.evolvedbinary.jnibench.jmhbench.PutJNIBenchmark.putFromByteArrayGetElements","sample",1,3027646,344.271124,2.057946,"ns/op",1024,1,17,copyin,512
"com.evolvedbinary.jnibench.jmhbench.PutJNIBenchmark.putFromByteArrayGetElements:putFromByteArrayGetElements·p0.00","sample",1,1,42.000000,NaN,"ns/op",1024,1,17,copyin,512
"com.evolvedbinary.jnibench.jmhbench.PutJNIBenchmark.putFromByteArrayGetElements:putFromByteArrayGetElements·p0.50","sample",1,1,333.000000,NaN,"ns/op",1024,1,17,copyin,512
"com.evolvedbinary.jnibench.jmhbench.PutJNIBenchmark.putFromByteArrayGetElements:putFromByteArrayGetElements·p0.90","sample",1,1,334.000000,NaN,"ns/op",1024,1,17,copyin,512
"com.evolvedbinary.jnibench.jmhbench.PutJNIBenchmark.putFromByteArrayGetElements:putFromByteArrayGetElements·p0.95","sample",1,1,375.000000,NaN,"ns/op",1024,1,17,copyin,512
"com.evolvedbinary.jnibench.jmhbench.PutJNIBenchmark.putFromByteArrayGetElements:putFromByteArrayGetElements·p0.99","sample",1,1,375.000000,NaN,"ns/op",1024,1,17,copyin,512
"com.evolvedbinary.jnibench.jmhbench.PutJNIBenchmark.putFromByteArrayGetElements:putFromByteArrayGetElements·p0.999","sample",1,1,2456.000000,NaN,"ns/op",1024,1,17,copyin,512
"com.evolvedbinary.jnibench.jmhbench.PutJNIBenchmark.putFromByteArrayGetElements:putFromByteArrayGetElements·p0.9999","sample",1,1,12258.824000,NaN,"ns/op",1024,1,17,copyin,512
"com.evolvedbinary.jnibench.jmhbench.PutJNIBenchmark.putFromByteArrayGetElements:putFromByteArrayGetElements·p1.00","sample",1,1,1779712.000000,NaN,"ns/op",1024,1,17,copyin,512
"com.evolvedbinary.jnibench.jmhbench.PutJNIBenchmark.putFromByteArrayGetElements","sample",1,2804900,373.703728,3.525744,"ns/op",1024,1,17,copyin,1024
"com.evolvedbinary.jnibench.jmhbench.PutJNIBenchmark.putFromByteArrayGetElements:putFromByteArrayGetElements·p0.00","sample",1,1,41.000000,NaN,"ns/op",1024,1,17,copyin,1024
"com.evolvedbinary.jnibench.jmhbench.PutJNIBenchmark.putFromByteArrayGetElements:putFromByteArrayGetElements·p0.50","sample",1,1,375.000000,NaN,"ns/op",1024,1,17,copyin,1024
"com.evolvedbinary.jnibench.jmhbench.PutJNIBenchmark.putFromByteArrayGetElements:putFromByteArrayGetElements·p0.90","sample",1,1,375.000000,NaN,"ns/op",1024,1,17,copyin,1024
"com.evolvedbinary.jnibench.jmhbench.PutJNIBenchmark.putFromByteArrayGetElements:putFromByteArrayGetElements·p0.95","sample",1,1,375.000000,NaN,"ns/op",1024,1,17,copyin,1024
"com.evolvedbinary.jnibench.jmhbench.PutJNIBenchmark.putFromByteArrayGetElements:putFromByteArrayGetElements·p0.99","sample",1,1,417.000000,NaN,"ns/op",1024,1,17,copyin,1024
"com.evolvedbinary.jnibench.jmhbench.PutJNIBenchmark.putFromByteArrayGetElements:putFromByteArrayGetElements·p0.999","sample",1,1,3164.000000,NaN,"ns/op",1024,1,17,copyin,1024
"com.evolvedbinary.jnibench.jmhbench.PutJNIBenchmark.putFromByteArrayGetElements:putFromByteArrayGetElements·p0.9999","sample",1,1,15664.000000,NaN,"ns/op",1024,1,17,copyin,1024
"com.evolvedbinary.jnibench.jmhbench.PutJNIBenchmark.putFromByteArrayGetElements:putFromByteArrayGetElements·p1.00","sample",1,1,2383872.000000,NaN,"ns/op",1024,1,17,copyin,1024
"com.evolvedbinary.jnibench.jmhbench.PutJNIBenchmark.putFromByteArrayGetElements","sample",1,3959876,518.018533,1.878654,"ns/op",1024,1,17,copyin,4096
"com.evolvedbinary.jnibench.jmhbench.PutJNIBenchmark.putFromByteArrayGetElements:putFromByteArrayGetElements·p0.00","sample",1,1,83.000000,NaN,"ns/op",1024,1,17,copyin,4096
"com.evolvedbinary.jnibench.jmhbench.PutJNIBenchmark.putFromByteArrayGetElements:putFromByteArrayGetElements·p0.50","sample",1,1,500.000000,NaN,"ns/op",1024,1,17,copyin,4096
"com.evolvedbinary.jnibench.jmhbench.PutJNIBenchmark.putFromByteArrayGetElements:putFromByteArrayGetElements·p0.90","sample",1,1,584.000000,NaN,"ns/op",1024,1,17,copyin,4096
"com.evolvedbinary.jnibench.jmhbench.PutJNIBenchmark.putFromByteArrayGetElements:putFromByteArrayGetElements·p0.95","sample",1,1,625.000000,NaN,"ns/op",1024,1,17,copyin,4096
"com.evolvedbinary.jnibench.jmhbench.PutJNIBenchmark.putFromByteArrayGetElements:putFromByteArrayGetElements·p0.99","sample",1,1,667.000000,NaN,"ns/op",1024,1,17,copyin,4096
"com.evolvedbinary.jnibench.jmhbench.PutJNIBenchmark.putFromByteArrayGetElements:putFromByteArrayGetElements·p0.999","sample",1,1,2832.000000,NaN,"ns/op",1024,1,17,copyin,4096
"com.evolvedbinary.jnibench.jmhbench.PutJNIBenchmark.putFromByteArrayGetElements:putFromByteArrayGetElements·p0.9999","sample",1,1,13408.590400,NaN,"ns/op",1024,1,17,copyin,4096
"com.evolvedbinary.jnibench.jmhbench.PutJNIBenchmark.putFromByteArrayGetElements:putFromByteArrayGetElements·p1.00","sample",1,1,1507328.000000,NaN,"ns/op",1024,1,17,copyin,4096
"com.evolvedbinary.jnibench.jmhbench.PutJNIBenchmark.putFromByteArrayGetElements","sample",1,2933464,700.331367,0.957882,"ns/op",1024,1,17,copyin,8192
"com.evolvedbinary.jnibench.jmhbench.PutJNIBenchmark.putFromByteArrayGetElements:putFromByteArrayGetElements·p0.00","sample",1,1,333.000000,NaN,"ns/op",1024,1,17,copyin,8192
"com.evolvedbinary.jnibench.jmhbench.PutJNIBenchmark.putFromByteArrayGetElements:putFromByteArrayGetElements·p0.50","sample",1,1,667.000000,NaN,"ns/op",1024,1,17,copyin,8192
"com.evolvedbinary.jnibench.jmhbench.PutJNIBenchmark.putFromByteArrayGetElements:putFromByteArrayGetElements·p0.90","sample",1,1,792.000000,NaN,"ns/op",1024,1,17,copyin,8192
"com.evolvedbinary.jnibench.jmhbench.PutJNIBenchmark.putFromByteArrayGetElements:putFromByteArrayGetElements·p0.95","sample",1,1,833.000000,NaN,"ns/op",1024,1,17,copyin,8192
"com.evolvedbinary.jnibench.jmhbench.PutJNIBenchmark.putFromByteArrayGetElements:putFromByteArrayGetElements·p0.99","sample",1,1,916.000000,NaN,"ns/op",1024,1,17,copyin,8192
"com.evolvedbinary.jnibench.jmhbench.PutJNIBenchmark.putFromByteArrayGetElements:putFromByteArrayGetElements·p0.999","sample",1,1,4664.000000,NaN,"ns/op",1024,1,17,copyin,8192
"com.evolvedbinary.jnibench.jmhbench.PutJNIBenchmark.putFromByteArrayGetElements:putFromByteArrayGetElements·p0.9999","sample",1,1,18004.912000,NaN,"ns/op",1024,1,17,copyin,8192
"com.evolvedbinary.jnibench.jmhbench.PutJNIBenchmark.putFromByteArrayGetElements:putFromByteArrayGetElements·p1.00","sample",1,1,478720.000000,NaN,"ns/op",1024,1,17,copyin,8192
"com.evolvedbinary.jnibench.jmhbench.PutJNIBenchmark.putFromByteArrayGetElements","sample",1,3553032,1139.131692,1.809333,"ns/op",1024,1,17,copyin,16384
"com.evolvedbinary.jnibench.jmhbench.PutJNIBenchmark.putFromByteArrayGetElements:putFromByteArrayGetElements·p0.00","sample",1,1,791.000000,NaN,"ns/op",1024,1,17,copyin,16384
"com.evolvedbinary.jnibench.jmhbench.PutJNIBenchmark.putFromByteArrayGetElements:putFromByteArrayGetElements·p0.50","sample",1,1,1042.000000,NaN,"ns/op",1024,1,17,copyin,16384
"com.evolvedbinary.jnibench.jmhbench.PutJNIBenchmark.putFromByteArrayGetElements:putFromByteArrayGetElements·p0.90","sample",1,1,1500.000000,NaN,"ns/op",1024,1,17,copyin,16384
"com.evolvedbinary.jnibench.jmhbench.PutJNIBenchmark.putFromByteArrayGetElements:putFromByteArrayGetElements·p0.95","sample",1,1,1500.000000,NaN,"ns/op",1024,1,17,copyin,16384
"com.evolvedbinary.jnibench.jmhbench.PutJNIBenchmark.putFromByteArrayGetElements:putFromByteArrayGetElements·p0.99","sample",1,1,1582.000000,NaN,"ns/op",1024,1,17,copyin,16384
"com.evolvedbinary.jnibench.jmhbench.PutJNIBenchmark.putFromByteArrayGetElements:putFromByteArrayGetElements·p0.999","sample",1,1,5952.000000,NaN,"ns/op",1024,1,17,copyin,16384
"com.evolvedbinary.jnibench.jmhbench.PutJNIBenchmark.putFromByteArrayGetElements:putFromByteArrayGetElements·p0.9999","sample",1,1,34028.588800,NaN,"ns/op",1024,1,17,copyin,16384
"com.evolvedbinary.jnibench.jmhbench.PutJNIBenchmark.putFromByteArrayGetElements:putFromByteArrayGetElements·p1.00","sample",1,1,1638400.000000,NaN,"ns/op",1024,1,17,copyin,16384
"com.evolvedbinary.jnibench.jmhbench.PutJNIBenchmark.putFromByteArrayGetElements","sample",1,4592662,1746.838936,0.663731,"ns/op",1024,1,17,copyin,32768
"com.evolvedbinary.jnibench.jmhbench.PutJNIBenchmark.putFromByteArrayGetElements:putFromByteArrayGetElements·p0.00","sample",1,1,1500.000000,NaN,"ns/op",1024,1,17,copyin,32768
"com.evolvedbinary.jnibench.jmhbench.PutJNIBenchmark.putFromByteArrayGetElements:putFromByteArrayGetElements·p0.50","sample",1,1,1666.000000,NaN,"ns/op",1024,1,17,copyin,32768
"com.evolvedbinary.jnibench.jmhbench.PutJNIBenchmark.putFromByteArrayGetElements:putFromByteArrayGetElements·p0.90","sample",1,1,1792.000000,NaN,"ns/op",1024,1,17,copyin,32768
"com.evolvedbinary.jnibench.jmhbench.PutJNIBenchmark.putFromByteArrayGetElements:putFromByteArrayGetElements·p0.95","sample",1,1,2500.000000,NaN,"ns/op",1024,1,17,copyin,32768
"com.evolvedbinary.jnibench.jmhbench.PutJNIBenchmark.putFromByteArrayGetElements:putFromByteArrayGetElements·p0.99","sample",1,1,2540.000000,NaN,"ns/op",1024,1,17,copyin,32768
"com.evolvedbinary.jnibench.jmhbench.PutJNIBenchmark.putFromByteArrayGetElements:putFromByteArrayGetElements·p0.999","sample",1,1,5792.000000,NaN,"ns/op",1024,1,17,copyin,32768
"com.evolvedbinary.jnibench.jmhbench.PutJNIBenchmark.putFromByteArrayGetElements:putFromByteArrayGetElements·p0.9999","sample",1,1,17335.478400,NaN,"ns/op",1024,1,17,copyin,32768
"com.evolvedbinary.jnibench.jmhbench.PutJNIBenchmark.putFromByteArrayGetElements:putFromByteArrayGetElements·p1.00","sample",1,1,89728.000000,NaN,"ns/op",1024,1,17,copyin,32768
"com.evolvedbinary.jnibench.jmhbench.PutJNIBenchmark.putFromByteArrayGetElements","sample",1,3838217,4153.532176,4.796322,"ns/op",1024,1,17,copyin,65536
"com.evolvedbinary.jnibench.jmhbench.PutJNIBenchmark.putFromByteArrayGetElements:putFromByteArrayGetElements·p0.00","sample",1,1,3372.000000,NaN,"ns/op",1024,1,17,copyin,65536
"com.evolvedbinary.jnibench.jmhbench.PutJNIBenchmark.putFromByteArrayGetElements:putFromByteArrayGetElements·p0.50","sample",1,1,4084.000000,NaN,"ns/op",1024,1,17,copyin,65536
"com.evolvedbinary.jnibench.jmhbench.PutJNIBenchmark.putFromByteArrayGetElements:putFromByteArrayGetElements·p0.90","sample",1,1,4328.000000,NaN,"ns/op",1024,1,17,copyin,65536
"com.evolvedbinary.jnibench.jmhbench.PutJNIBenchmark.putFromByteArrayGetElements:putFromByteArrayGetElements·p0.95","sample",1,1,4416.000000,NaN,"ns/op",1024,1,17,copyin,65536
"com.evolvedbinary.jnibench.jmhbench.PutJNIBenchmark.putFromByteArrayGetElements:putFromByteArrayGetElements·p0.99","sample",1,1,4912.000000,NaN,"ns/op",1024,1,17,copyin,65536
"com.evolvedbinary.jnibench.jmhbench.PutJNIBenchmark.putFromByteArrayGetElements:putFromByteArrayGetElements·p0.999","sample",1,1,10320.000000,NaN,"ns/op",1024,1,17,copyin,65536
"com.evolvedbinary.jnibench.jmhbench.PutJNIBenchmark.putFromByteArrayGetElements:putFromByteArrayGetElements·p0.9999","sample",1,1,39168.000000,NaN,"ns/op",1024,1,17,copyin,65536
"com.evolvedbinary.jnibench.jmhbench.PutJNIBenchmark.putFromByteArrayGetElements:putFromByteArrayGetElements·p1.00","sample",1,1,2957312.000000,NaN,"ns/op",1024,1,17,copyin,65536
"com.evolvedbinary.jnibench.jmhbench.PutJNIBenchmark.putFromByteArrayGetRegion","sample",1,4366283,241.964118,1.444489,"ns/op",1024,1,17,none,10
"com.evolvedbinary.jnibench.jmhbench.PutJNIBenchmark.putFromByteArrayGetRegion:putFromByteArrayGetRegion·p0.00","sample",1,1,41.000000,NaN,"ns/op",1024,1,17,none,10
"com.evolvedbinary.jnibench.jmhbench.PutJNIBenchmark.putFromByteArrayGetRegion:putFromByteArrayGetRegion·p0.50","sample",1,1,250.000000,NaN,"ns/op",1024,1,17,none,10
"com.evolvedbinary.jnibench.jmhbench.PutJNIBenchmark.putFromByteArrayGetRegion:putFromByteArrayGetRegion·p0.90","sample",1,1,250.000000,NaN,"ns/op",1024,1,17,none,10
"com.evolvedbinary.jnibench.jmhbench.PutJNIBenchmark.putFromByteArrayGetRegion:putFromByteArrayGetRegion·p0.95","sample",1,1,250.000000,NaN,"ns/op",1024,1,17,none,10
"com.evolvedbinary.jnibench.jmhbench.PutJNIBenchmark.putFromByteArrayGetRegion:putFromByteArrayGetRegion·p0.99","sample",1,1,250.000000,NaN,"ns/op",1024,1,17,none,10
"com.evolvedbinary.jnibench.jmhbench.PutJNIBenchmark.putFromByteArrayGetRegion:putFromByteArrayGetRegion·p0.999","sample",1,1,1624.000000,NaN,"ns/op",1024,1,17,none,10
"com.evolvedbinary.jnibench.jmhbench.PutJNIBenchmark.putFromByteArrayGetRegion:putFromByteArrayGetRegion·p0.9999","sample",1,1,8094.864000,NaN,"ns/op",1024,1,17,none,10
"com.evolvedbinary.jnibench.jmhbench.PutJNIBenchmark.putFromByteArrayGetRegion:putFromByteArrayGetRegion·p1.00","sample",1,1,1847296.000000,NaN,"ns/op",1024,1,17,none,10
"com.evolvedbinary.jnibench.jmhbench.PutJNIBenchmark.putFromByteArrayGetRegion","sample",1,4297264,244.859212,0.835781,"ns/op",1024,1,17,none,50
"com.evolvedbinary.jnibench.jmhbench.PutJNIBenchmark.putFromByteArrayGetRegion:putFromByteArrayGetRegion·p0.00","sample",1,1,41.000000,NaN,"ns/op",1024,1,17,none,50
"com.evolvedbinary.jnibench.jmhbench.PutJNIBenchmark.putFromByteArrayGetRegion:putFromByteArrayGetRegion·p0.50","sample",1,1,250.000000,NaN,"ns/op",1024,1,17,none,50
"com.evolvedbinary.jnibench.jmhbench.PutJNIBenchmark.putFromByteArrayGetRegion:putFromByteArrayGetRegion·p0.90","sample",1,1,250.000000,NaN,"ns/op",1024,1,17,none,50
"com.evolvedbinary.jnibench.jmhbench.PutJNIBenchmark.putFromByteArrayGetRegion:putFromByteArrayGetRegion·p0.95","sample",1,1,250.000000,NaN,"ns/op",1024,1,17,none,50
"com.evolvedbinary.jnibench.jmhbench.PutJNIBenchmark.putFromByteArrayGetRegion:putFromByteArrayGetRegion·p0.99","sample",1,1,250.000000,NaN,"ns/op",1024,1,17,none,50
"com.evolvedbinary.jnibench.jmhbench.PutJNIBenchmark.putFromByteArrayGetRegion:putFromByteArrayGetRegion·p0.999","sample",1,1,1624.000000,NaN,"ns/op",1024,1,17,none,50
"com.evolvedbinary.jnibench.jmhbench.PutJNIBenchmark.putFromByteArrayGetRegion:putFromByteArrayGetRegion·p0.9999","sample",1,1,7965.128000,NaN,"ns/op",1024,1,17,none,50
"com.evolvedbinary.jnibench.jmhbench.PutJNIBenchmark.putFromByteArrayGetRegion:putFromByteArrayGetRegion·p1.00","sample",1,1,933888.000000,NaN,"ns/op",1024,1,17,none,50
"com.evolvedbinary.jnibench.jmhbench.PutJNIBenchmark.putFromByteArrayGetRegion","sample",1,4248471,248.238541,1.352674,"ns/op",1024,1,17,none,512
"com.evolvedbinary.jnibench.jmhbench.PutJNIBenchmark.putFromByteArrayGetRegion:putFromByteArrayGetRegion·p0.00","sample",1,1,41.000000,NaN,"ns/op",1024,1,17,none,512
"com.evolvedbinary.jnibench.jmhbench.PutJNIBenchmark.putFromByteArrayGetRegion:putFromByteArrayGetRegion·p0.50","sample",1,1,250.000000,NaN,"ns/op",1024,1,17,none,512
"com.evolvedbinary.jnibench.jmhbench.PutJNIBenchmark.putFromByteArrayGetRegion:putFromByteArrayGetRegion·p0.90","sample",1,1,250.000000,NaN,"ns/op",1024,1,17,none,512
"com.evolvedbinary.jnibench.jmhbench.PutJNIBenchmark.putFromByteArrayGetRegion:putFromByteArrayGetRegion·p0.95","sample",1,1,250.000000,NaN,"ns/op",1024,1,17,none,512
"com.evolvedbinary.jnibench.jmhbench.PutJNIBenchmark.putFromByteArrayGetRegion:putFromByteArrayGetRegion·p0.99","sample",1,1,291.000000,NaN,"ns/op",1024,1,17,none,512
"com.evolvedbinary.jnibench.jmhbench.PutJNIBenchmark.putFromByteArrayGetRegion:putFromByteArrayGetRegion·p0.999","sample",1,1,1540.000000,NaN,"ns/op",1024,1,17,none,512
"com.evolvedbinary.jnibench.jmhbench.PutJNIBenchmark.putFromByteArrayGetRegion:putFromByteArrayGetRegion·p0.9999","sample",1,1,7832.000000,NaN,"ns/op",1024,1,17,none,512
"com.evolvedbinary.jnibench.jmhbench.PutJNIBenchmark.putFromByteArrayGetRegion:putFromByteArrayGetRegion·p1.00","sample",1,1,1589248.000000,NaN,"ns/op",1024,1,17,none,512
"com.evolvedbinary.jnibench.jmhbench.PutJNIBenchmark.putFromByteArrayGetRegion","sample",1,4154684,252.994814,1.834350,"ns/op",1024,1,17,none,1024
"com.evolvedbinary.jnibench.jmhbench.PutJNIBenchmark.putFromByteArrayGetRegion:putFromByteArrayGetRegion·p0.00","sample",1,1,41.000000,NaN,"ns/op",1024,1,17,none,1024
"com.evolvedbinary.jnibench.jmhbench.PutJNIBenchmark.putFromByteArrayGetRegion:putFromByteArrayGetRegion·p0.50","sample",1,1,250.000000,NaN,"ns/op",1024,1,17,none,1024
"com.evolvedbinary.jnibench.jmhbench.PutJNIBenchmark.putFromByteArrayGetRegion:putFromByteArrayGetRegion·p0.90","sample",1,1,250.000000,NaN,"ns/op",1024,1,17,none,1024
"com.evolvedbinary.jnibench.jmhbench.PutJNIBenchmark.putFromByteArrayGetRegion:putFromByteArrayGetRegion·p0.95","sample",1,1,250.000000,NaN,"ns/op",1024,1,17,none,1024
"com.evolvedbinary.jnibench.jmhbench.PutJNIBenchmark.putFromByteArrayGetRegion:putFromByteArrayGetRegion·p0.99","sample",1,1,292.000000,NaN,"ns/op",1024,1,17,none,1024
"com.evolvedbinary.jnibench.jmhbench.PutJNIBenchmark.putFromByteArrayGetRegion:putFromByteArrayGetRegion·p0.999","sample",1,1,1624.000000,NaN,"ns/op",1024,1,17,none,1024
"com.evolvedbinary.jnibench.jmhbench.PutJNIBenchmark.putFromByteArrayGetRegion:putFromByteArrayGetRegion·p0.9999","sample",1,1,8080.000000,NaN,"ns/op",1024,1,17,none,1024
"com.evolvedbinary.jnibench.jmhbench.PutJNIBenchmark.putFromByteArrayGetRegion:putFromByteArrayGetRegion·p1.00","sample",1,1,2269184.000000,NaN,"ns/op",1024,1,17,none,1024
"com.evolvedbinary.jnibench.jmhbench.PutJNIBenchmark.putFromByteArrayGetRegion","sample",1,3100408,338.703554,1.943752,"ns/op",1024,1,17,none,4096
"com.evolvedbinary.jnibench.jmhbench.PutJNIBenchmark.putFromByteArrayGetRegion:putFromByteArrayGetRegion·p0.00","sample",1,1,41.000000,NaN,"ns/op",1024,1,17,none,4096
"com.evolvedbinary.jnibench.jmhbench.PutJNIBenchmark.putFromByteArrayGetRegion:putFromByteArrayGetRegion·p0.50","sample",1,1,292.000000,NaN,"ns/op",1024,1,17,none,4096
"com.evolvedbinary.jnibench.jmhbench.PutJNIBenchmark.putFromByteArrayGetRegion:putFromByteArrayGetRegion·p0.90","sample",1,1,417.000000,NaN,"ns/op",1024,1,17,none,4096
"com.evolvedbinary.jnibench.jmhbench.PutJNIBenchmark.putFromByteArrayGetRegion:putFromByteArrayGetRegion·p0.95","sample",1,1,458.000000,NaN,"ns/op",1024,1,17,none,4096
"com.evolvedbinary.jnibench.jmhbench.PutJNIBenchmark.putFromByteArrayGetRegion:putFromByteArrayGetRegion·p0.99","sample",1,1,500.000000,NaN,"ns/op",1024,1,17,none,4096
"com.evolvedbinary.jnibench.jmhbench.PutJNIBenchmark.putFromByteArrayGetRegion:putFromByteArrayGetRegion·p0.999","sample",1,1,2748.000000,NaN,"ns/op",1024,1,17,none,4096
"com.evolvedbinary.jnibench.jmhbench.PutJNIBenchmark.putFromByteArrayGetRegion:putFromByteArrayGetRegion·p0.9999","sample",1,1,12080.000000,NaN,"ns/op",1024,1,17,none,4096
"com.evolvedbinary.jnibench.jmhbench.PutJNIBenchmark.putFromByteArrayGetRegion:putFromByteArrayGetRegion·p1.00","sample",1,1,1650688.000000,NaN,"ns/op",1024,1,17,none,4096
"com.evolvedbinary.jnibench.jmhbench.PutJNIBenchmark.putFromByteArrayGetRegion","sample",1,3559447,427.295593,1.733219,"ns/op",1024,1,17,none,8192
"com.evolvedbinary.jnibench.jmhbench.PutJNIBenchmark.putFromByteArrayGetRegion:putFromByteArrayGetRegion·p0.00","sample",1,1,41.000000,NaN,"ns/op",1024,1,17,none,8192
"com.evolvedbinary.jnibench.jmhbench.PutJNIBenchmark.putFromByteArrayGetRegion:putFromByteArrayGetRegion·p0.50","sample",1,1,375.000000,NaN,"ns/op",1024,1,17,none,8192
"com.evolvedbinary.jnibench.jmhbench.PutJNIBenchmark.putFromByteArrayGetRegion:putFromByteArrayGetRegion·p0.90","sample",1,1,541.000000,NaN,"ns/op",1024,1,17,none,8192
"com.evolvedbinary.jnibench.jmhbench.PutJNIBenchmark.putFromByteArrayGetRegion:putFromByteArrayGetRegion·p0.95","sample",1,1,542.000000,NaN,"ns/op",1024,1,17,none,8192
"com.evolvedbinary.jnibench.jmhbench.PutJNIBenchmark.putFromByteArrayGetRegion:putFromByteArrayGetRegion·p0.99","sample",1,1,625.000000,NaN,"ns/op",1024,1,17,none,8192
"com.evolvedbinary.jnibench.jmhbench.PutJNIBenchmark.putFromByteArrayGetRegion:putFromByteArrayGetRegion·p0.999","sample",1,1,2956.000000,NaN,"ns/op",1024,1,17,none,8192
"com.evolvedbinary.jnibench.jmhbench.PutJNIBenchmark.putFromByteArrayGetRegion:putFromByteArrayGetRegion·p0.9999","sample",1,1,11698.649600,NaN,"ns/op",1024,1,17,none,8192
"com.evolvedbinary.jnibench.jmhbench.PutJNIBenchmark.putFromByteArrayGetRegion:putFromByteArrayGetRegion·p1.00","sample",1,1,1785856.000000,NaN,"ns/op",1024,1,17,none,8192
"com.evolvedbinary.jnibench.jmhbench.PutJNIBenchmark.putFromByteArrayGetRegion","sample",1,3765344,895.517802,3.134622,"ns/op",1024,1,17,none,16384
"com.evolvedbinary.jnibench.jmhbench.PutJNIBenchmark.putFromByteArrayGetRegion:putFromByteArrayGetRegion·p0.00","sample",1,1,375.000000,NaN,"ns/op",1024,1,17,none,16384
"com.evolvedbinary.jnibench.jmhbench.PutJNIBenchmark.putFromByteArrayGetRegion:putFromByteArrayGetRegion·p0.50","sample",1,1,1000.000000,NaN,"ns/op",1024,1,17,none,16384
"com.evolvedbinary.jnibench.jmhbench.PutJNIBenchmark.putFromByteArrayGetRegion:putFromByteArrayGetRegion·p0.90","sample",1,1,1042.000000,NaN,"ns/op",1024,1,17,none,16384
"com.evolvedbinary.jnibench.jmhbench.PutJNIBenchmark.putFromByteArrayGetRegion:putFromByteArrayGetRegion·p0.95","sample",1,1,1042.000000,NaN,"ns/op",1024,1,17,none,16384
"com.evolvedbinary.jnibench.jmhbench.PutJNIBenchmark.putFromByteArrayGetRegion:putFromByteArrayGetRegion·p0.99","sample",1,1,1166.000000,NaN,"ns/op",1024,1,17,none,16384
"com.evolvedbinary.jnibench.jmhbench.PutJNIBenchmark.putFromByteArrayGetRegion:putFromByteArrayGetRegion·p0.999","sample",1,1,4496.000000,NaN,"ns/op",1024,1,17,none,16384
"com.evolvedbinary.jnibench.jmhbench.PutJNIBenchmark.putFromByteArrayGetRegion:putFromByteArrayGetRegion·p0.9999","sample",1,1,16080.000000,NaN,"ns/op",1024,1,17,none,16384
"com.evolvedbinary.jnibench.jmhbench.PutJNIBenchmark.putFromByteArrayGetRegion:putFromByteArrayGetRegion·p1.00","sample",1,1,2961408.000000,NaN,"ns/op",1024,1,17,none,16384
"com.evolvedbinary.jnibench.jmhbench.PutJNIBenchmark.putFromByteArrayGetRegion","sample",1,3708898,1289.642630,1.881108,"ns/op",1024,1,17,none,32768
"com.evolvedbinary.jnibench.jmhbench.PutJNIBenchmark.putFromByteArrayGetRegion:putFromByteArrayGetRegion·p0.00","sample",1,1,625.000000,NaN,"ns/op",1024,1,17,none,32768
"com.evolvedbinary.jnibench.jmhbench.PutJNIBenchmark.putFromByteArrayGetRegion:putFromByteArrayGetRegion·p0.50","sample",1,1,1082.000000,NaN,"ns/op",1024,1,17,none,32768
"com.evolvedbinary.jnibench.jmhbench.PutJNIBenchmark.putFromByteArrayGetRegion:putFromByteArrayGetRegion·p0.90","sample",1,1,1708.000000,NaN,"ns/op",1024,1,17,none,32768
"com.evolvedbinary.jnibench.jmhbench.PutJNIBenchmark.putFromByteArrayGetRegion:putFromByteArrayGetRegion·p0.95","sample",1,1,1708.000000,NaN,"ns/op",1024,1,17,none,32768
"com.evolvedbinary.jnibench.jmhbench.PutJNIBenchmark.putFromByteArrayGetRegion:putFromByteArrayGetRegion·p0.99","sample",1,1,1834.000000,NaN,"ns/op",1024,1,17,none,32768
"com.evolvedbinary.jnibench.jmhbench.PutJNIBenchmark.putFromByteArrayGetRegion:putFromByteArrayGetRegion·p0.999","sample",1,1,5496.000000,NaN,"ns/op",1024,1,17,none,32768
"com.evolvedbinary.jnibench.jmhbench.PutJNIBenchmark.putFromByteArrayGetRegion:putFromByteArrayGetRegion·p0.9999","sample",1,1,16583.046400,NaN,"ns/op",1024,1,17,none,32768
"com.evolvedbinary.jnibench.jmhbench.PutJNIBenchmark.putFromByteArrayGetRegion:putFromByteArrayGetRegion·p1.00","sample",1,1,1781760.000000,NaN,"ns/op",1024,1,17,none,32768
"com.evolvedbinary.jnibench.jmhbench.PutJNIBenchmark.putFromByteArrayGetRegion","sample",1,3299395,2069.060978,4.052208,"ns/op",1024,1,17,none,65536
"com.evolvedbinary.jnibench.jmhbench.PutJNIBenchmark.putFromByteArrayGetRegion:putFromByteArrayGetRegion·p0.00","sample",1,1,1124.000000,NaN,"ns/op",1024,1,17,none,65536
"com.evolvedbinary.jnibench.jmhbench.PutJNIBenchmark.putFromByteArrayGetRegion:putFromByteArrayGetRegion·p0.50","sample",1,1,1624.000000,NaN,"ns/op",1024,1,17,none,65536
"com.evolvedbinary.jnibench.jmhbench.PutJNIBenchmark.putFromByteArrayGetRegion:putFromByteArrayGetRegion·p0.90","sample",1,1,2956.000000,NaN,"ns/op",1024,1,17,none,65536
"com.evolvedbinary.jnibench.jmhbench.PutJNIBenchmark.putFromByteArrayGetRegion:putFromByteArrayGetRegion·p0.95","sample",1,1,3000.000000,NaN,"ns/op",1024,1,17,none,65536
"com.evolvedbinary.jnibench.jmhbench.PutJNIBenchmark.putFromByteArrayGetRegion:putFromByteArrayGetRegion·p0.99","sample",1,1,3164.000000,NaN,"ns/op",1024,1,17,none,65536
"com.evolvedbinary.jnibench.jmhbench.PutJNIBenchmark.putFromByteArrayGetRegion:putFromByteArrayGetRegion·p0.999","sample",1,1,7912.000000,NaN,"ns/op",1024,1,17,none,65536
"com.evolvedbinary.jnibench.jmhbench.PutJNIBenchmark.putFromByteArrayGetRegion:putFromByteArrayGetRegion·p0.9999","sample",1,1,24160.000000,NaN,"ns/op",1024,1,17,none,65536
"com.evolvedbinary.jnibench.jmhbench.PutJNIBenchmark.putFromByteArrayGetRegion:putFromByteArrayGetRegion·p1.00","sample",1,1,3137536.000000,NaN,"ns/op",1024,1,17,none,65536
"com.evolvedbinary.jnibench.jmhbench.PutJNIBenchmark.putFromByteArrayGetRegion","sample",1,4277024,244.136832,0.345270,"ns/op",1024,1,17,copyin,10
"com.evolvedbinary.jnibench.jmhbench.PutJNIBenchmark.putFromByteArrayGetRegion:putFromByteArrayGetRegion·p0.00","sample",1,1,41.000000,NaN,"ns/op",1024,1,17,copyin,10
"com.evolvedbinary.jnibench.jmhbench.PutJNIBenchmark.putFromByteArrayGetRegion:putFromByteArrayGetRegion·p0.50","sample",1,1,250.000000,NaN,"ns/op",1024,1,17,copyin,10
"com.evolvedbinary.jnibench.jmhbench.PutJNIBenchmark.putFromByteArrayGetRegion:putFromByteArrayGetRegion·p0.90","sample",1,1,250.000000,NaN,"ns/op",1024,1,17,copyin,10
"com.evolvedbinary.jnibench.jmhbench.PutJNIBenchmark.putFromByteArrayGetRegion:putFromByteArrayGetRegion·p0.95","sample",1,1,250.000000,NaN,"ns/op",1024,1,17,copyin,10
"com.evolvedbinary.jnibench.jmhbench.PutJNIBenchmark.putFromByteArrayGetRegion:putFromByteArrayGetRegion·p0.99","sample",1,1,291.000000,NaN,"ns/op",1024,1,17,copyin,10
"com.evolvedbinary.jnibench.jmhbench.PutJNIBenchmark.putFromByteArrayGetRegion:putFromByteArrayGetRegion·p0.999","sample",1,1,1500.000000,NaN,"ns/op",1024,1,17,copyin,10
"com.evolvedbinary.jnibench.jmhbench.PutJNIBenchmark.putFromByteArrayGetRegion:putFromByteArrayGetRegion·p0.9999","sample",1,1,7467.900000,NaN,"ns/op",1024,1,17,copyin,10
"com.evolvedbinary.jnibench.jmhbench.PutJNIBenchmark.putFromByteArrayGetRegion:putFromByteArrayGetRegion·p1.00","sample",1,1,63360.000000,NaN,"ns/op",1024,1,17,copyin,10
"com.evolvedbinary.jnibench.jmhbench.PutJNIBenchmark.putFromByteArrayGetRegion","sample",1,4247923,246.273696,0.568489,"ns/op",1024,1,17,copyin,50
"com.evolvedbinary.jnibench.jmhbench.PutJNIBenchmark.putFromByteArrayGetRegion:putFromByteArrayGetRegion·p0.00","sample",1,1,41.000000,NaN,"ns/op",1024,1,17,copyin,50
"com.evolvedbinary.jnibench.jmhbench.PutJNIBenchmark.putFromByteArrayGetRegion:putFromByteArrayGetRegion·p0.50","sample",1,1,250.000000,NaN,"ns/op",1024,1,17,copyin,50
"com.evolvedbinary.jnibench.jmhbench.PutJNIBenchmark.putFromByteArrayGetRegion:putFromByteArrayGetRegion·p0.90","sample",1,1,250.000000,NaN,"ns/op",1024,1,17,copyin,50
"com.evolvedbinary.jnibench.jmhbench.PutJNIBenchmark.putFromByteArrayGetRegion:putFromByteArrayGetRegion·p0.95","sample",1,1,250.000000,NaN,"ns/op",1024,1,17,copyin,50
"com.evolvedbinary.jnibench.jmhbench.PutJNIBenchmark.putFromByteArrayGetRegion:putFromByteArrayGetRegion·p0.99","sample",1,1,250.000000,NaN,"ns/op",1024,1,17,copyin,50
"com.evolvedbinary.jnibench.jmhbench.PutJNIBenchmark.putFromByteArrayGetRegion:putFromByteArrayGetRegion·p0.999","sample",1,1,1750.000000,NaN,"ns/op",1024,1,17,copyin,50
"com.evolvedbinary.jnibench.jmhbench.PutJNIBenchmark.putFromByteArrayGetRegion:putFromByteArrayGetRegion·p0.9999","sample",1,1,8704.000000,NaN,"ns/op",1024,1,17,copyin,50
"com.evolvedbinary.jnibench.jmhbench.PutJNIBenchmark.putFromByteArrayGetRegion:putFromByteArrayGetRegion·p1.00","sample",1,1,524288.000000,NaN,"ns/op",1024,1,17,copyin,50
"com.evolvedbinary.jnibench.jmhbench.PutJNIBenchmark.putFromByteArrayGetRegion","sample",1,4149957,251.531715,1.292264,"ns/op",1024,1,17,copyin,512
"com.evolvedbinary.jnibench.jmhbench.PutJNIBenchmark.putFromByteArrayGetRegion:putFromByteArrayGetRegion·p0.00","sample",1,1,41.000000,NaN,"ns/op",1024,1,17,copyin,512
"com.evolvedbinary.jnibench.jmhbench.PutJNIBenchmark.putFromByteArrayGetRegion:putFromByteArrayGetRegion·p0.50","sample",1,1,250.000000,NaN,"ns/op",1024,1,17,copyin,512
"com.evolvedbinary.jnibench.jmhbench.PutJNIBenchmark.putFromByteArrayGetRegion:putFromByteArrayGetRegion·p0.90","sample",1,1,250.000000,NaN,"ns/op",1024,1,17,copyin,512
"com.evolvedbinary.jnibench.jmhbench.PutJNIBenchmark.putFromByteArrayGetRegion:putFromByteArrayGetRegion·p0.95","sample",1,1,250.000000,NaN,"ns/op",1024,1,17,copyin,512
"com.evolvedbinary.jnibench.jmhbench.PutJNIBenchmark.putFromByteArrayGetRegion:putFromByteArrayGetRegion·p0.99","sample",1,1,292.000000,NaN,"ns/op",1024,1,17,copyin,512
"com.evolvedbinary.jnibench.jmhbench.PutJNIBenchmark.putFromByteArrayGetRegion:putFromByteArrayGetRegion·p0.999","sample",1,1,1792.000000,NaN,"ns/op",1024,1,17,copyin,512
"com.evolvedbinary.jnibench.jmhbench.PutJNIBenchmark.putFromByteArrayGetRegion:putFromByteArrayGetRegion·p0.9999","sample",1,1,8208.000000,NaN,"ns/op",1024,1,17,copyin,512
"com.evolvedbinary.jnibench.jmhbench.PutJNIBenchmark.putFromByteArrayGetRegion:putFromByteArrayGetRegion·p1.00","sample",1,1,1533952.000000,NaN,"ns/op",1024,1,17,copyin,512
"com.evolvedbinary.jnibench.jmhbench.PutJNIBenchmark.putFromByteArrayGetRegion","sample",1,3958271,263.890424,0.513692,"ns/op",1024,1,17,copyin,1024
"com.evolvedbinary.jnibench.jmhbench.PutJNIBenchmark.putFromByteArrayGetRegion:putFromByteArrayGetRegion·p0.00","sample",1,1,41.000000,NaN,"ns/op",1024,1,17,copyin,1024
"com.evolvedbinary.jnibench.jmhbench.PutJNIBenchmark.putFromByteArrayGetRegion:putFromByteArrayGetRegion·p0.50","sample",1,1,250.000000,NaN,"ns/op",1024,1,17,copyin,1024
"com.evolvedbinary.jnibench.jmhbench.PutJNIBenchmark.putFromByteArrayGetRegion:putFromByteArrayGetRegion·p0.90","sample",1,1,292.000000,NaN,"ns/op",1024,1,17,copyin,1024
"com.evolvedbinary.jnibench.jmhbench.PutJNIBenchmark.putFromByteArrayGetRegion:putFromByteArrayGetRegion·p0.95","sample",1,1,292.000000,NaN,"ns/op",1024,1,17,copyin,1024
"com.evolvedbinary.jnibench.jmhbench.PutJNIBenchmark.putFromByteArrayGetRegion:putFromByteArrayGetRegion·p0.99","sample",1,1,292.000000,NaN,"ns/op",1024,1,17,copyin,1024
"com.evolvedbinary.jnibench.jmhbench.PutJNIBenchmark.putFromByteArrayGetRegion:putFromByteArrayGetRegion·p0.999","sample",1,1,1832.000000,NaN,"ns/op",1024,1,17,copyin,1024
"com.evolvedbinary.jnibench.jmhbench.PutJNIBenchmark.putFromByteArrayGetRegion:putFromByteArrayGetRegion·p0.9999","sample",1,1,10120.294400,NaN,"ns/op",1024,1,17,copyin,1024
"com.evolvedbinary.jnibench.jmhbench.PutJNIBenchmark.putFromByteArrayGetRegion:putFromByteArrayGetRegion·p1.00","sample",1,1,292352.000000,NaN,"ns/op",1024,1,17,copyin,1024
"com.evolvedbinary.jnibench.jmhbench.PutJNIBenchmark.putFromByteArrayGetRegion","sample",1,2855219,384.089054,15.208777,"ns/op",1024,1,17,copyin,4096
"com.evolvedbinary.jnibench.jmhbench.PutJNIBenchmark.putFromByteArrayGetRegion:putFromByteArrayGetRegion·p0.00","sample",1,1,41.000000,NaN,"ns/op",1024,1,17,copyin,4096
"com.evolvedbinary.jnibench.jmhbench.PutJNIBenchmark.putFromByteArrayGetRegion:putFromByteArrayGetRegion·p0.50","sample",1,1,334.000000,NaN,"ns/op",1024,1,17,copyin,4096
"com.evolvedbinary.jnibench.jmhbench.PutJNIBenchmark.putFromByteArrayGetRegion:putFromByteArrayGetRegion·p0.90","sample",1,1,417.000000,NaN,"ns/op",1024,1,17,copyin,4096
"com.evolvedbinary.jnibench.jmhbench.PutJNIBenchmark.putFromByteArrayGetRegion:putFromByteArrayGetRegion·p0.95","sample",1,1,500.000000,NaN,"ns/op",1024,1,17,copyin,4096
"com.evolvedbinary.jnibench.jmhbench.PutJNIBenchmark.putFromByteArrayGetRegion:putFromByteArrayGetRegion·p0.99","sample",1,1,542.000000,NaN,"ns/op",1024,1,17,copyin,4096
"com.evolvedbinary.jnibench.jmhbench.PutJNIBenchmark.putFromByteArrayGetRegion:putFromByteArrayGetRegion·p0.999","sample",1,1,5120.000000,NaN,"ns/op",1024,1,17,copyin,4096
"com.evolvedbinary.jnibench.jmhbench.PutJNIBenchmark.putFromByteArrayGetRegion:putFromByteArrayGetRegion·p0.9999","sample",1,1,11471.296000,NaN,"ns/op",1024,1,17,copyin,4096
"com.evolvedbinary.jnibench.jmhbench.PutJNIBenchmark.putFromByteArrayGetRegion:putFromByteArrayGetRegion·p1.00","sample",1,1,9502720.000000,NaN,"ns/op",1024,1,17,copyin,4096
"com.evolvedbinary.jnibench.jmhbench.PutJNIBenchmark.putFromByteArrayGetRegion","sample",1,4146879,492.147341,1.805965,"ns/op",1024,1,17,copyin,8192
"com.evolvedbinary.jnibench.jmhbench.PutJNIBenchmark.putFromByteArrayGetRegion:putFromByteArrayGetRegion·p0.00","sample",1,1,41.000000,NaN,"ns/op",1024,1,17,copyin,8192
"com.evolvedbinary.jnibench.jmhbench.PutJNIBenchmark.putFromByteArrayGetRegion:putFromByteArrayGetRegion·p0.50","sample",1,1,459.000000,NaN,"ns/op",1024,1,17,copyin,8192
"com.evolvedbinary.jnibench.jmhbench.PutJNIBenchmark.putFromByteArrayGetRegion:putFromByteArrayGetRegion·p0.90","sample",1,1,583.000000,NaN,"ns/op",1024,1,17,copyin,8192
"com.evolvedbinary.jnibench.jmhbench.PutJNIBenchmark.putFromByteArrayGetRegion:putFromByteArrayGetRegion·p0.95","sample",1,1,625.000000,NaN,"ns/op",1024,1,17,copyin,8192
"com.evolvedbinary.jnibench.jmhbench.PutJNIBenchmark.putFromByteArrayGetRegion:putFromByteArrayGetRegion·p0.99","sample",1,1,667.000000,NaN,"ns/op",1024,1,17,copyin,8192
"com.evolvedbinary.jnibench.jmhbench.PutJNIBenchmark.putFromByteArrayGetRegion:putFromByteArrayGetRegion·p0.999","sample",1,1,2456.000000,NaN,"ns/op",1024,1,17,copyin,8192
"com.evolvedbinary.jnibench.jmhbench.PutJNIBenchmark.putFromByteArrayGetRegion:putFromByteArrayGetRegion·p0.9999","sample",1,1,8912.000000,NaN,"ns/op",1024,1,17,copyin,8192
"com.evolvedbinary.jnibench.jmhbench.PutJNIBenchmark.putFromByteArrayGetRegion:putFromByteArrayGetRegion·p1.00","sample",1,1,2207744.000000,NaN,"ns/op",1024,1,17,copyin,8192
"com.evolvedbinary.jnibench.jmhbench.PutJNIBenchmark.putFromByteArrayGetRegion","sample",1,3797067,1027.483980,1.775521,"ns/op",1024,1,17,copyin,16384
"com.evolvedbinary.jnibench.jmhbench.PutJNIBenchmark.putFromByteArrayGetRegion:putFromByteArrayGetRegion·p0.00","sample",1,1,542.000000,NaN,"ns/op",1024,1,17,copyin,16384
"com.evolvedbinary.jnibench.jmhbench.PutJNIBenchmark.putFromByteArrayGetRegion:putFromByteArrayGetRegion·p0.50","sample",1,1,1166.000000,NaN,"ns/op",1024,1,17,copyin,16384
"com.evolvedbinary.jnibench.jmhbench.PutJNIBenchmark.putFromByteArrayGetRegion:putFromByteArrayGetRegion·p0.90","sample",1,1,1208.000000,NaN,"ns/op",1024,1,17,copyin,16384
"com.evolvedbinary.jnibench.jmhbench.PutJNIBenchmark.putFromByteArrayGetRegion:putFromByteArrayGetRegion·p0.95","sample",1,1,1208.000000,NaN,"ns/op",1024,1,17,copyin,16384
"com.evolvedbinary.jnibench.jmhbench.PutJNIBenchmark.putFromByteArrayGetRegion:putFromByteArrayGetRegion·p0.99","sample",1,1,1334.000000,NaN,"ns/op",1024,1,17,copyin,16384
"com.evolvedbinary.jnibench.jmhbench.PutJNIBenchmark.putFromByteArrayGetRegion:putFromByteArrayGetRegion·p0.999","sample",1,1,4624.000000,NaN,"ns/op",1024,1,17,copyin,16384
"com.evolvedbinary.jnibench.jmhbench.PutJNIBenchmark.putFromByteArrayGetRegion:putFromByteArrayGetRegion·p0.9999","sample",1,1,14992.000000,NaN,"ns/op",1024,1,17,copyin,16384
"com.evolvedbinary.jnibench.jmhbench.PutJNIBenchmark.putFromByteArrayGetRegion:putFromByteArrayGetRegion·p1.00","sample",1,1,1875968.000000,NaN,"ns/op",1024,1,17,copyin,16384
"com.evolvedbinary.jnibench.jmhbench.PutJNIBenchmark.putFromByteArrayGetRegion","sample",1,3776865,1696.584904,2.008357,"ns/op",1024,1,17,copyin,32768
"com.evolvedbinary.jnibench.jmhbench.PutJNIBenchmark.putFromByteArrayGetRegion:putFromByteArrayGetRegion·p0.00","sample",1,1,1000.000000,NaN,"ns/op",1024,1,17,copyin,32768
"com.evolvedbinary.jnibench.jmhbench.PutJNIBenchmark.putFromByteArrayGetRegion:putFromByteArrayGetRegion·p0.50","sample",1,1,2000.000000,NaN,"ns/op",1024,1,17,copyin,32768
"com.evolvedbinary.jnibench.jmhbench.PutJNIBenchmark.putFromByteArrayGetRegion:putFromByteArrayGetRegion·p0.90","sample",1,1,2040.000000,NaN,"ns/op",1024,1,17,copyin,32768
"com.evolvedbinary.jnibench.jmhbench.PutJNIBenchmark.putFromByteArrayGetRegion:putFromByteArrayGetRegion·p0.95","sample",1,1,2042.000000,NaN,"ns/op",1024,1,17,copyin,32768
"com.evolvedbinary.jnibench.jmhbench.PutJNIBenchmark.putFromByteArrayGetRegion:putFromByteArrayGetRegion·p0.99","sample",1,1,2208.000000,NaN,"ns/op",1024,1,17,copyin,32768
"com.evolvedbinary.jnibench.jmhbench.PutJNIBenchmark.putFromByteArrayGetRegion:putFromByteArrayGetRegion·p0.999","sample",1,1,6624.000000,NaN,"ns/op",1024,1,17,copyin,32768
"com.evolvedbinary.jnibench.jmhbench.PutJNIBenchmark.putFromByteArrayGetRegion:putFromByteArrayGetRegion·p0.9999","sample",1,1,22016.000000,NaN,"ns/op",1024,1,17,copyin,32768
"com.evolvedbinary.jnibench.jmhbench.PutJNIBenchmark.putFromByteArrayGetRegion:putFromByteArrayGetRegion·p1.00","sample",1,1,1947648.000000,NaN,"ns/op",1024,1,17,copyin,32768
"com.evolvedbinary.jnibench.jmhbench.PutJNIBenchmark.putFromByteArrayGetRegion","sample",1,3482859,2709.987614,4.494583,"ns/op",1024,1,17,copyin,65536
"com.evolvedbinary.jnibench.jmhbench.PutJNIBenchmark.putFromByteArrayGetRegion:putFromByteArrayGetRegion·p0.00","sample",1,1,1790.000000,NaN,"ns/op",1024,1,17,copyin,65536
"com.evolvedbinary.jnibench.jmhbench.PutJNIBenchmark.putFromByteArrayGetRegion:putFromByteArrayGetRegion·p0.50","sample",1,1,2288.000000,NaN,"ns/op",1024,1,17,copyin,65536
"com.evolvedbinary.jnibench.jmhbench.PutJNIBenchmark.putFromByteArrayGetRegion:putFromByteArrayGetRegion·p0.90","sample",1,1,3624.000000,NaN,"ns/op",1024,1,17,copyin,65536
"com.evolvedbinary.jnibench.jmhbench.PutJNIBenchmark.putFromByteArrayGetRegion:putFromByteArrayGetRegion·p0.95","sample",1,1,3664.000000,NaN,"ns/op",1024,1,17,copyin,65536
"com.evolvedbinary.jnibench.jmhbench.PutJNIBenchmark.putFromByteArrayGetRegion:putFromByteArrayGetRegion·p0.99","sample",1,1,3832.000000,NaN,"ns/op",1024,1,17,copyin,65536
"com.evolvedbinary.jnibench.jmhbench.PutJNIBenchmark.putFromByteArrayGetRegion:putFromByteArrayGetRegion·p0.999","sample",1,1,8320.000000,NaN,"ns/op",1024,1,17,copyin,65536
"com.evolvedbinary.jnibench.jmhbench.PutJNIBenchmark.putFromByteArrayGetRegion:putFromByteArrayGetRegion·p0.9999","sample",1,1,25590.848000,NaN,"ns/op",1024,1,17,copyin,65536
"com.evolvedbinary.jnibench.jmhbench.PutJNIBenchmark.putFromByteArrayGetRegion:putFromByteArrayGetRegion·p1.00","sample",1,1,2871296.000000,NaN,"ns/op",1024,1,17,copyin,65536
"com.evolvedbinary.jnibench.jmhbench.PutJNIBenchmark.putFromDirectByteBuffer","sample",1,3356658,311.111363,0.595400,"ns/op",1024,1,17,none,10
"com.evolvedbinary.jnibench.jmhbench.PutJNIBenchmark.putFromDirectByteBuffer:putFromDirectByteBuffer·p0.00","sample",1,1,41.000000,NaN,"ns/op",1024,1,17,none,10
"com.evolvedbinary.jnibench.jmhbench.PutJNIBenchmark.putFromDirectByteBuffer:putFromDirectByteBuffer·p0.50","sample",1,1,292.000000,NaN,"ns/op",1024,1,17,none,10
"com.evolvedbinary.jnibench.jmhbench.PutJNIBenchmark.putFromDirectByteBuffer:putFromDirectByteBuffer·p0.90","sample",1,1,333.000000,NaN,"ns/op",1024,1,17,none,10
"com.evolvedbinary.jnibench.jmhbench.PutJNIBenchmark.putFromDirectByteBuffer:putFromDirectByteBuffer·p0.95","sample",1,1,334.000000,NaN,"ns/op",1024,1,17,none,10
"com.evolvedbinary.jnibench.jmhbench.PutJNIBenchmark.putFromDirectByteBuffer:putFromDirectByteBuffer·p0.99","sample",1,1,334.000000,NaN,"ns/op",1024,1,17,none,10
"com.evolvedbinary.jnibench.jmhbench.PutJNIBenchmark.putFromDirectByteBuffer:putFromDirectByteBuffer·p0.999","sample",1,1,2164.000000,NaN,"ns/op",1024,1,17,none,10
"com.evolvedbinary.jnibench.jmhbench.PutJNIBenchmark.putFromDirectByteBuffer:putFromDirectByteBuffer·p0.9999","sample",1,1,11152.000000,NaN,"ns/op",1024,1,17,none,10
"com.evolvedbinary.jnibench.jmhbench.PutJNIBenchmark.putFromDirectByteBuffer:putFromDirectByteBuffer·p1.00","sample",1,1,230656.000000,NaN,"ns/op",1024,1,17,none,10
"com.evolvedbinary.jnibench.jmhbench.PutJNIBenchmark.putFromDirectByteBuffer","sample",1,3318384,315.630617,2.181506,"ns/op",1024,1,17,none,50
"com.evolvedbinary.jnibench.jmhbench.PutJNIBenchmark.putFromDirectByteBuffer:putFromDirectByteBuffer·p0.00","sample",1,1,41.000000,NaN,"ns/op",1024,1,17,none,50
"com.evolvedbinary.jnibench.jmhbench.PutJNIBenchmark.putFromDirectByteBuffer:putFromDirectByteBuffer·p0.50","sample",1,1,292.000000,NaN,"ns/op",1024,1,17,none,50
"com.evolvedbinary.jnibench.jmhbench.PutJNIBenchmark.putFromDirectByteBuffer:putFromDirectByteBuffer·p0.90","sample",1,1,334.000000,NaN,"ns/op",1024,1,17,none,50
"com.evolvedbinary.jnibench.jmhbench.PutJNIBenchmark.putFromDirectByteBuffer:putFromDirectByteBuffer·p0.95","sample",1,1,334.000000,NaN,"ns/op",1024,1,17,none,50
"com.evolvedbinary.jnibench.jmhbench.PutJNIBenchmark.putFromDirectByteBuffer:putFromDirectByteBuffer·p0.99","sample",1,1,334.000000,NaN,"ns/op",1024,1,17,none,50
"com.evolvedbinary.jnibench.jmhbench.PutJNIBenchmark.putFromDirectByteBuffer:putFromDirectByteBuffer·p0.999","sample",1,1,2248.000000,NaN,"ns/op",1024,1,17,none,50
"com.evolvedbinary.jnibench.jmhbench.PutJNIBenchmark.putFromDirectByteBuffer:putFromDirectByteBuffer·p0.9999","sample",1,1,10167.752000,NaN,"ns/op",1024,1,17,none,50
"com.evolvedbinary.jnibench.jmhbench.PutJNIBenchmark.putFromDirectByteBuffer:putFromDirectByteBuffer·p1.00","sample",1,1,2097152.000000,NaN,"ns/op",1024,1,17,none,50
"com.evolvedbinary.jnibench.jmhbench.PutJNIBenchmark.putFromDirectByteBuffer","sample",1,3285395,319.271455,0.678384,"ns/op",1024,1,17,none,512
"com.evolvedbinary.jnibench.jmhbench.PutJNIBenchmark.putFromDirectByteBuffer:putFromDirectByteBuffer·p0.00","sample",1,1,41.000000,NaN,"ns/op",1024,1,17,none,512
"com.evolvedbinary.jnibench.jmhbench.PutJNIBenchmark.putFromDirectByteBuffer:putFromDirectByteBuffer·p0.50","sample",1,1,292.000000,NaN,"ns/op",1024,1,17,none,512
"com.evolvedbinary.jnibench.jmhbench.PutJNIBenchmark.putFromDirectByteBuffer:putFromDirectByteBuffer·p0.90","sample",1,1,334.000000,NaN,"ns/op",1024,1,17,none,512
"com.evolvedbinary.jnibench.jmhbench.PutJNIBenchmark.putFromDirectByteBuffer:putFromDirectByteBuffer·p0.95","sample",1,1,334.000000,NaN,"ns/op",1024,1,17,none,512
"com.evolvedbinary.jnibench.jmhbench.PutJNIBenchmark.putFromDirectByteBuffer:putFromDirectByteBuffer·p0.99","sample",1,1,375.000000,NaN,"ns/op",1024,1,17,none,512
"com.evolvedbinary.jnibench.jmhbench.PutJNIBenchmark.putFromDirectByteBuffer:putFromDirectByteBuffer·p0.999","sample",1,1,2416.000000,NaN,"ns/op",1024,1,17,none,512
"com.evolvedbinary.jnibench.jmhbench.PutJNIBenchmark.putFromDirectByteBuffer:putFromDirectByteBuffer·p0.9999","sample",1,1,12448.000000,NaN,"ns/op",1024,1,17,none,512
"com.evolvedbinary.jnibench.jmhbench.PutJNIBenchmark.putFromDirectByteBuffer:putFromDirectByteBuffer·p1.00","sample",1,1,228352.000000,NaN,"ns/op",1024,1,17,none,512
"com.evolvedbinary.jnibench.jmhbench.PutJNIBenchmark.putFromDirectByteBuffer","sample",1,3235399,323.402932,0.571304,"ns/op",1024,1,17,none,1024
"com.evolvedbinary.jnibench.jmhbench.PutJNIBenchmark.putFromDirectByteBuffer:putFromDirectByteBuffer·p0.00","sample",1,1,41.000000,NaN,"ns/op",1024,1,17,none,1024
"com.evolvedbinary.jnibench.jmhbench.PutJNIBenchmark.putFromDirectByteBuffer:putFromDirectByteBuffer·p0.50","sample",1,1,333.000000,NaN,"ns/op",1024,1,17,none,1024
"com.evolvedbinary.jnibench.jmhbench.PutJNIBenchmark.putFromDirectByteBuffer:putFromDirectByteBuffer·p0.90","sample",1,1,334.000000,NaN,"ns/op",1024,1,17,none,1024
"com.evolvedbinary.jnibench.jmhbench.PutJNIBenchmark.putFromDirectByteBuffer:putFromDirectByteBuffer·p0.95","sample",1,1,334.000000,NaN,"ns/op",1024,1,17,none,1024
"com.evolvedbinary.jnibench.jmhbench.PutJNIBenchmark.putFromDirectByteBuffer:putFromDirectByteBuffer·p0.99","sample",1,1,375.000000,NaN,"ns/op",1024,1,17,none,1024
"com.evolvedbinary.jnibench.jmhbench.PutJNIBenchmark.putFromDirectByteBuffer:putFromDirectByteBuffer·p0.999","sample",1,1,2248.000000,NaN,"ns/op",1024,1,17,none,1024
"com.evolvedbinary.jnibench.jmhbench.PutJNIBenchmark.putFromDirectByteBuffer:putFromDirectByteBuffer·p0.9999","sample",1,1,11328.000000,NaN,"ns/op",1024,1,17,none,1024
"com.evolvedbinary.jnibench.jmhbench.PutJNIBenchmark.putFromDirectByteBuffer:putFromDirectByteBuffer·p1.00","sample",1,1,107776.000000,NaN,"ns/op",1024,1,17,none,1024
"com.evolvedbinary.jnibench.jmhbench.PutJNIBenchmark.putFromDirectByteBuffer","sample",1,2916262,395.244965,2.612144,"ns/op",1024,1,17,none,4096
"com.evolvedbinary.jnibench.jmhbench.PutJNIBenchmark.putFromDirectByteBuffer:putFromDirectByteBuffer·p0.00","sample",1,1,42.000000,NaN,"ns/op",1024,1,17,none,4096
"com.evolvedbinary.jnibench.jmhbench.PutJNIBenchmark.putFromDirectByteBuffer:putFromDirectByteBuffer·p0.50","sample",1,1,375.000000,NaN,"ns/op",1024,1,17,none,4096
"com.evolvedbinary.jnibench.jmhbench.PutJNIBenchmark.putFromDirectByteBuffer:putFromDirectByteBuffer·p0.90","sample",1,1,500.000000,NaN,"ns/op",1024,1,17,none,4096
"com.evolvedbinary.jnibench.jmhbench.PutJNIBenchmark.putFromDirectByteBuffer:putFromDirectByteBuffer·p0.95","sample",1,1,500.000000,NaN,"ns/op",1024,1,17,none,4096
"com.evolvedbinary.jnibench.jmhbench.PutJNIBenchmark.putFromDirectByteBuffer:putFromDirectByteBuffer·p0.99","sample",1,1,542.000000,NaN,"ns/op",1024,1,17,none,4096
"com.evolvedbinary.jnibench.jmhbench.PutJNIBenchmark.putFromDirectByteBuffer:putFromDirectByteBuffer·p0.999","sample",1,1,2708.000000,NaN,"ns/op",1024,1,17,none,4096
"com.evolvedbinary.jnibench.jmhbench.PutJNIBenchmark.putFromDirectByteBuffer:putFromDirectByteBuffer·p0.9999","sample",1,1,14177.937600,NaN,"ns/op",1024,1,17,none,4096
"com.evolvedbinary.jnibench.jmhbench.PutJNIBenchmark.putFromDirectByteBuffer:putFromDirectByteBuffer·p1.00","sample",1,1,1636352.000000,NaN,"ns/op",1024,1,17,none,4096
"com.evolvedbinary.jnibench.jmhbench.PutJNIBenchmark.putFromDirectByteBuffer","sample",1,4411537,468.387672,1.367040,"ns/op",1024,1,17,none,8192
"com.evolvedbinary.jnibench.jmhbench.PutJNIBenchmark.putFromDirectByteBuffer:putFromDirectByteBuffer·p0.00","sample",1,1,83.000000,NaN,"ns/op",1024,1,17,none,8192
"com.evolvedbinary.jnibench.jmhbench.PutJNIBenchmark.putFromDirectByteBuffer:putFromDirectByteBuffer·p0.50","sample",1,1,458.000000,NaN,"ns/op",1024,1,17,none,8192
"com.evolvedbinary.jnibench.jmhbench.PutJNIBenchmark.putFromDirectByteBuffer:putFromDirectByteBuffer·p0.90","sample",1,1,542.000000,NaN,"ns/op",1024,1,17,none,8192
"com.evolvedbinary.jnibench.jmhbench.PutJNIBenchmark.putFromDirectByteBuffer:putFromDirectByteBuffer·p0.95","sample",1,1,583.000000,NaN,"ns/op",1024,1,17,none,8192
"com.evolvedbinary.jnibench.jmhbench.PutJNIBenchmark.putFromDirectByteBuffer:putFromDirectByteBuffer·p0.99","sample",1,1,666.000000,NaN,"ns/op",1024,1,17,none,8192
"com.evolvedbinary.jnibench.jmhbench.PutJNIBenchmark.putFromDirectByteBuffer:putFromDirectByteBuffer·p0.999","sample",1,1,2372.000000,NaN,"ns/op",1024,1,17,none,8192
"com.evolvedbinary.jnibench.jmhbench.PutJNIBenchmark.putFromDirectByteBuffer:putFromDirectByteBuffer·p0.9999","sample",1,1,10784.000000,NaN,"ns/op",1024,1,17,none,8192
"com.evolvedbinary.jnibench.jmhbench.PutJNIBenchmark.putFromDirectByteBuffer:putFromDirectByteBuffer·p1.00","sample",1,1,1677312.000000,NaN,"ns/op",1024,1,17,none,8192
"com.evolvedbinary.jnibench.jmhbench.PutJNIBenchmark.putFromDirectByteBuffer","sample",1,3810314,899.008972,5.468102,"ns/op",1024,1,17,none,16384
"com.evolvedbinary.jnibench.jmhbench.PutJNIBenchmark.putFromDirectByteBuffer:putFromDirectByteBuffer·p0.00","sample",1,1,416.000000,NaN,"ns/op",1024,1,17,none,16384
"com.evolvedbinary.jnibench.jmhbench.PutJNIBenchmark.putFromDirectByteBuffer:putFromDirectByteBuffer·p0.50","sample",1,1,958.000000,NaN,"ns/op",1024,1,17,none,16384
"com.evolvedbinary.jnibench.jmhbench.PutJNIBenchmark.putFromDirectByteBuffer:putFromDirectByteBuffer·p0.90","sample",1,1,1084.000000,NaN,"ns/op",1024,1,17,none,16384
"com.evolvedbinary.jnibench.jmhbench.PutJNIBenchmark.putFromDirectByteBuffer:putFromDirectByteBuffer·p0.95","sample",1,1,1124.000000,NaN,"ns/op",1024,1,17,none,16384
"com.evolvedbinary.jnibench.jmhbench.PutJNIBenchmark.putFromDirectByteBuffer:putFromDirectByteBuffer·p0.99","sample",1,1,1208.000000,NaN,"ns/op",1024,1,17,none,16384
"com.evolvedbinary.jnibench.jmhbench.PutJNIBenchmark.putFromDirectByteBuffer:putFromDirectByteBuffer·p0.999","sample",1,1,4496.000000,NaN,"ns/op",1024,1,17,none,16384
"com.evolvedbinary.jnibench.jmhbench.PutJNIBenchmark.putFromDirectByteBuffer:putFromDirectByteBuffer·p0.9999","sample",1,1,16110.992000,NaN,"ns/op",1024,1,17,none,16384
"com.evolvedbinary.jnibench.jmhbench.PutJNIBenchmark.putFromDirectByteBuffer:putFromDirectByteBuffer·p1.00","sample",1,1,4505600.000000,NaN,"ns/op",1024,1,17,none,16384
"com.evolvedbinary.jnibench.jmhbench.PutJNIBenchmark.putFromDirectByteBuffer","sample",1,3501593,1310.106652,5.358080,"ns/op",1024,1,17,none,32768
"com.evolvedbinary.jnibench.jmhbench.PutJNIBenchmark.putFromDirectByteBuffer:putFromDirectByteBuffer·p0.00","sample",1,1,625.000000,NaN,"ns/op",1024,1,17,none,32768
"com.evolvedbinary.jnibench.jmhbench.PutJNIBenchmark.putFromDirectByteBuffer:putFromDirectByteBuffer·p0.50","sample",1,1,1124.000000,NaN,"ns/op",1024,1,17,none,32768
"com.evolvedbinary.jnibench.jmhbench.PutJNIBenchmark.putFromDirectByteBuffer:putFromDirectByteBuffer·p0.90","sample",1,1,1750.000000,NaN,"ns/op",1024,1,17,none,32768
"com.evolvedbinary.jnibench.jmhbench.PutJNIBenchmark.putFromDirectByteBuffer:putFromDirectByteBuffer·p0.95","sample",1,1,1750.000000,NaN,"ns/op",1024,1,17,none,32768
"com.evolvedbinary.jnibench.jmhbench.PutJNIBenchmark.putFromDirectByteBuffer:putFromDirectByteBuffer·p0.99","sample",1,1,1832.000000,NaN,"ns/op",1024,1,17,none,32768
"com.evolvedbinary.jnibench.jmhbench.PutJNIBenchmark.putFromDirectByteBuffer:putFromDirectByteBuffer·p0.999","sample",1,1,6040.000000,NaN,"ns/op",1024,1,17,none,32768
"com.evolvedbinary.jnibench.jmhbench.PutJNIBenchmark.putFromDirectByteBuffer:putFromDirectByteBuffer·p0.9999","sample",1,1,19989.798400,NaN,"ns/op",1024,1,17,none,32768
"com.evolvedbinary.jnibench.jmhbench.PutJNIBenchmark.putFromDirectByteBuffer:putFromDirectByteBuffer·p1.00","sample",1,1,2883584.000000,NaN,"ns/op",1024,1,17,none,32768
"com.evolvedbinary.jnibench.jmhbench.PutJNIBenchmark.putFromDirectByteBuffer","sample",1,3270555,1833.576819,3.165934,"ns/op",1024,1,17,none,65536
"com.evolvedbinary.jnibench.jmhbench.PutJNIBenchmark.putFromDirectByteBuffer:putFromDirectByteBuffer·p0.00","sample",1,1,1208.000000,NaN,"ns/op",1024,1,17,none,65536
"com.evolvedbinary.jnibench.jmhbench.PutJNIBenchmark.putFromDirectByteBuffer:putFromDirectByteBuffer·p0.50","sample",1,1,1624.000000,NaN,"ns/op",1024,1,17,none,65536
"com.evolvedbinary.jnibench.jmhbench.PutJNIBenchmark.putFromDirectByteBuffer:putFromDirectByteBuffer·p0.90","sample",1,1,3000.000000,NaN,"ns/op",1024,1,17,none,65536
"com.evolvedbinary.jnibench.jmhbench.PutJNIBenchmark.putFromDirectByteBuffer:putFromDirectByteBuffer·p0.95","sample",1,1,3040.000000,NaN,"ns/op",1024,1,17,none,65536
"com.evolvedbinary.jnibench.jmhbench.PutJNIBenchmark.putFromDirectByteBuffer:putFromDirectByteBuffer·p0.99","sample",1,1,3208.000000,NaN,"ns/op",1024,1,17,none,65536
"com.evolvedbinary.jnibench.jmhbench.PutJNIBenchmark.putFromDirectByteBuffer:putFromDirectByteBuffer·p0.999","sample",1,1,10032.000000,NaN,"ns/op",1024,1,17,none,65536
"com.evolvedbinary.jnibench.jmhbench.PutJNIBenchmark.putFromDirectByteBuffer:putFromDirectByteBuffer·p0.9999","sample",1,1,21310.220800,NaN,"ns/op",1024,1,17,none,65536
"com.evolvedbinary.jnibench.jmhbench.PutJNIBenchmark.putFromDirectByteBuffer:putFromDirectByteBuffer·p1.00","sample",1,1,2056192.000000,NaN,"ns/op",1024,1,17,none,65536
"com.evolvedbinary.jnibench.jmhbench.PutJNIBenchmark.putFromDirectByteBuffer","sample",1,3267780,318.689938,1.896731,"ns/op",1024,1,17,copyin,10
"com.evolvedbinary.jnibench.jmhbench.PutJNIBenchmark.putFromDirectByteBuffer:putFromDirectByteBuffer·p0.00","sample",1,1,41.000000,NaN,"ns/op",1024,1,17,copyin,10
"com.evolvedbinary.jnibench.jmhbench.PutJNIBenchmark.putFromDirectByteBuffer:putFromDirectByteBuffer·p0.50","sample",1,1,292.000000,NaN,"ns/op",1024,1,17,copyin,10
"com.evolvedbinary.jnibench.jmhbench.PutJNIBenchmark.putFromDirectByteBuffer:putFromDirectByteBuffer·p0.90","sample",1,1,334.000000,NaN,"ns/op",1024,1,17,copyin,10
"com.evolvedbinary.jnibench.jmhbench.PutJNIBenchmark.putFromDirectByteBuffer:putFromDirectByteBuffer·p0.95","sample",1,1,334.000000,NaN,"ns/op",1024,1,17,copyin,10
"com.evolvedbinary.jnibench.jmhbench.PutJNIBenchmark.putFromDirectByteBuffer:putFromDirectByteBuffer·p0.99","sample",1,1,334.000000,NaN,"ns/op",1024,1,17,copyin,10
"com.evolvedbinary.jnibench.jmhbench.PutJNIBenchmark.putFromDirectByteBuffer:putFromDirectByteBuffer·p0.999","sample",1,1,2372.000000,NaN,"ns/op",1024,1,17,copyin,10
"com.evolvedbinary.jnibench.jmhbench.PutJNIBenchmark.putFromDirectByteBuffer:putFromDirectByteBuffer·p0.9999","sample",1,1,11200.000000,NaN,"ns/op",1024,1,17,copyin,10
"com.evolvedbinary.jnibench.jmhbench.PutJNIBenchmark.putFromDirectByteBuffer:putFromDirectByteBuffer·p1.00","sample",1,1,1775616.000000,NaN,"ns/op",1024,1,17,copyin,10
"com.evolvedbinary.jnibench.jmhbench.PutJNIBenchmark.putFromDirectByteBuffer","sample",1,3234560,323.082287,1.117025,"ns/op",1024,1,17,copyin,50
"com.evolvedbinary.jnibench.jmhbench.PutJNIBenchmark.putFromDirectByteBuffer:putFromDirectByteBuffer·p0.00","sample",1,1,41.000000,NaN,"ns/op",1024,1,17,copyin,50
"com.evolvedbinary.jnibench.jmhbench.PutJNIBenchmark.putFromDirectByteBuffer:putFromDirectByteBuffer·p0.50","sample",1,1,333.000000,NaN,"ns/op",1024,1,17,copyin,50
"com.evolvedbinary.jnibench.jmhbench.PutJNIBenchmark.putFromDirectByteBuffer:putFromDirectByteBuffer·p0.90","sample",1,1,334.000000,NaN,"ns/op",1024,1,17,copyin,50
"com.evolvedbinary.jnibench.jmhbench.PutJNIBenchmark.putFromDirectByteBuffer:putFromDirectByteBuffer·p0.95","sample",1,1,334.000000,NaN,"ns/op",1024,1,17,copyin,50
"com.evolvedbinary.jnibench.jmhbench.PutJNIBenchmark.putFromDirectByteBuffer:putFromDirectByteBuffer·p0.99","sample",1,1,375.000000,NaN,"ns/op",1024,1,17,copyin,50
"com.evolvedbinary.jnibench.jmhbench.PutJNIBenchmark.putFromDirectByteBuffer:putFromDirectByteBuffer·p0.999","sample",1,1,2540.000000,NaN,"ns/op",1024,1,17,copyin,50
"com.evolvedbinary.jnibench.jmhbench.PutJNIBenchmark.putFromDirectByteBuffer:putFromDirectByteBuffer·p0.9999","sample",1,1,11889.404800,NaN,"ns/op",1024,1,17,copyin,50
"com.evolvedbinary.jnibench.jmhbench.PutJNIBenchmark.putFromDirectByteBuffer:putFromDirectByteBuffer·p1.00","sample",1,1,925696.000000,NaN,"ns/op",1024,1,17,copyin,50
"com.evolvedbinary.jnibench.jmhbench.PutJNIBenchmark.putFromDirectByteBuffer","sample",1,3138488,340.321995,0.800722,"ns/op",1024,1,17,copyin,512
"com.evolvedbinary.jnibench.jmhbench.PutJNIBenchmark.putFromDirectByteBuffer:putFromDirectByteBuffer·p0.00","sample",1,1,41.000000,NaN,"ns/op",1024,1,17,copyin,512
"com.evolvedbinary.jnibench.jmhbench.PutJNIBenchmark.putFromDirectByteBuffer:putFromDirectByteBuffer·p0.50","sample",1,1,333.000000,NaN,"ns/op",1024,1,17,copyin,512
"com.evolvedbinary.jnibench.jmhbench.PutJNIBenchmark.putFromDirectByteBuffer:putFromDirectByteBuffer·p0.90","sample",1,1,375.000000,NaN,"ns/op",1024,1,17,copyin,512
"com.evolvedbinary.jnibench.jmhbench.PutJNIBenchmark.putFromDirectByteBuffer:putFromDirectByteBuffer·p0.95","sample",1,1,375.000000,NaN,"ns/op",1024,1,17,copyin,512
"com.evolvedbinary.jnibench.jmhbench.PutJNIBenchmark.putFromDirectByteBuffer:putFromDirectByteBuffer·p0.99","sample",1,1,375.000000,NaN,"ns/op",1024,1,17,copyin,512
"com.evolvedbinary.jnibench.jmhbench.PutJNIBenchmark.putFromDirectByteBuffer:putFromDirectByteBuffer·p0.999","sample",1,1,2372.000000,NaN,"ns/op",1024,1,17,copyin,512
"com.evolvedbinary.jnibench.jmhbench.PutJNIBenchmark.putFromDirectByteBuffer:putFromDirectByteBuffer·p0.9999","sample",1,1,12992.000000,NaN,"ns/op",1024,1,17,copyin,512
"com.evolvedbinary.jnibench.jmhbench.PutJNIBenchmark.putFromDirectByteBuffer:putFromDirectByteBuffer·p1.00","sample",1,1,507904.000000,NaN,"ns/op",1024,1,17,copyin,512
"com.evolvedbinary.jnibench.jmhbench.PutJNIBenchmark.putFromDirectByteBuffer","sample",1,3040174,344.809346,0.944633,"ns/op",1024,1,17,copyin,1024
"com.evolvedbinary.jnibench.jmhbench.PutJNIBenchmark.putFromDirectByteBuffer:putFromDirectByteBuffer·p0.00","sample",1,1,41.000000,NaN,"ns/op",1024,1,17,copyin,1024
"com.evolvedbinary.jnibench.jmhbench.PutJNIBenchmark.putFromDirectByteBuffer:putFromDirectByteBuffer·p0.50","sample",1,1,333.000000,NaN,"ns/op",1024,1,17,copyin,1024
"com.evolvedbinary.jnibench.jmhbench.PutJNIBenchmark.putFromDirectByteBuffer:putFromDirectByteBuffer·p0.90","sample",1,1,334.000000,NaN,"ns/op",1024,1,17,copyin,1024
"com.evolvedbinary.jnibench.jmhbench.PutJNIBenchmark.putFromDirectByteBuffer:putFromDirectByteBuffer·p0.95","sample",1,1,375.000000,NaN,"ns/op",1024,1,17,copyin,1024
"com.evolvedbinary.jnibench.jmhbench.PutJNIBenchmark.putFromDirectByteBuffer:putFromDirectByteBuffer·p0.99","sample",1,1,375.000000,NaN,"ns/op",1024,1,17,copyin,1024
"com.evolvedbinary.jnibench.jmhbench.PutJNIBenchmark.putFromDirectByteBuffer:putFromDirectByteBuffer·p0.999","sample",1,1,2580.000000,NaN,"ns/op",1024,1,17,copyin,1024
"com.evolvedbinary.jnibench.jmhbench.PutJNIBenchmark.putFromDirectByteBuffer:putFromDirectByteBuffer·p0.9999","sample",1,1,13535.160000,NaN,"ns/op",1024,1,17,copyin,1024
"com.evolvedbinary.jnibench.jmhbench.PutJNIBenchmark.putFromDirectByteBuffer:putFromDirectByteBuffer·p1.00","sample",1,1,444928.000000,NaN,"ns/op",1024,1,17,copyin,1024
"com.evolvedbinary.jnibench.jmhbench.PutJNIBenchmark.putFromDirectByteBuffer","sample",1,4460752,444.408876,0.586789,"ns/op",1024,1,17,copyin,4096
"com.evolvedbinary.jnibench.jmhbench.PutJNIBenchmark.putFromDirectByteBuffer:putFromDirectByteBuffer·p0.00","sample",1,1,41.000000,NaN,"ns/op",1024,1,17,copyin,4096
"com.evolvedbinary.jnibench.jmhbench.PutJNIBenchmark.putFromDirectByteBuffer:putFromDirectByteBuffer·p0.50","sample",1,1,417.000000,NaN,"ns/op",1024,1,17,copyin,4096
"com.evolvedbinary.jnibench.jmhbench.PutJNIBenchmark.putFromDirectByteBuffer:putFromDirectByteBuffer·p0.90","sample",1,1,500.000000,NaN,"ns/op",1024,1,17,copyin,4096
"com.evolvedbinary.jnibench.jmhbench.PutJNIBenchmark.putFromDirectByteBuffer:putFromDirectByteBuffer·p0.95","sample",1,1,542.000000,NaN,"ns/op",1024,1,17,copyin,4096
"com.evolvedbinary.jnibench.jmhbench.PutJNIBenchmark.putFromDirectByteBuffer:putFromDirectByteBuffer·p0.99","sample",1,1,584.000000,NaN,"ns/op",1024,1,17,copyin,4096
"com.evolvedbinary.jnibench.jmhbench.PutJNIBenchmark.putFromDirectByteBuffer:putFromDirectByteBuffer·p0.999","sample",1,1,2372.000000,NaN,"ns/op",1024,1,17,copyin,4096
"com.evolvedbinary.jnibench.jmhbench.PutJNIBenchmark.putFromDirectByteBuffer:putFromDirectByteBuffer·p0.9999","sample",1,1,10032.000000,NaN,"ns/op",1024,1,17,copyin,4096
"com.evolvedbinary.jnibench.jmhbench.PutJNIBenchmark.putFromDirectByteBuffer:putFromDirectByteBuffer·p1.00","sample",1,1,435200.000000,NaN,"ns/op",1024,1,17,copyin,4096
"com.evolvedbinary.jnibench.jmhbench.PutJNIBenchmark.putFromDirectByteBuffer","sample",1,3661480,562.927766,1.668018,"ns/op",1024,1,17,copyin,8192
"com.evolvedbinary.jnibench.jmhbench.PutJNIBenchmark.putFromDirectByteBuffer:putFromDirectByteBuffer·p0.00","sample",1,1,125.000000,NaN,"ns/op",1024,1,17,copyin,8192
"com.evolvedbinary.jnibench.jmhbench.PutJNIBenchmark.putFromDirectByteBuffer:putFromDirectByteBuffer·p0.50","sample",1,1,541.000000,NaN,"ns/op",1024,1,17,copyin,8192
"com.evolvedbinary.jnibench.jmhbench.PutJNIBenchmark.putFromDirectByteBuffer:putFromDirectByteBuffer·p0.90","sample",1,1,666.000000,NaN,"ns/op",1024,1,17,copyin,8192
"com.evolvedbinary.jnibench.jmhbench.PutJNIBenchmark.putFromDirectByteBuffer:putFromDirectByteBuffer·p0.95","sample",1,1,667.000000,NaN,"ns/op",1024,1,17,copyin,8192
"com.evolvedbinary.jnibench.jmhbench.PutJNIBenchmark.putFromDirectByteBuffer:putFromDirectByteBuffer·p0.99","sample",1,1,750.000000,NaN,"ns/op",1024,1,17,copyin,8192
"com.evolvedbinary.jnibench.jmhbench.PutJNIBenchmark.putFromDirectByteBuffer:putFromDirectByteBuffer·p0.999","sample",1,1,3372.000000,NaN,"ns/op",1024,1,17,copyin,8192
"com.evolvedbinary.jnibench.jmhbench.PutJNIBenchmark.putFromDirectByteBuffer:putFromDirectByteBuffer·p0.9999","sample",1,1,13892.152000,NaN,"ns/op",1024,1,17,copyin,8192
"com.evolvedbinary.jnibench.jmhbench.PutJNIBenchmark.putFromDirectByteBuffer:putFromDirectByteBuffer·p1.00","sample",1,1,1732608.000000,NaN,"ns/op",1024,1,17,copyin,8192
"com.evolvedbinary.jnibench.jmhbench.PutJNIBenchmark.putFromDirectByteBuffer","sample",1,3687936,1094.331782,0.851745,"ns/op",1024,1,17,copyin,16384
"com.evolvedbinary.jnibench.jmhbench.PutJNIBenchmark.putFromDirectByteBuffer:putFromDirectByteBuffer·p0.00","sample",1,1,541.000000,NaN,"ns/op",1024,1,17,copyin,16384
"com.evolvedbinary.jnibench.jmhbench.PutJNIBenchmark.putFromDirectByteBuffer:putFromDirectByteBuffer·p0.50","sample",1,1,1208.000000,NaN,"ns/op",1024,1,17,copyin,16384
"com.evolvedbinary.jnibench.jmhbench.PutJNIBenchmark.putFromDirectByteBuffer:putFromDirectByteBuffer·p0.90","sample",1,1,1292.000000,NaN,"ns/op",1024,1,17,copyin,16384
"com.evolvedbinary.jnibench.jmhbench.PutJNIBenchmark.putFromDirectByteBuffer:putFromDirectByteBuffer·p0.95","sample",1,1,1292.000000,NaN,"ns/op",1024,1,17,copyin,16384
"com.evolvedbinary.jnibench.jmhbench.PutJNIBenchmark.putFromDirectByteBuffer:putFromDirectByteBuffer·p0.99","sample",1,1,1374.000000,NaN,"ns/op",1024,1,17,copyin,16384
"com.evolvedbinary.jnibench.jmhbench.PutJNIBenchmark.putFromDirectByteBuffer:putFromDirectByteBuffer·p0.999","sample",1,1,5160.000000,NaN,"ns/op",1024,1,17,copyin,16384
"com.evolvedbinary.jnibench.jmhbench.PutJNIBenchmark.putFromDirectByteBuffer:putFromDirectByteBuffer·p0.9999","sample",1,1,18272.000000,NaN,"ns/op",1024,1,17,copyin,16384
"com.evolvedbinary.jnibench.jmhbench.PutJNIBenchmark.putFromDirectByteBuffer:putFromDirectByteBuffer·p1.00","sample",1,1,157952.000000,NaN,"ns/op",1024,1,17,copyin,16384
"com.evolvedbinary.jnibench.jmhbench.PutJNIBenchmark.putFromDirectByteBuffer","sample",1,3697860,1614.139020,3.182752,"ns/op",1024,1,17,copyin,32768
"com.evolvedbinary.jnibench.jmhbench.PutJNIBenchmark.putFromDirectByteBuffer:putFromDirectByteBuffer·p0.00","sample",1,1,875.000000,NaN,"ns/op",1024,1,17,copyin,32768
"com.evolvedbinary.jnibench.jmhbench.PutJNIBenchmark.putFromDirectByteBuffer:putFromDirectByteBuffer·p0.50","sample",1,1,1374.000000,NaN,"ns/op",1024,1,17,copyin,32768
"com.evolvedbinary.jnibench.jmhbench.PutJNIBenchmark.putFromDirectByteBuffer:putFromDirectByteBuffer·p0.90","sample",1,1,2080.000000,NaN,"ns/op",1024,1,17,copyin,32768
"com.evolvedbinary.jnibench.jmhbench.PutJNIBenchmark.putFromDirectByteBuffer:putFromDirectByteBuffer·p0.95","sample",1,1,2084.000000,NaN,"ns/op",1024,1,17,copyin,32768
"com.evolvedbinary.jnibench.jmhbench.PutJNIBenchmark.putFromDirectByteBuffer:putFromDirectByteBuffer·p0.99","sample",1,1,2164.000000,NaN,"ns/op",1024,1,17,copyin,32768
"com.evolvedbinary.jnibench.jmhbench.PutJNIBenchmark.putFromDirectByteBuffer:putFromDirectByteBuffer·p0.999","sample",1,1,6496.000000,NaN,"ns/op",1024,1,17,copyin,32768
"com.evolvedbinary.jnibench.jmhbench.PutJNIBenchmark.putFromDirectByteBuffer:putFromDirectByteBuffer·p0.9999","sample",1,1,20838.844800,NaN,"ns/op",1024,1,17,copyin,32768
"com.evolvedbinary.jnibench.jmhbench.PutJNIBenchmark.putFromDirectByteBuffer:putFromDirectByteBuffer·p1.00","sample",1,1,2859008.000000,NaN,"ns/op",1024,1,17,copyin,32768
"com.evolvedbinary.jnibench.jmhbench.PutJNIBenchmark.putFromDirectByteBuffer","sample",1,3409688,2532.005778,2.346005,"ns/op",1024,1,17,copyin,65536
"com.evolvedbinary.jnibench.jmhbench.PutJNIBenchmark.putFromDirectByteBuffer:putFromDirectByteBuffer·p0.00","sample",1,1,1790.000000,NaN,"ns/op",1024,1,17,copyin,65536
"com.evolvedbinary.jnibench.jmhbench.PutJNIBenchmark.putFromDirectByteBuffer:putFromDirectByteBuffer·p0.50","sample",1,1,2124.000000,NaN,"ns/op",1024,1,17,copyin,65536
"com.evolvedbinary.jnibench.jmhbench.PutJNIBenchmark.putFromDirectByteBuffer:putFromDirectByteBuffer·p0.90","sample",1,1,3584.000000,NaN,"ns/op",1024,1,17,copyin,65536
"com.evolvedbinary.jnibench.jmhbench.PutJNIBenchmark.putFromDirectByteBuffer:putFromDirectByteBuffer·p0.95","sample",1,1,3664.000000,NaN,"ns/op",1024,1,17,copyin,65536
"com.evolvedbinary.jnibench.jmhbench.PutJNIBenchmark.putFromDirectByteBuffer:putFromDirectByteBuffer·p0.99","sample",1,1,3708.000000,NaN,"ns/op",1024,1,17,copyin,65536
"com.evolvedbinary.jnibench.jmhbench.PutJNIBenchmark.putFromDirectByteBuffer:putFromDirectByteBuffer·p0.999","sample",1,1,7912.000000,NaN,"ns/op",1024,1,17,copyin,65536
"com.evolvedbinary.jnibench.jmhbench.PutJNIBenchmark.putFromDirectByteBuffer:putFromDirectByteBuffer·p0.9999","sample",1,1,23523.980800,NaN,"ns/op",1024,1,17,copyin,65536
"com.evolvedbinary.jnibench.jmhbench.PutJNIBenchmark.putFromDirectByteBuffer:putFromDirectByteBuffer·p1.00","sample",1,1,1925120.000000,NaN,"ns/op",1024,1,17,copyin,65536
"com.evolvedbinary.jnibench.jmhbench.PutJNIBenchmark.putFromIndirectByteBufferGetCritical","sample",1,4293989,478.020557,0.599615,"ns/op",1024,1,17,none,10
"com.evolvedbinary.jnibench.jmhbench.PutJNIBenchmark.putFromIndirectByteBufferGetCritical:putFromIndirectByteBufferGetCritical·p0.00","sample",1,1,42.000000,NaN,"ns/op",1024,1,17,none,10
"com.evolvedbinary.jnibench.jmhbench.PutJNIBenchmark.putFromIndirectByteBufferGetCritical:putFromIndirectByteBufferGetCritical·p0.50","sample",1,1,458.000000,NaN,"ns/op",1024,1,17,none,10
"com.evolvedbinary.jnibench.jmhbench.PutJNIBenchmark.putFromIndirectByteBufferGetCritical:putFromIndirectByteBufferGetCritical·p0.90","sample",1,1,500.000000,NaN,"ns/op",1024,1,17,none,10
"com.evolvedbinary.jnibench.jmhbench.PutJNIBenchmark.putFromIndirectByteBufferGetCritical:putFromIndirectByteBufferGetCritical·p0.95","sample",1,1,500.000000,NaN,"ns/op",1024,1,17,none,10
"com.evolvedbinary.jnibench.jmhbench.PutJNIBenchmark.putFromIndirectByteBufferGetCritical:putFromIndirectByteBufferGetCritical·p0.99","sample",1,1,541.000000,NaN,"ns/op",1024,1,17,none,10
"com.evolvedbinary.jnibench.jmhbench.PutJNIBenchmark.putFromIndirectByteBufferGetCritical:putFromIndirectByteBufferGetCritical·p0.999","sample",1,1,2708.000000,NaN,"ns/op",1024,1,17,none,10
"com.evolvedbinary.jnibench.jmhbench.PutJNIBenchmark.putFromIndirectByteBufferGetCritical:putFromIndirectByteBufferGetCritical·p0.9999","sample",1,1,12307.232000,NaN,"ns/op",1024,1,17,none,10
"com.evolvedbinary.jnibench.jmhbench.PutJNIBenchmark.putFromIndirectByteBufferGetCritical:putFromIndirectByteBufferGetCritical·p1.00","sample",1,1,333312.000000,NaN,"ns/op",1024,1,17,none,10
"com.evolvedbinary.jnibench.jmhbench.PutJNIBenchmark.putFromIndirectByteBufferGetCritical","sample",1,4304493,478.751187,1.612132,"ns/op",1024,1,17,none,50
"com.evolvedbinary.jnibench.jmhbench.PutJNIBenchmark.putFromIndirectByteBufferGetCritical:putFromIndirectByteBufferGetCritical·p0.00","sample",1,1,42.000000,NaN,"ns/op",1024,1,17,none,50
"com.evolvedbinary.jnibench.jmhbench.PutJNIBenchmark.putFromIndirectByteBufferGetCritical:putFromIndirectByteBufferGetCritical·p0.50","sample",1,1,458.000000,NaN,"ns/op",1024,1,17,none,50
"com.evolvedbinary.jnibench.jmhbench.PutJNIBenchmark.putFromIndirectByteBufferGetCritical:putFromIndirectByteBufferGetCritical·p0.90","sample",1,1,500.000000,NaN,"ns/op",1024,1,17,none,50
"com.evolvedbinary.jnibench.jmhbench.PutJNIBenchmark.putFromIndirectByteBufferGetCritical:putFromIndirectByteBufferGetCritical·p0.95","sample",1,1,500.000000,NaN,"ns/op",1024,1,17,none,50
"com.evolvedbinary.jnibench.jmhbench.PutJNIBenchmark.putFromIndirectByteBufferGetCritical:putFromIndirectByteBufferGetCritical·p0.99","sample",1,1,500.000000,NaN,"ns/op",1024,1,17,none,50
"com.evolvedbinary.jnibench.jmhbench.PutJNIBenchmark.putFromIndirectByteBufferGetCritical:putFromIndirectByteBufferGetCritical·p0.999","sample",1,1,2686.264000,NaN,"ns/op",1024,1,17,none,50
"com.evolvedbinary.jnibench.jmhbench.PutJNIBenchmark.putFromIndirectByteBufferGetCritical:putFromIndirectByteBufferGetCritical·p0.9999","sample",1,1,13872.000000,NaN,"ns/op",1024,1,17,none,50
"com.evolvedbinary.jnibench.jmhbench.PutJNIBenchmark.putFromIndirectByteBufferGetCritical:putFromIndirectByteBufferGetCritical·p1.00","sample",1,1,1624064.000000,NaN,"ns/op",1024,1,17,none,50
"com.evolvedbinary.jnibench.jmhbench.PutJNIBenchmark.putFromIndirectByteBufferGetCritical","sample",1,4288977,477.470837,0.552015,"ns/op",1024,1,17,none,512
"com.evolvedbinary.jnibench.jmhbench.PutJNIBenchmark.putFromIndirectByteBufferGetCritical:putFromIndirectByteBufferGetCritical·p0.00","sample",1,1,42.000000,NaN,"ns/op",1024,1,17,none,512
"com.evolvedbinary.jnibench.jmhbench.PutJNIBenchmark.putFromIndirectByteBufferGetCritical:putFromIndirectByteBufferGetCritical·p0.50","sample",1,1,458.000000,NaN,"ns/op",1024,1,17,none,512
"com.evolvedbinary.jnibench.jmhbench.PutJNIBenchmark.putFromIndirectByteBufferGetCritical:putFromIndirectByteBufferGetCritical·p0.90","sample",1,1,500.000000,NaN,"ns/op",1024,1,17,none,512
"com.evolvedbinary.jnibench.jmhbench.PutJNIBenchmark.putFromIndirectByteBufferGetCritical:putFromIndirectByteBufferGetCritical·p0.95","sample",1,1,500.000000,NaN,"ns/op",1024,1,17,none,512
"com.evolvedbinary.jnibench.jmhbench.PutJNIBenchmark.putFromIndirectByteBufferGetCritical:putFromIndirectByteBufferGetCritical·p0.99","sample",1,1,500.000000,NaN,"ns/op",1024,1,17,none,512
"com.evolvedbinary.jnibench.jmhbench.PutJNIBenchmark.putFromIndirectByteBufferGetCritical:putFromIndirectByteBufferGetCritical·p0.999","sample",1,1,2584.000000,NaN,"ns/op",1024,1,17,none,512
"com.evolvedbinary.jnibench.jmhbench.PutJNIBenchmark.putFromIndirectByteBufferGetCritical:putFromIndirectByteBufferGetCritical·p0.9999","sample",1,1,12160.000000,NaN,"ns/op",1024,1,17,none,512
"com.evolvedbinary.jnibench.jmhbench.PutJNIBenchmark.putFromIndirectByteBufferGetCritical:putFromIndirectByteBufferGetCritical·p1.00","sample",1,1,239616.000000,NaN,"ns/op",1024,1,17,none,512
"com.evolvedbinary.jnibench.jmhbench.PutJNIBenchmark.putFromIndirectByteBufferGetCritical","sample",1,4236343,484.285779,1.861820,"ns/op",1024,1,17,none,1024
"com.evolvedbinary.jnibench.jmhbench.PutJNIBenchmark.putFromIndirectByteBufferGetCritical:putFromIndirectByteBufferGetCritical·p0.00","sample",1,1,83.000000,NaN,"ns/op",1024,1,17,none,1024
"com.evolvedbinary.jnibench.jmhbench.PutJNIBenchmark.putFromIndirectByteBufferGetCritical:putFromIndirectByteBufferGetCritical·p0.50","sample",1,1,459.000000,NaN,"ns/op",1024,1,17,none,1024
"com.evolvedbinary.jnibench.jmhbench.PutJNIBenchmark.putFromIndirectByteBufferGetCritical:putFromIndirectByteBufferGetCritical·p0.90","sample",1,1,500.000000,NaN,"ns/op",1024,1,17,none,1024
"com.evolvedbinary.jnibench.jmhbench.PutJNIBenchmark.putFromIndirectByteBufferGetCritical:putFromIndirectByteBufferGetCritical·p0.95","sample",1,1,500.000000,NaN,"ns/op",1024,1,17,none,1024
"com.evolvedbinary.jnibench.jmhbench.PutJNIBenchmark.putFromIndirectByteBufferGetCritical:putFromIndirectByteBufferGetCritical·p0.99","sample",1,1,541.000000,NaN,"ns/op",1024,1,17,none,1024
"com.evolvedbinary.jnibench.jmhbench.PutJNIBenchmark.putFromIndirectByteBufferGetCritical:putFromIndirectByteBufferGetCritical·p0.999","sample",1,1,2624.000000,NaN,"ns/op",1024,1,17,none,1024
"com.evolvedbinary.jnibench.jmhbench.PutJNIBenchmark.putFromIndirectByteBufferGetCritical:putFromIndirectByteBufferGetCritical·p0.9999","sample",1,1,13169.548800,NaN,"ns/op",1024,1,17,none,1024
"com.evolvedbinary.jnibench.jmhbench.PutJNIBenchmark.putFromIndirectByteBufferGetCritical:putFromIndirectByteBufferGetCritical·p1.00","sample",1,1,2293760.000000,NaN,"ns/op",1024,1,17,none,1024
"com.evolvedbinary.jnibench.jmhbench.PutJNIBenchmark.putFromIndirectByteBufferGetCritical","sample",1,3543489,580.516211,4.115201,"ns/op",1024,1,17,none,4096
"com.evolvedbinary.jnibench.jmhbench.PutJNIBenchmark.putFromIndirectByteBufferGetCritical:putFromIndirectByteBufferGetCritical·p0.00","sample",1,1,167.000000,NaN,"ns/op",1024,1,17,none,4096
"com.evolvedbinary.jnibench.jmhbench.PutJNIBenchmark.putFromIndirectByteBufferGetCritical:putFromIndirectByteBufferGetCritical·p0.50","sample",1,1,542.000000,NaN,"ns/op",1024,1,17,none,4096
"com.evolvedbinary.jnibench.jmhbench.PutJNIBenchmark.putFromIndirectByteBufferGetCritical:putFromIndirectByteBufferGetCritical·p0.90","sample",1,1,667.000000,NaN,"ns/op",1024,1,17,none,4096
"com.evolvedbinary.jnibench.jmhbench.PutJNIBenchmark.putFromIndirectByteBufferGetCritical:putFromIndirectByteBufferGetCritical·p0.95","sample",1,1,708.000000,NaN,"ns/op",1024,1,17,none,4096
"com.evolvedbinary.jnibench.jmhbench.PutJNIBenchmark.putFromIndirectByteBufferGetCritical:putFromIndirectByteBufferGetCritical·p0.99","sample",1,1,750.000000,NaN,"ns/op",1024,1,17,none,4096
"com.evolvedbinary.jnibench.jmhbench.PutJNIBenchmark.putFromIndirectByteBufferGetCritical:putFromIndirectByteBufferGetCritical·p0.999","sample",1,1,3624.000000,NaN,"ns/op",1024,1,17,none,4096
"com.evolvedbinary.jnibench.jmhbench.PutJNIBenchmark.putFromIndirectByteBufferGetCritical:putFromIndirectByteBufferGetCritical·p0.9999","sample",1,1,16032.000000,NaN,"ns/op",1024,1,17,none,4096
"com.evolvedbinary.jnibench.jmhbench.PutJNIBenchmark.putFromIndirectByteBufferGetCritical:putFromIndirectByteBufferGetCritical·p1.00","sample",1,1,4227072.000000,NaN,"ns/op",1024,1,17,none,4096
"com.evolvedbinary.jnibench.jmhbench.PutJNIBenchmark.putFromIndirectByteBufferGetCritical","sample",1,3104001,662.513211,0.790182,"ns/op",1024,1,17,none,8192
"com.evolvedbinary.jnibench.jmhbench.PutJNIBenchmark.putFromIndirectByteBufferGetCritical:putFromIndirectByteBufferGetCritical·p0.00","sample",1,1,292.000000,NaN,"ns/op",1024,1,17,none,8192
"com.evolvedbinary.jnibench.jmhbench.PutJNIBenchmark.putFromIndirectByteBufferGetCritical:putFromIndirectByteBufferGetCritical·p0.50","sample",1,1,625.000000,NaN,"ns/op",1024,1,17,none,8192
"com.evolvedbinary.jnibench.jmhbench.PutJNIBenchmark.putFromIndirectByteBufferGetCritical:putFromIndirectByteBufferGetCritical·p0.90","sample",1,1,750.000000,NaN,"ns/op",1024,1,17,none,8192
"com.evolvedbinary.jnibench.jmhbench.PutJNIBenchmark.putFromIndirectByteBufferGetCritical:putFromIndirectByteBufferGetCritical·p0.95","sample",1,1,792.000000,NaN,"ns/op",1024,1,17,none,8192
"com.evolvedbinary.jnibench.jmhbench.PutJNIBenchmark.putFromIndirectByteBufferGetCritical:putFromIndirectByteBufferGetCritical·p0.99","sample",1,1,917.000000,NaN,"ns/op",1024,1,17,none,8192
"com.evolvedbinary.jnibench.jmhbench.PutJNIBenchmark.putFromIndirectByteBufferGetCritical:putFromIndirectByteBufferGetCritical·p0.999","sample",1,1,4328.000000,NaN,"ns/op",1024,1,17,none,8192
"com.evolvedbinary.jnibench.jmhbench.PutJNIBenchmark.putFromIndirectByteBufferGetCritical:putFromIndirectByteBufferGetCritical·p0.9999","sample",1,1,16019.193600,NaN,"ns/op",1024,1,17,none,8192
"com.evolvedbinary.jnibench.jmhbench.PutJNIBenchmark.putFromIndirectByteBufferGetCritical:putFromIndirectByteBufferGetCritical·p1.00","sample",1,1,265216.000000,NaN,"ns/op",1024,1,17,none,8192
"com.evolvedbinary.jnibench.jmhbench.PutJNIBenchmark.putFromIndirectByteBufferGetCritical","sample",1,3649033,1104.945487,0.915312,"ns/op",1024,1,17,none,16384
"com.evolvedbinary.jnibench.jmhbench.PutJNIBenchmark.putFromIndirectByteBufferGetCritical:putFromIndirectByteBufferGetCritical·p0.00","sample",1,1,625.000000,NaN,"ns/op",1024,1,17,none,16384
"com.evolvedbinary.jnibench.jmhbench.PutJNIBenchmark.putFromIndirectByteBufferGetCritical:putFromIndirectByteBufferGetCritical·p0.50","sample",1,1,1250.000000,NaN,"ns/op",1024,1,17,none,16384
"com.evolvedbinary.jnibench.jmhbench.PutJNIBenchmark.putFromIndirectByteBufferGetCritical:putFromIndirectByteBufferGetCritical·p0.90","sample",1,1,1290.000000,NaN,"ns/op",1024,1,17,none,16384
"com.evolvedbinary.jnibench.jmhbench.PutJNIBenchmark.putFromIndirectByteBufferGetCritical:putFromIndirectByteBufferGetCritical·p0.95","sample",1,1,1292.000000,NaN,"ns/op",1024,1,17,none,16384
"com.evolvedbinary.jnibench.jmhbench.PutJNIBenchmark.putFromIndirectByteBufferGetCritical:putFromIndirectByteBufferGetCritical·p0.99","sample",1,1,1416.000000,NaN,"ns/op",1024,1,17,none,16384
"com.evolvedbinary.jnibench.jmhbench.PutJNIBenchmark.putFromIndirectByteBufferGetCritical:putFromIndirectByteBufferGetCritical·p0.999","sample",1,1,5368.000000,NaN,"ns/op",1024,1,17,none,16384
"com.evolvedbinary.jnibench.jmhbench.PutJNIBenchmark.putFromIndirectByteBufferGetCritical:putFromIndirectByteBufferGetCritical·p0.9999","sample",1,1,18720.000000,NaN,"ns/op",1024,1,17,none,16384
"com.evolvedbinary.jnibench.jmhbench.PutJNIBenchmark.putFromIndirectByteBufferGetCritical:putFromIndirectByteBufferGetCritical·p1.00","sample",1,1,407552.000000,NaN,"ns/op",1024,1,17,none,16384
"com.evolvedbinary.jnibench.jmhbench.PutJNIBenchmark.putFromIndirectByteBufferGetCritical","sample",1,3641927,1656.813206,1.035626,"ns/op",1024,1,17,none,32768
"com.evolvedbinary.jnibench.jmhbench.PutJNIBenchmark.putFromIndirectByteBufferGetCritical:putFromIndirectByteBufferGetCritical·p0.00","sample",1,1,875.000000,NaN,"ns/op",1024,1,17,none,32768
"com.evolvedbinary.jnibench.jmhbench.PutJNIBenchmark.putFromIndirectByteBufferGetCritical:putFromIndirectByteBufferGetCritical·p0.50","sample",1,1,1874.000000,NaN,"ns/op",1024,1,17,none,32768
"com.evolvedbinary.jnibench.jmhbench.PutJNIBenchmark.putFromIndirectByteBufferGetCritical:putFromIndirectByteBufferGetCritical·p0.90","sample",1,1,1916.000000,NaN,"ns/op",1024,1,17,none,32768
"com.evolvedbinary.jnibench.jmhbench.PutJNIBenchmark.putFromIndirectByteBufferGetCritical:putFromIndirectByteBufferGetCritical·p0.95","sample",1,1,1916.000000,NaN,"ns/op",1024,1,17,none,32768
"com.evolvedbinary.jnibench.jmhbench.PutJNIBenchmark.putFromIndirectByteBufferGetCritical:putFromIndirectByteBufferGetCritical·p0.99","sample",1,1,2124.000000,NaN,"ns/op",1024,1,17,none,32768
"com.evolvedbinary.jnibench.jmhbench.PutJNIBenchmark.putFromIndirectByteBufferGetCritical:putFromIndirectByteBufferGetCritical·p0.999","sample",1,1,6368.000000,NaN,"ns/op",1024,1,17,none,32768
"com.evolvedbinary.jnibench.jmhbench.PutJNIBenchmark.putFromIndirectByteBufferGetCritical:putFromIndirectByteBufferGetCritical·p0.9999","sample",1,1,19744.000000,NaN,"ns/op",1024,1,17,none,32768
"com.evolvedbinary.jnibench.jmhbench.PutJNIBenchmark.putFromIndirectByteBufferGetCritical:putFromIndirectByteBufferGetCritical·p1.00","sample",1,1,185856.000000,NaN,"ns/op",1024,1,17,none,32768
"com.evolvedbinary.jnibench.jmhbench.PutJNIBenchmark.putFromIndirectByteBufferGetCritical","sample",1,2798029,1877.923944,1.473851,"ns/op",1024,1,17,none,65536
"com.evolvedbinary.jnibench.jmhbench.PutJNIBenchmark.putFromIndirectByteBufferGetCritical:putFromIndirectByteBufferGetCritical·p0.00","sample",1,1,1332.000000,NaN,"ns/op",1024,1,17,none,65536
"com.evolvedbinary.jnibench.jmhbench.PutJNIBenchmark.putFromIndirectByteBufferGetCritical:putFromIndirectByteBufferGetCritical·p0.50","sample",1,1,1584.000000,NaN,"ns/op",1024,1,17,none,65536
"com.evolvedbinary.jnibench.jmhbench.PutJNIBenchmark.putFromIndirectByteBufferGetCritical:putFromIndirectByteBufferGetCritical·p0.90","sample",1,1,3164.000000,NaN,"ns/op",1024,1,17,none,65536
"com.evolvedbinary.jnibench.jmhbench.PutJNIBenchmark.putFromIndirectByteBufferGetCritical:putFromIndirectByteBufferGetCritical·p0.95","sample",1,1,3208.000000,NaN,"ns/op",1024,1,17,none,65536
"com.evolvedbinary.jnibench.jmhbench.PutJNIBenchmark.putFromIndirectByteBufferGetCritical:putFromIndirectByteBufferGetCritical·p0.99","sample",1,1,3332.000000,NaN,"ns/op",1024,1,17,none,65536
"com.evolvedbinary.jnibench.jmhbench.PutJNIBenchmark.putFromIndirectByteBufferGetCritical:putFromIndirectByteBufferGetCritical·p0.999","sample",1,1,7288.000000,NaN,"ns/op",1024,1,17,none,65536
"com.evolvedbinary.jnibench.jmhbench.PutJNIBenchmark.putFromIndirectByteBufferGetCritical:putFromIndirectByteBufferGetCritical·p0.9999","sample",1,1,24448.000000,NaN,"ns/op",1024,1,17,none,65536
"com.evolvedbinary.jnibench.jmhbench.PutJNIBenchmark.putFromIndirectByteBufferGetCritical:putFromIndirectByteBufferGetCritical·p1.00","sample",1,1,152832.000000,NaN,"ns/op",1024,1,17,none,65536
"com.evolvedbinary.jnibench.jmhbench.PutJNIBenchmark.putFromIndirectByteBufferGetCritical","sample",1,4240572,482.706770,0.577121,"ns/op",1024,1,17,copyin,10
"com.evolvedbinary.jnibench.jmhbench.PutJNIBenchmark.putFromIndirectByteBufferGetCritical:putFromIndirectByteBufferGetCritical·p0.00","sample",1,1,84.000000,NaN,"ns/op",1024,1,17,copyin,10
"com.evolvedbinary.jnibench.jmhbench.PutJNIBenchmark.putFromIndirectByteBufferGetCritical:putFromIndirectByteBufferGetCritical·p0.50","sample",1,1,459.000000,NaN,"ns/op",1024,1,17,copyin,10
"com.evolvedbinary.jnibench.jmhbench.PutJNIBenchmark.putFromIndirectByteBufferGetCritical:putFromIndirectByteBufferGetCritical·p0.90","sample",1,1,500.000000,NaN,"ns/op",1024,1,17,copyin,10
"com.evolvedbinary.jnibench.jmhbench.PutJNIBenchmark.putFromIndirectByteBufferGetCritical:putFromIndirectByteBufferGetCritical·p0.95","sample",1,1,500.000000,NaN,"ns/op",1024,1,17,copyin,10
"com.evolvedbinary.jnibench.jmhbench.PutJNIBenchmark.putFromIndirectByteBufferGetCritical:putFromIndirectByteBufferGetCritical·p0.99","sample",1,1,542.000000,NaN,"ns/op",1024,1,17,copyin,10
"com.evolvedbinary.jnibench.jmhbench.PutJNIBenchmark.putFromIndirectByteBufferGetCritical:putFromIndirectByteBufferGetCritical·p0.999","sample",1,1,2641.080000,NaN,"ns/op",1024,1,17,copyin,10
"com.evolvedbinary.jnibench.jmhbench.PutJNIBenchmark.putFromIndirectByteBufferGetCritical:putFromIndirectByteBufferGetCritical·p0.9999","sample",1,1,12944.000000,NaN,"ns/op",1024,1,17,copyin,10
"com.evolvedbinary.jnibench.jmhbench.PutJNIBenchmark.putFromIndirectByteBufferGetCritical:putFromIndirectByteBufferGetCritical·p1.00","sample",1,1,297472.000000,NaN,"ns/op",1024,1,17,copyin,10
"com.evolvedbinary.jnibench.jmhbench.PutJNIBenchmark.putFromIndirectByteBufferGetCritical","sample",1,4200811,490.899955,10.348392,"ns/op",1024,1,17,copyin,50
"com.evolvedbinary.jnibench.jmhbench.PutJNIBenchmark.putFromIndirectByteBufferGetCritical:putFromIndirectByteBufferGetCritical·p0.00","sample",1,1,42.000000,NaN,"ns/op",1024,1,17,copyin,50
"com.evolvedbinary.jnibench.jmhbench.PutJNIBenchmark.putFromIndirectByteBufferGetCritical:putFromIndirectByteBufferGetCritical·p0.50","sample",1,1,459.000000,NaN,"ns/op",1024,1,17,copyin,50
"com.evolvedbinary.jnibench.jmhbench.PutJNIBenchmark.putFromIndirectByteBufferGetCritical:putFromIndirectByteBufferGetCritical·p0.90","sample",1,1,500.000000,NaN,"ns/op",1024,1,17,copyin,50
"com.evolvedbinary.jnibench.jmhbench.PutJNIBenchmark.putFromIndirectByteBufferGetCritical:putFromIndirectByteBufferGetCritical·p0.95","sample",1,1,500.000000,NaN,"ns/op",1024,1,17,copyin,50
"com.evolvedbinary.jnibench.jmhbench.PutJNIBenchmark.putFromIndirectByteBufferGetCritical:putFromIndirectByteBufferGetCritical·p0.99","sample",1,1,542.000000,NaN,"ns/op",1024,1,17,copyin,50
"com.evolvedbinary.jnibench.jmhbench.PutJNIBenchmark.putFromIndirectByteBufferGetCritical:putFromIndirectByteBufferGetCritical·p0.999","sample",1,1,2748.000000,NaN,"ns/op",1024,1,17,copyin,50
"com.evolvedbinary.jnibench.jmhbench.PutJNIBenchmark.putFromIndirectByteBufferGetCritical:putFromIndirectByteBufferGetCritical·p0.9999","sample",1,1,13813.606400,NaN,"ns/op",1024,1,17,copyin,50
"com.evolvedbinary.jnibench.jmhbench.PutJNIBenchmark.putFromIndirectByteBufferGetCritical:putFromIndirectByteBufferGetCritical·p1.00","sample",1,1,13090816.000000,NaN,"ns/op",1024,1,17,copyin,50
"com.evolvedbinary.jnibench.jmhbench.PutJNIBenchmark.putFromIndirectByteBufferGetCritical","sample",1,4110933,498.439677,0.526771,"ns/op",1024,1,17,copyin,512
"com.evolvedbinary.jnibench.jmhbench.PutJNIBenchmark.putFromIndirectByteBufferGetCritical:putFromIndirectByteBufferGetCritical·p0.00","sample",1,1,83.000000,NaN,"ns/op",1024,1,17,copyin,512
"com.evolvedbinary.jnibench.jmhbench.PutJNIBenchmark.putFromIndirectByteBufferGetCritical:putFromIndirectByteBufferGetCritical·p0.50","sample",1,1,500.000000,NaN,"ns/op",1024,1,17,copyin,512
"com.evolvedbinary.jnibench.jmhbench.PutJNIBenchmark.putFromIndirectByteBufferGetCritical:putFromIndirectByteBufferGetCritical·p0.90","sample",1,1,500.000000,NaN,"ns/op",1024,1,17,copyin,512
"com.evolvedbinary.jnibench.jmhbench.PutJNIBenchmark.putFromIndirectByteBufferGetCritical:putFromIndirectByteBufferGetCritical·p0.95","sample",1,1,500.000000,NaN,"ns/op",1024,1,17,copyin,512
"com.evolvedbinary.jnibench.jmhbench.PutJNIBenchmark.putFromIndirectByteBufferGetCritical:putFromIndirectByteBufferGetCritical·p0.99","sample",1,1,542.000000,NaN,"ns/op",1024,1,17,copyin,512
"com.evolvedbinary.jnibench.jmhbench.PutJNIBenchmark.putFromIndirectByteBufferGetCritical:putFromIndirectByteBufferGetCritical·p0.999","sample",1,1,2710.640000,NaN,"ns/op",1024,1,17,copyin,512
"com.evolvedbinary.jnibench.jmhbench.PutJNIBenchmark.putFromIndirectByteBufferGetCritical:putFromIndirectByteBufferGetCritical·p0.9999","sample",1,1,13360.000000,NaN,"ns/op",1024,1,17,copyin,512
"com.evolvedbinary.jnibench.jmhbench.PutJNIBenchmark.putFromIndirectByteBufferGetCritical:putFromIndirectByteBufferGetCritical·p1.00","sample",1,1,73472.000000,NaN,"ns/op",1024,1,17,copyin,512
"com.evolvedbinary.jnibench.jmhbench.PutJNIBenchmark.putFromIndirectByteBufferGetCritical","sample",1,3987516,513.537073,2.128864,"ns/op",1024,1,17,copyin,1024
"com.evolvedbinary.jnibench.jmhbench.PutJNIBenchmark.putFromIndirectByteBufferGetCritical:putFromIndirectByteBufferGetCritical·p0.00","sample",1,1,166.000000,NaN,"ns/op",1024,1,17,copyin,1024
"com.evolvedbinary.jnibench.jmhbench.PutJNIBenchmark.putFromIndirectByteBufferGetCritical:putFromIndirectByteBufferGetCritical·p0.50","sample",1,1,500.000000,NaN,"ns/op",1024,1,17,copyin,1024
"com.evolvedbinary.jnibench.jmhbench.PutJNIBenchmark.putFromIndirectByteBufferGetCritical:putFromIndirectByteBufferGetCritical·p0.90","sample",1,1,541.000000,NaN,"ns/op",1024,1,17,copyin,1024
"com.evolvedbinary.jnibench.jmhbench.PutJNIBenchmark.putFromIndirectByteBufferGetCritical:putFromIndirectByteBufferGetCritical·p0.95","sample",1,1,542.000000,NaN,"ns/op",1024,1,17,copyin,1024
"com.evolvedbinary.jnibench.jmhbench.PutJNIBenchmark.putFromIndirectByteBufferGetCritical:putFromIndirectByteBufferGetCritical·p0.99","sample",1,1,542.000000,NaN,"ns/op",1024,1,17,copyin,1024
"com.evolvedbinary.jnibench.jmhbench.PutJNIBenchmark.putFromIndirectByteBufferGetCritical:putFromIndirectByteBufferGetCritical·p0.999","sample",1,1,2916.000000,NaN,"ns/op",1024,1,17,copyin,1024
"com.evolvedbinary.jnibench.jmhbench.PutJNIBenchmark.putFromIndirectByteBufferGetCritical:putFromIndirectByteBufferGetCritical·p0.9999","sample",1,1,13707.918400,NaN,"ns/op",1024,1,17,copyin,1024
"com.evolvedbinary.jnibench.jmhbench.PutJNIBenchmark.putFromIndirectByteBufferGetCritical:putFromIndirectByteBufferGetCritical·p1.00","sample",1,1,2494464.000000,NaN,"ns/op",1024,1,17,copyin,1024
"com.evolvedbinary.jnibench.jmhbench.PutJNIBenchmark.putFromIndirectByteBufferGetCritical","sample",1,3304142,623.802554,1.012128,"ns/op",1024,1,17,copyin,4096
"com.evolvedbinary.jnibench.jmhbench.PutJNIBenchmark.putFromIndirectByteBufferGetCritical:putFromIndirectByteBufferGetCritical·p0.00","sample",1,1,125.000000,NaN,"ns/op",1024,1,17,copyin,4096
"com.evolvedbinary.jnibench.jmhbench.PutJNIBenchmark.putFromIndirectByteBufferGetCritical:putFromIndirectByteBufferGetCritical·p0.50","sample",1,1,583.000000,NaN,"ns/op",1024,1,17,copyin,4096
"com.evolvedbinary.jnibench.jmhbench.PutJNIBenchmark.putFromIndirectByteBufferGetCritical:putFromIndirectByteBufferGetCritical·p0.90","sample",1,1,708.000000,NaN,"ns/op",1024,1,17,copyin,4096
"com.evolvedbinary.jnibench.jmhbench.PutJNIBenchmark.putFromIndirectByteBufferGetCritical:putFromIndirectByteBufferGetCritical·p0.95","sample",1,1,709.000000,NaN,"ns/op",1024,1,17,copyin,4096
"com.evolvedbinary.jnibench.jmhbench.PutJNIBenchmark.putFromIndirectByteBufferGetCritical:putFromIndirectByteBufferGetCritical·p0.99","sample",1,1,791.000000,NaN,"ns/op",1024,1,17,copyin,4096
"com.evolvedbinary.jnibench.jmhbench.PutJNIBenchmark.putFromIndirectByteBufferGetCritical:putFromIndirectByteBufferGetCritical·p0.999","sample",1,1,6248.000000,NaN,"ns/op",1024,1,17,copyin,4096
"com.evolvedbinary.jnibench.jmhbench.PutJNIBenchmark.putFromIndirectByteBufferGetCritical:putFromIndirectByteBufferGetCritical·p0.9999","sample",1,1,14736.000000,NaN,"ns/op",1024,1,17,copyin,4096
"com.evolvedbinary.jnibench.jmhbench.PutJNIBenchmark.putFromIndirectByteBufferGetCritical:putFromIndirectByteBufferGetCritical·p1.00","sample",1,1,458240.000000,NaN,"ns/op",1024,1,17,copyin,4096
"com.evolvedbinary.jnibench.jmhbench.PutJNIBenchmark.putFromIndirectByteBufferGetCritical","sample",1,2894357,773.456879,0.795056,"ns/op",1024,1,17,copyin,8192
"com.evolvedbinary.jnibench.jmhbench.PutJNIBenchmark.putFromIndirectByteBufferGetCritical:putFromIndirectByteBufferGetCritical·p0.00","sample",1,1,375.000000,NaN,"ns/op",1024,1,17,copyin,8192
"com.evolvedbinary.jnibench.jmhbench.PutJNIBenchmark.putFromIndirectByteBufferGetCritical:putFromIndirectByteBufferGetCritical·p0.50","sample",1,1,750.000000,NaN,"ns/op",1024,1,17,copyin,8192
"com.evolvedbinary.jnibench.jmhbench.PutJNIBenchmark.putFromIndirectByteBufferGetCritical:putFromIndirectByteBufferGetCritical·p0.90","sample",1,1,875.000000,NaN,"ns/op",1024,1,17,copyin,8192
"com.evolvedbinary.jnibench.jmhbench.PutJNIBenchmark.putFromIndirectByteBufferGetCritical:putFromIndirectByteBufferGetCritical·p0.95","sample",1,1,917.000000,NaN,"ns/op",1024,1,17,copyin,8192
"com.evolvedbinary.jnibench.jmhbench.PutJNIBenchmark.putFromIndirectByteBufferGetCritical:putFromIndirectByteBufferGetCritical·p0.99","sample",1,1,1166.000000,NaN,"ns/op",1024,1,17,copyin,8192
"com.evolvedbinary.jnibench.jmhbench.PutJNIBenchmark.putFromIndirectByteBufferGetCritical:putFromIndirectByteBufferGetCritical·p0.999","sample",1,1,4872.000000,NaN,"ns/op",1024,1,17,copyin,8192
"com.evolvedbinary.jnibench.jmhbench.PutJNIBenchmark.putFromIndirectByteBufferGetCritical:putFromIndirectByteBufferGetCritical·p0.9999","sample",1,1,16466.054400,NaN,"ns/op",1024,1,17,copyin,8192
"com.evolvedbinary.jnibench.jmhbench.PutJNIBenchmark.putFromIndirectByteBufferGetCritical:putFromIndirectByteBufferGetCritical·p1.00","sample",1,1,167424.000000,NaN,"ns/op",1024,1,17,copyin,8192
"com.evolvedbinary.jnibench.jmhbench.PutJNIBenchmark.putFromIndirectByteBufferGetCritical","sample",1,3275694,1236.220744,3.514797,"ns/op",1024,1,17,copyin,16384
"com.evolvedbinary.jnibench.jmhbench.PutJNIBenchmark.putFromIndirectByteBufferGetCritical:putFromIndirectByteBufferGetCritical·p0.00","sample",1,1,791.000000,NaN,"ns/op",1024,1,17,copyin,16384
"com.evolvedbinary.jnibench.jmhbench.PutJNIBenchmark.putFromIndirectByteBufferGetCritical:putFromIndirectByteBufferGetCritical·p0.50","sample",1,1,1084.000000,NaN,"ns/op",1024,1,17,copyin,16384
"com.evolvedbinary.jnibench.jmhbench.PutJNIBenchmark.putFromIndirectByteBufferGetCritical:putFromIndirectByteBufferGetCritical·p0.90","sample",1,1,1458.000000,NaN,"ns/op",1024,1,17,copyin,16384
"com.evolvedbinary.jnibench.jmhbench.PutJNIBenchmark.putFromIndirectByteBufferGetCritical:putFromIndirectByteBufferGetCritical·p0.95","sample",1,1,1458.000000,NaN,"ns/op",1024,1,17,copyin,16384
"com.evolvedbinary.jnibench.jmhbench.PutJNIBenchmark.putFromIndirectByteBufferGetCritical:putFromIndirectByteBufferGetCritical·p0.99","sample",1,1,1584.000000,NaN,"ns/op",1024,1,17,copyin,16384
"com.evolvedbinary.jnibench.jmhbench.PutJNIBenchmark.putFromIndirectByteBufferGetCritical:putFromIndirectByteBufferGetCritical·p0.999","sample",1,1,6160.000000,NaN,"ns/op",1024,1,17,copyin,16384
"com.evolvedbinary.jnibench.jmhbench.PutJNIBenchmark.putFromIndirectByteBufferGetCritical:putFromIndirectByteBufferGetCritical·p0.9999","sample",1,1,20539.552000,NaN,"ns/op",1024,1,17,copyin,16384
"com.evolvedbinary.jnibench.jmhbench.PutJNIBenchmark.putFromIndirectByteBufferGetCritical:putFromIndirectByteBufferGetCritical·p1.00","sample",1,1,2818048.000000,NaN,"ns/op",1024,1,17,copyin,16384
"com.evolvedbinary.jnibench.jmhbench.PutJNIBenchmark.putFromIndirectByteBufferGetCritical","sample",1,3870287,1930.125222,4.964141,"ns/op",1024,1,17,copyin,32768
"com.evolvedbinary.jnibench.jmhbench.PutJNIBenchmark.putFromIndirectByteBufferGetCritical:putFromIndirectByteBufferGetCritical·p0.00","sample",1,1,1250.000000,NaN,"ns/op",1024,1,17,copyin,32768
"com.evolvedbinary.jnibench.jmhbench.PutJNIBenchmark.putFromIndirectByteBufferGetCritical:putFromIndirectByteBufferGetCritical·p0.50","sample",1,1,2208.000000,NaN,"ns/op",1024,1,17,copyin,32768
"com.evolvedbinary.jnibench.jmhbench.PutJNIBenchmark.putFromIndirectByteBufferGetCritical:putFromIndirectByteBufferGetCritical·p0.90","sample",1,1,2248.000000,NaN,"ns/op",1024,1,17,copyin,32768
"com.evolvedbinary.jnibench.jmhbench.PutJNIBenchmark.putFromIndirectByteBufferGetCritical:putFromIndirectByteBufferGetCritical·p0.95","sample",1,1,2248.000000,NaN,"ns/op",1024,1,17,copyin,32768
"com.evolvedbinary.jnibench.jmhbench.PutJNIBenchmark.putFromIndirectByteBufferGetCritical:putFromIndirectByteBufferGetCritical·p0.99","sample",1,1,2456.000000,NaN,"ns/op",1024,1,17,copyin,32768
"com.evolvedbinary.jnibench.jmhbench.PutJNIBenchmark.putFromIndirectByteBufferGetCritical:putFromIndirectByteBufferGetCritical·p0.999","sample",1,1,6872.000000,NaN,"ns/op",1024,1,17,copyin,32768
"com.evolvedbinary.jnibench.jmhbench.PutJNIBenchmark.putFromIndirectByteBufferGetCritical:putFromIndirectByteBufferGetCritical·p0.9999","sample",1,1,20864.000000,NaN,"ns/op",1024,1,17,copyin,32768
"com.evolvedbinary.jnibench.jmhbench.PutJNIBenchmark.putFromIndirectByteBufferGetCritical:putFromIndirectByteBufferGetCritical·p1.00","sample",1,1,4923392.000000,NaN,"ns/op",1024,1,17,copyin,32768
"com.evolvedbinary.jnibench.jmhbench.PutJNIBenchmark.putFromIndirectByteBufferGetCritical","sample",1,3292874,2873.287478,4.012662,"ns/op",1024,1,17,copyin,65536
"com.evolvedbinary.jnibench.jmhbench.PutJNIBenchmark.putFromIndirectByteBufferGetCritical:putFromIndirectByteBufferGetCritical·p0.00","sample",1,1,2042.000000,NaN,"ns/op",1024,1,17,copyin,65536
"com.evolvedbinary.jnibench.jmhbench.PutJNIBenchmark.putFromIndirectByteBufferGetCritical:putFromIndirectByteBufferGetCritical·p0.50","sample",1,1,2500.000000,NaN,"ns/op",1024,1,17,copyin,65536
"com.evolvedbinary.jnibench.jmhbench.PutJNIBenchmark.putFromIndirectByteBufferGetCritical:putFromIndirectByteBufferGetCritical·p0.90","sample",1,1,3872.000000,NaN,"ns/op",1024,1,17,copyin,65536
"com.evolvedbinary.jnibench.jmhbench.PutJNIBenchmark.putFromIndirectByteBufferGetCritical:putFromIndirectByteBufferGetCritical·p0.95","sample",1,1,3872.000000,NaN,"ns/op",1024,1,17,copyin,65536
"com.evolvedbinary.jnibench.jmhbench.PutJNIBenchmark.putFromIndirectByteBufferGetCritical:putFromIndirectByteBufferGetCritical·p0.99","sample",1,1,4080.000000,NaN,"ns/op",1024,1,17,copyin,65536
"com.evolvedbinary.jnibench.jmhbench.PutJNIBenchmark.putFromIndirectByteBufferGetCritical:putFromIndirectByteBufferGetCritical·p0.999","sample",1,1,8944.000000,NaN,"ns/op",1024,1,17,copyin,65536
"com.evolvedbinary.jnibench.jmhbench.PutJNIBenchmark.putFromIndirectByteBufferGetCritical:putFromIndirectByteBufferGetCritical·p0.9999","sample",1,1,32026.400000,NaN,"ns/op",1024,1,17,copyin,65536
"com.evolvedbinary.jnibench.jmhbench.PutJNIBenchmark.putFromIndirectByteBufferGetCritical:putFromIndirectByteBufferGetCritical·p1.00","sample",1,1,2527232.000000,NaN,"ns/op",1024,1,17,copyin,65536
"com.evolvedbinary.jnibench.jmhbench.PutJNIBenchmark.putFromIndirectByteBufferGetElements","sample",1,4091148,503.082765,0.786317,"ns/op",1024,1,17,none,10
"com.evolvedbinary.jnibench.jmhbench.PutJNIBenchmark.putFromIndirectByteBufferGetElements:putFromIndirectByteBufferGetElements·p0.00","sample",1,1,83.000000,NaN,"ns/op",1024,1,17,none,10
"com.evolvedbinary.jnibench.jmhbench.PutJNIBenchmark.putFromIndirectByteBufferGetElements:putFromIndirectByteBufferGetElements·p0.50","sample",1,1,500.000000,NaN,"ns/op",1024,1,17,none,10
"com.evolvedbinary.jnibench.jmhbench.PutJNIBenchmark.putFromIndirectByteBufferGetElements:putFromIndirectByteBufferGetElements·p0.90","sample",1,1,500.000000,NaN,"ns/op",1024,1,17,none,10
"com.evolvedbinary.jnibench.jmhbench.PutJNIBenchmark.putFromIndirectByteBufferGetElements:putFromIndirectByteBufferGetElements·p0.95","sample",1,1,500.000000,NaN,"ns/op",1024,1,17,none,10
"com.evolvedbinary.jnibench.jmhbench.PutJNIBenchmark.putFromIndirectByteBufferGetElements:putFromIndirectByteBufferGetElements·p0.99","sample",1,1,583.000000,NaN,"ns/op",1024,1,17,none,10
"com.evolvedbinary.jnibench.jmhbench.PutJNIBenchmark.putFromIndirectByteBufferGetElements:putFromIndirectByteBufferGetElements·p0.999","sample",1,1,5496.000000,NaN,"ns/op",1024,1,17,none,10
"com.evolvedbinary.jnibench.jmhbench.PutJNIBenchmark.putFromIndirectByteBufferGetElements:putFromIndirectByteBufferGetElements·p0.9999","sample",1,1,12528.000000,NaN,"ns/op",1024,1,17,none,10
"com.evolvedbinary.jnibench.jmhbench.PutJNIBenchmark.putFromIndirectByteBufferGetElements:putFromIndirectByteBufferGetElements·p1.00","sample",1,1,563200.000000,NaN,"ns/op",1024,1,17,none,10
"com.evolvedbinary.jnibench.jmhbench.PutJNIBenchmark.putFromIndirectByteBufferGetElements","sample",1,4119789,498.487696,0.555991,"ns/op",1024,1,17,none,50
"com.evolvedbinary.jnibench.jmhbench.PutJNIBenchmark.putFromIndirectByteBufferGetElements:putFromIndirectByteBufferGetElements·p0.00","sample",1,1,125.000000,NaN,"ns/op",1024,1,17,none,50
"com.evolvedbinary.jnibench.jmhbench.PutJNIBenchmark.putFromIndirectByteBufferGetElements:putFromIndirectByteBufferGetElements·p0.50","sample",1,1,500.000000,NaN,"ns/op",1024,1,17,none,50
"com.evolvedbinary.jnibench.jmhbench.PutJNIBenchmark.putFromIndirectByteBufferGetElements:putFromIndirectByteBufferGetElements·p0.90","sample",1,1,500.000000,NaN,"ns/op",1024,1,17,none,50
"com.evolvedbinary.jnibench.jmhbench.PutJNIBenchmark.putFromIndirectByteBufferGetElements:putFromIndirectByteBufferGetElements·p0.95","sample",1,1,500.000000,NaN,"ns/op",1024,1,17,none,50
"com.evolvedbinary.jnibench.jmhbench.PutJNIBenchmark.putFromIndirectByteBufferGetElements:putFromIndirectByteBufferGetElements·p0.99","sample",1,1,542.000000,NaN,"ns/op",1024,1,17,none,50
"com.evolvedbinary.jnibench.jmhbench.PutJNIBenchmark.putFromIndirectByteBufferGetElements:putFromIndirectByteBufferGetElements·p0.999","sample",1,1,2748.000000,NaN,"ns/op",1024,1,17,none,50
"com.evolvedbinary.jnibench.jmhbench.PutJNIBenchmark.putFromIndirectByteBufferGetElements:putFromIndirectByteBufferGetElements·p0.9999","sample",1,1,13872.000000,NaN,"ns/op",1024,1,17,none,50
"com.evolvedbinary.jnibench.jmhbench.PutJNIBenchmark.putFromIndirectByteBufferGetElements:putFromIndirectByteBufferGetElements·p1.00","sample",1,1,120704.000000,NaN,"ns/op",1024,1,17,none,50
"com.evolvedbinary.jnibench.jmhbench.PutJNIBenchmark.putFromIndirectByteBufferGetElements","sample",1,3940845,520.422900,1.247497,"ns/op",1024,1,17,none,512
"com.evolvedbinary.jnibench.jmhbench.PutJNIBenchmark.putFromIndirectByteBufferGetElements:putFromIndirectByteBufferGetElements·p0.00","sample",1,1,167.000000,NaN,"ns/op",1024,1,17,none,512
"com.evolvedbinary.jnibench.jmhbench.PutJNIBenchmark.putFromIndirectByteBufferGetElements:putFromIndirectByteBufferGetElements·p0.50","sample",1,1,500.000000,NaN,"ns/op",1024,1,17,none,512
"com.evolvedbinary.jnibench.jmhbench.PutJNIBenchmark.putFromIndirectByteBufferGetElements:putFromIndirectByteBufferGetElements·p0.90","sample",1,1,542.000000,NaN,"ns/op",1024,1,17,none,512
"com.evolvedbinary.jnibench.jmhbench.PutJNIBenchmark.putFromIndirectByteBufferGetElements:putFromIndirectByteBufferGetElements·p0.95","sample",1,1,542.000000,NaN,"ns/op",1024,1,17,none,512
"com.evolvedbinary.jnibench.jmhbench.PutJNIBenchmark.putFromIndirectByteBufferGetElements:putFromIndirectByteBufferGetElements·p0.99","sample",1,1,583.000000,NaN,"ns/op",1024,1,17,none,512
"com.evolvedbinary.jnibench.jmhbench.PutJNIBenchmark.putFromIndirectByteBufferGetElements:putFromIndirectByteBufferGetElements·p0.999","sample",1,1,3080.000000,NaN,"ns/op",1024,1,17,none,512
"com.evolvedbinary.jnibench.jmhbench.PutJNIBenchmark.putFromIndirectByteBufferGetElements:putFromIndirectByteBufferGetElements·p0.9999","sample",1,1,11582.646400,NaN,"ns/op",1024,1,17,none,512
"com.evolvedbinary.jnibench.jmhbench.PutJNIBenchmark.putFromIndirectByteBufferGetElements:putFromIndirectByteBufferGetElements·p1.00","sample",1,1,1093632.000000,NaN,"ns/op",1024,1,17,none,512
"com.evolvedbinary.jnibench.jmhbench.PutJNIBenchmark.putFromIndirectByteBufferGetElements","sample",1,3800969,538.756256,1.637829,"ns/op",1024,1,17,none,1024
"com.evolvedbinary.jnibench.jmhbench.PutJNIBenchmark.putFromIndirectByteBufferGetElements:putFromIndirectByteBufferGetElements·p0.00","sample",1,1,125.000000,NaN,"ns/op",1024,1,17,none,1024
"com.evolvedbinary.jnibench.jmhbench.PutJNIBenchmark.putFromIndirectByteBufferGetElements:putFromIndirectByteBufferGetElements·p0.50","sample",1,1,541.000000,NaN,"ns/op",1024,1,17,none,1024
"com.evolvedbinary.jnibench.jmhbench.PutJNIBenchmark.putFromIndirectByteBufferGetElements:putFromIndirectByteBufferGetElements·p0.90","sample",1,1,542.000000,NaN,"ns/op",1024,1,17,none,1024
"com.evolvedbinary.jnibench.jmhbench.PutJNIBenchmark.putFromIndirectByteBufferGetElements:putFromIndirectByteBufferGetElements·p0.95","sample",1,1,542.000000,NaN,"ns/op",1024,1,17,none,1024
"com.evolvedbinary.jnibench.jmhbench.PutJNIBenchmark.putFromIndirectByteBufferGetElements:putFromIndirectByteBufferGetElements·p0.99","sample",1,1,584.000000,NaN,"ns/op",1024,1,17,none,1024
"com.evolvedbinary.jnibench.jmhbench.PutJNIBenchmark.putFromIndirectByteBufferGetElements:putFromIndirectByteBufferGetElements·p0.999","sample",1,1,3040.000000,NaN,"ns/op",1024,1,17,none,1024
"com.evolvedbinary.jnibench.jmhbench.PutJNIBenchmark.putFromIndirectByteBufferGetElements:putFromIndirectByteBufferGetElements·p0.9999","sample",1,1,10827.344000,NaN,"ns/op",1024,1,17,none,1024
"com.evolvedbinary.jnibench.jmhbench.PutJNIBenchmark.putFromIndirectByteBufferGetElements:putFromIndirectByteBufferGetElements·p1.00","sample",1,1,1785856.000000,NaN,"ns/op",1024,1,17,none,1024
"com.evolvedbinary.jnibench.jmhbench.PutJNIBenchmark.putFromIndirectByteBufferGetElements","sample",1,3113452,656.107528,0.764468,"ns/op",1024,1,17,none,4096
"com.evolvedbinary.jnibench.jmhbench.PutJNIBenchmark.putFromIndirectByteBufferGetElements:putFromIndirectByteBufferGetElements·p0.00","sample",1,1,292.000000,NaN,"ns/op",1024,1,17,none,4096
"com.evolvedbinary.jnibench.jmhbench.PutJNIBenchmark.putFromIndirectByteBufferGetElements:putFromIndirectByteBufferGetElements·p0.50","sample",1,1,625.000000,NaN,"ns/op",1024,1,17,none,4096
"com.evolvedbinary.jnibench.jmhbench.PutJNIBenchmark.putFromIndirectByteBufferGetElements:putFromIndirectByteBufferGetElements·p0.90","sample",1,1,708.000000,NaN,"ns/op",1024,1,17,none,4096
"com.evolvedbinary.jnibench.jmhbench.PutJNIBenchmark.putFromIndirectByteBufferGetElements:putFromIndirectByteBufferGetElements·p0.95","sample",1,1,750.000000,NaN,"ns/op",1024,1,17,none,4096
"com.evolvedbinary.jnibench.jmhbench.PutJNIBenchmark.putFromIndirectByteBufferGetElements:putFromIndirectByteBufferGetElements·p0.99","sample",1,1,792.000000,NaN,"ns/op",1024,1,17,none,4096
"com.evolvedbinary.jnibench.jmhbench.PutJNIBenchmark.putFromIndirectByteBufferGetElements:putFromIndirectByteBufferGetElements·p0.999","sample",1,1,4456.000000,NaN,"ns/op",1024,1,17,none,4096
"com.evolvedbinary.jnibench.jmhbench.PutJNIBenchmark.putFromIndirectByteBufferGetElements:putFromIndirectByteBufferGetElements·p0.9999","sample",1,1,13647.425600,NaN,"ns/op",1024,1,17,none,4096
"com.evolvedbinary.jnibench.jmhbench.PutJNIBenchmark.putFromIndirectByteBufferGetElements:putFromIndirectByteBufferGetElements·p1.00","sample",1,1,292864.000000,NaN,"ns/op",1024,1,17,none,4096
"com.evolvedbinary.jnibench.jmhbench.PutJNIBenchmark.putFromIndirectByteBufferGetElements","sample",1,2774553,789.060730,0.719162,"ns/op",1024,1,17,none,8192
"com.evolvedbinary.jnibench.jmhbench.PutJNIBenchmark.putFromIndirectByteBufferGetElements:putFromIndirectByteBufferGetElements·p0.00","sample",1,1,542.000000,NaN,"ns/op",1024,1,17,none,8192
"com.evolvedbinary.jnibench.jmhbench.PutJNIBenchmark.putFromIndirectByteBufferGetElements:putFromIndirectByteBufferGetElements·p0.50","sample",1,1,750.000000,NaN,"ns/op",1024,1,17,none,8192
"com.evolvedbinary.jnibench.jmhbench.PutJNIBenchmark.putFromIndirectByteBufferGetElements:putFromIndirectByteBufferGetElements·p0.90","sample",1,1,834.000000,NaN,"ns/op",1024,1,17,none,8192
"com.evolvedbinary.jnibench.jmhbench.PutJNIBenchmark.putFromIndirectByteBufferGetElements:putFromIndirectByteBufferGetElements·p0.95","sample",1,1,916.000000,NaN,"ns/op",1024,1,17,none,8192
"com.evolvedbinary.jnibench.jmhbench.PutJNIBenchmark.putFromIndirectByteBufferGetElements:putFromIndirectByteBufferGetElements·p0.99","sample",1,1,1000.000000,NaN,"ns/op",1024,1,17,none,8192
"com.evolvedbinary.jnibench.jmhbench.PutJNIBenchmark.putFromIndirectByteBufferGetElements:putFromIndirectByteBufferGetElements·p0.999","sample",1,1,4160.000000,NaN,"ns/op",1024,1,17,none,8192
"com.evolvedbinary.jnibench.jmhbench.PutJNIBenchmark.putFromIndirectByteBufferGetElements:putFromIndirectByteBufferGetElements·p0.9999","sample",1,1,15100.995200,NaN,"ns/op",1024,1,17,none,8192
"com.evolvedbinary.jnibench.jmhbench.PutJNIBenchmark.putFromIndirectByteBufferGetElements:putFromIndirectByteBufferGetElements·p1.00","sample",1,1,111488.000000,NaN,"ns/op",1024,1,17,none,8192
"com.evolvedbinary.jnibench.jmhbench.PutJNIBenchmark.putFromIndirectByteBufferGetElements","sample",1,3490558,1157.468155,1.726882,"ns/op",1024,1,17,none,16384
"com.evolvedbinary.jnibench.jmhbench.PutJNIBenchmark.putFromIndirectByteBufferGetElements:putFromIndirectByteBufferGetElements·p0.00","sample",1,1,833.000000,NaN,"ns/op",1024,1,17,none,16384
"com.evolvedbinary.jnibench.jmhbench.PutJNIBenchmark.putFromIndirectByteBufferGetElements:putFromIndirectByteBufferGetElements·p0.50","sample",1,1,1042.000000,NaN,"ns/op",1024,1,17,none,16384
"com.evolvedbinary.jnibench.jmhbench.PutJNIBenchmark.putFromIndirectByteBufferGetElements:putFromIndirectByteBufferGetElements·p0.90","sample",1,1,1500.000000,NaN,"ns/op",1024,1,17,none,16384
"com.evolvedbinary.jnibench.jmhbench.PutJNIBenchmark.putFromIndirectByteBufferGetElements:putFromIndirectByteBufferGetElements·p0.95","sample",1,1,1500.000000,NaN,"ns/op",1024,1,17,none,16384
"com.evolvedbinary.jnibench.jmhbench.PutJNIBenchmark.putFromIndirectByteBufferGetElements:putFromIndirectByteBufferGetElements·p0.99","sample",1,1,1584.000000,NaN,"ns/op",1024,1,17,none,16384
"com.evolvedbinary.jnibench.jmhbench.PutJNIBenchmark.putFromIndirectByteBufferGetElements:putFromIndirectByteBufferGetElements·p0.999","sample",1,1,5416.000000,NaN,"ns/op",1024,1,17,none,16384
"com.evolvedbinary.jnibench.jmhbench.PutJNIBenchmark.putFromIndirectByteBufferGetElements:putFromIndirectByteBufferGetElements·p0.9999","sample",1,1,18558.211200,NaN,"ns/op",1024,1,17,none,16384
"com.evolvedbinary.jnibench.jmhbench.PutJNIBenchmark.putFromIndirectByteBufferGetElements:putFromIndirectByteBufferGetElements·p1.00","sample",1,1,1632256.000000,NaN,"ns/op",1024,1,17,none,16384
"com.evolvedbinary.jnibench.jmhbench.PutJNIBenchmark.putFromIndirectByteBufferGetElements","sample",1,3305587,1842.285273,1.940472,"ns/op",1024,1,17,none,32768
"com.evolvedbinary.jnibench.jmhbench.PutJNIBenchmark.putFromIndirectByteBufferGetElements:putFromIndirectByteBufferGetElements·p0.00","sample",1,1,1332.000000,NaN,"ns/op",1024,1,17,none,32768
"com.evolvedbinary.jnibench.jmhbench.PutJNIBenchmark.putFromIndirectByteBufferGetElements:putFromIndirectByteBufferGetElements·p0.50","sample",1,1,1624.000000,NaN,"ns/op",1024,1,17,none,32768
"com.evolvedbinary.jnibench.jmhbench.PutJNIBenchmark.putFromIndirectByteBufferGetElements:putFromIndirectByteBufferGetElements·p0.90","sample",1,1,2372.000000,NaN,"ns/op",1024,1,17,none,32768
"com.evolvedbinary.jnibench.jmhbench.PutJNIBenchmark.putFromIndirectByteBufferGetElements:putFromIndirectByteBufferGetElements·p0.95","sample",1,1,2372.000000,NaN,"ns/op",1024,1,17,none,32768
"com.evolvedbinary.jnibench.jmhbench.PutJNIBenchmark.putFromIndirectByteBufferGetElements:putFromIndirectByteBufferGetElements·p0.99","sample",1,1,2540.000000,NaN,"ns/op",1024,1,17,none,32768
"com.evolvedbinary.jnibench.jmhbench.PutJNIBenchmark.putFromIndirectByteBufferGetElements:putFromIndirectByteBufferGetElements·p0.999","sample",1,1,7288.000000,NaN,"ns/op",1024,1,17,none,32768
"com.evolvedbinary.jnibench.jmhbench.PutJNIBenchmark.putFromIndirectByteBufferGetElements:putFromIndirectByteBufferGetElements·p0.9999","sample",1,1,23498.355200,NaN,"ns/op",1024,1,17,none,32768
"com.evolvedbinary.jnibench.jmhbench.PutJNIBenchmark.putFromIndirectByteBufferGetElements:putFromIndirectByteBufferGetElements·p1.00","sample",1,1,1605632.000000,NaN,"ns/op",1024,1,17,none,32768
"com.evolvedbinary.jnibench.jmhbench.PutJNIBenchmark.putFromIndirectByteBufferGetElements","sample",1,3064793,5212.496121,2.948783,"ns/op",1024,1,17,none,65536
"com.evolvedbinary.jnibench.jmhbench.PutJNIBenchmark.putFromIndirectByteBufferGetElements:putFromIndirectByteBufferGetElements·p0.00","sample",1,1,2832.000000,NaN,"ns/op",1024,1,17,none,65536
"com.evolvedbinary.jnibench.jmhbench.PutJNIBenchmark.putFromIndirectByteBufferGetElements:putFromIndirectByteBufferGetElements·p0.50","sample",1,1,5160.000000,NaN,"ns/op",1024,1,17,none,65536
"com.evolvedbinary.jnibench.jmhbench.PutJNIBenchmark.putFromIndirectByteBufferGetElements:putFromIndirectByteBufferGetElements·p0.90","sample",1,1,5744.000000,NaN,"ns/op",1024,1,17,none,65536
"com.evolvedbinary.jnibench.jmhbench.PutJNIBenchmark.putFromIndirectByteBufferGetElements:putFromIndirectByteBufferGetElements·p0.95","sample",1,1,5872.000000,NaN,"ns/op",1024,1,17,none,65536
"com.evolvedbinary.jnibench.jmhbench.PutJNIBenchmark.putFromIndirectByteBufferGetElements:putFromIndirectByteBufferGetElements·p0.99","sample",1,1,6288.000000,NaN,"ns/op",1024,1,17,none,65536
"com.evolvedbinary.jnibench.jmhbench.PutJNIBenchmark.putFromIndirectByteBufferGetElements:putFromIndirectByteBufferGetElements·p0.999","sample",1,1,12240.000000,NaN,"ns/op",1024,1,17,none,65536
"com.evolvedbinary.jnibench.jmhbench.PutJNIBenchmark.putFromIndirectByteBufferGetElements:putFromIndirectByteBufferGetElements·p0.9999","sample",1,1,40704.000000,NaN,"ns/op",1024,1,17,none,65536
"com.evolvedbinary.jnibench.jmhbench.PutJNIBenchmark.putFromIndirectByteBufferGetElements:putFromIndirectByteBufferGetElements·p1.00","sample",1,1,1722368.000000,NaN,"ns/op",1024,1,17,none,65536
"com.evolvedbinary.jnibench.jmhbench.PutJNIBenchmark.putFromIndirectByteBufferGetElements","sample",1,4077518,503.508274,0.629928,"ns/op",1024,1,17,copyin,10
"com.evolvedbinary.jnibench.jmhbench.PutJNIBenchmark.putFromIndirectByteBufferGetElements:putFromIndirectByteBufferGetElements·p0.00","sample",1,1,125.000000,NaN,"ns/op",1024,1,17,copyin,10
"com.evolvedbinary.jnibench.jmhbench.PutJNIBenchmark.putFromIndirectByteBufferGetElements:putFromIndirectByteBufferGetElements·p0.50","sample",1,1,500.000000,NaN,"ns/op",1024,1,17,copyin,10
"com.evolvedbinary.jnibench.jmhbench.PutJNIBenchmark.putFromIndirectByteBufferGetElements:putFromIndirectByteBufferGetElements·p0.90","sample",1,1,500.000000,NaN,"ns/op",1024,1,17,copyin,10
"com.evolvedbinary.jnibench.jmhbench.PutJNIBenchmark.putFromIndirectByteBufferGetElements:putFromIndirectByteBufferGetElements·p0.95","sample",1,1,500.000000,NaN,"ns/op",1024,1,17,copyin,10
"com.evolvedbinary.jnibench.jmhbench.PutJNIBenchmark.putFromIndirectByteBufferGetElements:putFromIndirectByteBufferGetElements·p0.99","sample",1,1,542.000000,NaN,"ns/op",1024,1,17,copyin,10
"com.evolvedbinary.jnibench.jmhbench.PutJNIBenchmark.putFromIndirectByteBufferGetElements:putFromIndirectByteBufferGetElements·p0.999","sample",1,1,2748.000000,NaN,"ns/op",1024,1,17,copyin,10
"com.evolvedbinary.jnibench.jmhbench.PutJNIBenchmark.putFromIndirectByteBufferGetElements:putFromIndirectByteBufferGetElements·p0.9999","sample",1,1,14251.908800,NaN,"ns/op",1024,1,17,copyin,10
"com.evolvedbinary.jnibench.jmhbench.PutJNIBenchmark.putFromIndirectByteBufferGetElements:putFromIndirectByteBufferGetElements·p1.00","sample",1,1,292864.000000,NaN,"ns/op",1024,1,17,copyin,10
"com.evolvedbinary.jnibench.jmhbench.PutJNIBenchmark.putFromIndirectByteBufferGetElements","sample",1,4009086,510.380095,0.537329,"ns/op",1024,1,17,copyin,50
"com.evolvedbinary.jnibench.jmhbench.PutJNIBenchmark.putFromIndirectByteBufferGetElements:putFromIndirectByteBufferGetElements·p0.00","sample",1,1,83.000000,NaN,"ns/op",1024,1,17,copyin,50
"com.evolvedbinary.jnibench.jmhbench.PutJNIBenchmark.putFromIndirectByteBufferGetElements:putFromIndirectByteBufferGetElements·p0.50","sample",1,1,500.000000,NaN,"ns/op",1024,1,17,copyin,50
"com.evolvedbinary.jnibench.jmhbench.PutJNIBenchmark.putFromIndirectByteBufferGetElements:putFromIndirectByteBufferGetElements·p0.90","sample",1,1,500.000000,NaN,"ns/op",1024,1,17,copyin,50
"com.evolvedbinary.jnibench.jmhbench.PutJNIBenchmark.putFromIndirectByteBufferGetElements:putFromIndirectByteBufferGetElements·p0.95","sample",1,1,542.000000,NaN,"ns/op",1024,1,17,copyin,50
"com.evolvedbinary.jnibench.jmhbench.PutJNIBenchmark.putFromIndirectByteBufferGetElements:putFromIndirectByteBufferGetElements·p0.99","sample",1,1,542.000000,NaN,"ns/op",1024,1,17,copyin,50
"com.evolvedbinary.jnibench.jmhbench.PutJNIBenchmark.putFromIndirectByteBufferGetElements:putFromIndirectByteBufferGetElements·p0.999","sample",1,1,2872.000000,NaN,"ns/op",1024,1,17,copyin,50
"com.evolvedbinary.jnibench.jmhbench.PutJNIBenchmark.putFromIndirectByteBufferGetElements:putFromIndirectByteBufferGetElements·p0.9999","sample",1,1,13824.000000,NaN,"ns/op",1024,1,17,copyin,50
"com.evolvedbinary.jnibench.jmhbench.PutJNIBenchmark.putFromIndirectByteBufferGetElements:putFromIndirectByteBufferGetElements·p1.00","sample",1,1,142080.000000,NaN,"ns/op",1024,1,17,copyin,50
"com.evolvedbinary.jnibench.jmhbench.PutJNIBenchmark.putFromIndirectByteBufferGetElements","sample",1,3786192,542.045238,0.592601,"ns/op",1024,1,17,copyin,512
"com.evolvedbinary.jnibench.jmhbench.PutJNIBenchmark.putFromIndirectByteBufferGetElements:putFromIndirectByteBufferGetElements·p0.00","sample",1,1,125.000000,NaN,"ns/op",1024,1,17,copyin,512
"com.evolvedbinary.jnibench.jmhbench.PutJNIBenchmark.putFromIndirectByteBufferGetElements:putFromIndirectByteBufferGetElements·p0.50","sample",1,1,541.000000,NaN,"ns/op",1024,1,17,copyin,512
"com.evolvedbinary.jnibench.jmhbench.PutJNIBenchmark.putFromIndirectByteBufferGetElements:putFromIndirectByteBufferGetElements·p0.90","sample",1,1,542.000000,NaN,"ns/op",1024,1,17,copyin,512
"com.evolvedbinary.jnibench.jmhbench.PutJNIBenchmark.putFromIndirectByteBufferGetElements:putFromIndirectByteBufferGetElements·p0.95","sample",1,1,542.000000,NaN,"ns/op",1024,1,17,copyin,512
"com.evolvedbinary.jnibench.jmhbench.PutJNIBenchmark.putFromIndirectByteBufferGetElements:putFromIndirectByteBufferGetElements·p0.99","sample",1,1,584.000000,NaN,"ns/op",1024,1,17,copyin,512
"com.evolvedbinary.jnibench.jmhbench.PutJNIBenchmark.putFromIndirectByteBufferGetElements:putFromIndirectByteBufferGetElements·p0.999","sample",1,1,3124.000000,NaN,"ns/op",1024,1,17,copyin,512
"com.evolvedbinary.jnibench.jmhbench.PutJNIBenchmark.putFromIndirectByteBufferGetElements:putFromIndirectByteBufferGetElements·p0.9999","sample",1,1,14864.000000,NaN,"ns/op",1024,1,17,copyin,512
"com.evolvedbinary.jnibench.jmhbench.PutJNIBenchmark.putFromIndirectByteBufferGetElements:putFromIndirectByteBufferGetElements·p1.00","sample",1,1,115968.000000,NaN,"ns/op",1024,1,17,copyin,512
"com.evolvedbinary.jnibench.jmhbench.PutJNIBenchmark.putFromIndirectByteBufferGetElements","sample",1,3630819,563.542941,1.728433,"ns/op",1024,1,17,copyin,1024
"com.evolvedbinary.jnibench.jmhbench.PutJNIBenchmark.putFromIndirectByteBufferGetElements:putFromIndirectByteBufferGetElements·p0.00","sample",1,1,167.000000,NaN,"ns/op",1024,1,17,copyin,1024
"com.evolvedbinary.jnibench.jmhbench.PutJNIBenchmark.putFromIndirectByteBufferGetElements:putFromIndirectByteBufferGetElements·p0.50","sample",1,1,542.000000,NaN,"ns/op",1024,1,17,copyin,1024
"com.evolvedbinary.jnibench.jmhbench.PutJNIBenchmark.putFromIndirectByteBufferGetElements:putFromIndirectByteBufferGetElements·p0.90","sample",1,1,584.000000,NaN,"ns/op",1024,1,17,copyin,1024
"com.evolvedbinary.jnibench.jmhbench.PutJNIBenchmark.putFromIndirectByteBufferGetElements:putFromIndirectByteBufferGetElements·p0.95","sample",1,1,584.000000,NaN,"ns/op",1024,1,17,copyin,1024
"com.evolvedbinary.jnibench.jmhbench.PutJNIBenchmark.putFromIndirectByteBufferGetElements:putFromIndirectByteBufferGetElements·p0.99","sample",1,1,625.000000,NaN,"ns/op",1024,1,17,copyin,1024
"com.evolvedbinary.jnibench.jmhbench.PutJNIBenchmark.putFromIndirectByteBufferGetElements:putFromIndirectByteBufferGetElements·p0.999","sample",1,1,3080.000000,NaN,"ns/op",1024,1,17,copyin,1024
"com.evolvedbinary.jnibench.jmhbench.PutJNIBenchmark.putFromIndirectByteBufferGetElements:putFromIndirectByteBufferGetElements·p0.9999","sample",1,1,13036.064000,NaN,"ns/op",1024,1,17,copyin,1024
"com.evolvedbinary.jnibench.jmhbench.PutJNIBenchmark.putFromIndirectByteBufferGetElements:putFromIndirectByteBufferGetElements·p1.00","sample",1,1,1792000.000000,NaN,"ns/op",1024,1,17,copyin,1024
"com.evolvedbinary.jnibench.jmhbench.PutJNIBenchmark.putFromIndirectByteBufferGetElements","sample",1,2860011,716.941968,0.878482,"ns/op",1024,1,17,copyin,4096
"com.evolvedbinary.jnibench.jmhbench.PutJNIBenchmark.putFromIndirectByteBufferGetElements:putFromIndirectByteBufferGetElements·p0.00","sample",1,1,333.000000,NaN,"ns/op",1024,1,17,copyin,4096
"com.evolvedbinary.jnibench.jmhbench.PutJNIBenchmark.putFromIndirectByteBufferGetElements:putFromIndirectByteBufferGetElements·p0.50","sample",1,1,667.000000,NaN,"ns/op",1024,1,17,copyin,4096
"com.evolvedbinary.jnibench.jmhbench.PutJNIBenchmark.putFromIndirectByteBufferGetElements:putFromIndirectByteBufferGetElements·p0.90","sample",1,1,750.000000,NaN,"ns/op",1024,1,17,copyin,4096
"com.evolvedbinary.jnibench.jmhbench.PutJNIBenchmark.putFromIndirectByteBufferGetElements:putFromIndirectByteBufferGetElements·p0.95","sample",1,1,833.000000,NaN,"ns/op",1024,1,17,copyin,4096
"com.evolvedbinary.jnibench.jmhbench.PutJNIBenchmark.putFromIndirectByteBufferGetElements:putFromIndirectByteBufferGetElements·p0.99","sample",1,1,875.000000,NaN,"ns/op",1024,1,17,copyin,4096
"com.evolvedbinary.jnibench.jmhbench.PutJNIBenchmark.putFromIndirectByteBufferGetElements:putFromIndirectByteBufferGetElements·p0.999","sample",1,1,4744.000000,NaN,"ns/op",1024,1,17,copyin,4096
"com.evolvedbinary.jnibench.jmhbench.PutJNIBenchmark.putFromIndirectByteBufferGetElements:putFromIndirectByteBufferGetElements·p0.9999","sample",1,1,19999.923200,NaN,"ns/op",1024,1,17,copyin,4096
"com.evolvedbinary.jnibench.jmhbench.PutJNIBenchmark.putFromIndirectByteBufferGetElements:putFromIndirectByteBufferGetElements·p1.00","sample",1,1,173824.000000,NaN,"ns/op",1024,1,17,copyin,4096
"com.evolvedbinary.jnibench.jmhbench.PutJNIBenchmark.putFromIndirectByteBufferGetElements","sample",1,4578444,883.432268,0.803521,"ns/op",1024,1,17,copyin,8192
"com.evolvedbinary.jnibench.jmhbench.PutJNIBenchmark.putFromIndirectByteBufferGetElements:putFromIndirectByteBufferGetElements·p0.00","sample",1,1,459.000000,NaN,"ns/op",1024,1,17,copyin,8192
"com.evolvedbinary.jnibench.jmhbench.PutJNIBenchmark.putFromIndirectByteBufferGetElements:putFromIndirectByteBufferGetElements·p0.50","sample",1,1,875.000000,NaN,"ns/op",1024,1,17,copyin,8192
"com.evolvedbinary.jnibench.jmhbench.PutJNIBenchmark.putFromIndirectByteBufferGetElements:putFromIndirectByteBufferGetElements·p0.90","sample",1,1,959.000000,NaN,"ns/op",1024,1,17,copyin,8192
"com.evolvedbinary.jnibench.jmhbench.PutJNIBenchmark.putFromIndirectByteBufferGetElements:putFromIndirectByteBufferGetElements·p0.95","sample",1,1,1000.000000,NaN,"ns/op",1024,1,17,copyin,8192
"com.evolvedbinary.jnibench.jmhbench.PutJNIBenchmark.putFromIndirectByteBufferGetElements:putFromIndirectByteBufferGetElements·p0.99","sample",1,1,1084.000000,NaN,"ns/op",1024,1,17,copyin,8192
"com.evolvedbinary.jnibench.jmhbench.PutJNIBenchmark.putFromIndirectByteBufferGetElements:putFromIndirectByteBufferGetElements·p0.999","sample",1,1,3708.000000,NaN,"ns/op",1024,1,17,copyin,8192
"com.evolvedbinary.jnibench.jmhbench.PutJNIBenchmark.putFromIndirectByteBufferGetElements:putFromIndirectByteBufferGetElements·p0.9999","sample",1,1,16608.000000,NaN,"ns/op",1024,1,17,copyin,8192
"com.evolvedbinary.jnibench.jmhbench.PutJNIBenchmark.putFromIndirectByteBufferGetElements:putFromIndirectByteBufferGetElements·p1.00","sample",1,1,449024.000000,NaN,"ns/op",1024,1,17,copyin,8192
"com.evolvedbinary.jnibench.jmhbench.PutJNIBenchmark.putFromIndirectByteBufferGetElements","sample",1,3031919,1464.405787,282.815380,"ns/op",1024,1,17,copyin,16384
"com.evolvedbinary.jnibench.jmhbench.PutJNIBenchmark.putFromIndirectByteBufferGetElements:putFromIndirectByteBufferGetElements·p0.00","sample",1,1,750.000000,NaN,"ns/op",1024,1,17,copyin,16384
"com.evolvedbinary.jnibench.jmhbench.PutJNIBenchmark.putFromIndirectByteBufferGetElements:putFromIndirectByteBufferGetElements·p0.50","sample",1,1,1290.000000,NaN,"ns/op",1024,1,17,copyin,16384
"com.evolvedbinary.jnibench.jmhbench.PutJNIBenchmark.putFromIndirectByteBufferGetElements:putFromIndirectByteBufferGetElements·p0.90","sample",1,1,1666.000000,NaN,"ns/op",1024,1,17,copyin,16384
"com.evolvedbinary.jnibench.jmhbench.PutJNIBenchmark.putFromIndirectByteBufferGetElements:putFromIndirectByteBufferGetElements·p0.95","sample",1,1,1708.000000,NaN,"ns/op",1024,1,17,copyin,16384
"com.evolvedbinary.jnibench.jmhbench.PutJNIBenchmark.putFromIndirectByteBufferGetElements:putFromIndirectByteBufferGetElements·p0.99","sample",1,1,1834.000000,NaN,"ns/op",1024,1,17,copyin,16384
"com.evolvedbinary.jnibench.jmhbench.PutJNIBenchmark.putFromIndirectByteBufferGetElements:putFromIndirectByteBufferGetElements·p0.999","sample",1,1,7160.000000,NaN,"ns/op",1024,1,17,copyin,16384
"com.evolvedbinary.jnibench.jmhbench.PutJNIBenchmark.putFromIndirectByteBufferGetElements:putFromIndirectByteBufferGetElements·p0.9999","sample",1,1,25305.856000,NaN,"ns/op",1024,1,17,copyin,16384
"com.evolvedbinary.jnibench.jmhbench.PutJNIBenchmark.putFromIndirectByteBufferGetElements:putFromIndirectByteBufferGetElements·p1.00","sample",1,1,260571136.000000,NaN,"ns/op",1024,1,17,copyin,16384
"com.evolvedbinary.jnibench.jmhbench.PutJNIBenchmark.putFromIndirectByteBufferGetElements","sample",1,4189706,1917.141630,3.336684,"ns/op",1024,1,17,copyin,32768
"com.evolvedbinary.jnibench.jmhbench.PutJNIBenchmark.putFromIndirectByteBufferGetElements:putFromIndirectByteBufferGetElements·p0.00","sample",1,1,1542.000000,NaN,"ns/op",1024,1,17,copyin,32768
"com.evolvedbinary.jnibench.jmhbench.PutJNIBenchmark.putFromIndirectByteBufferGetElements:putFromIndirectByteBufferGetElements·p0.50","sample",1,1,1874.000000,NaN,"ns/op",1024,1,17,copyin,32768
"com.evolvedbinary.jnibench.jmhbench.PutJNIBenchmark.putFromIndirectByteBufferGetElements:putFromIndirectByteBufferGetElements·p0.90","sample",1,1,1958.000000,NaN,"ns/op",1024,1,17,copyin,32768
"com.evolvedbinary.jnibench.jmhbench.PutJNIBenchmark.putFromIndirectByteBufferGetElements:putFromIndirectByteBufferGetElements·p0.95","sample",1,1,2000.000000,NaN,"ns/op",1024,1,17,copyin,32768
"com.evolvedbinary.jnibench.jmhbench.PutJNIBenchmark.putFromIndirectByteBufferGetElements:putFromIndirectByteBufferGetElements·p0.99","sample",1,1,2208.000000,NaN,"ns/op",1024,1,17,copyin,32768
"com.evolvedbinary.jnibench.jmhbench.PutJNIBenchmark.putFromIndirectByteBufferGetElements:putFromIndirectByteBufferGetElements·p0.999","sample",1,1,7416.000000,NaN,"ns/op",1024,1,17,copyin,32768
"com.evolvedbinary.jnibench.jmhbench.PutJNIBenchmark.putFromIndirectByteBufferGetElements:putFromIndirectByteBufferGetElements·p0.9999","sample",1,1,17024.000000,NaN,"ns/op",1024,1,17,copyin,32768
"com.evolvedbinary.jnibench.jmhbench.PutJNIBenchmark.putFromIndirectByteBufferGetElements:putFromIndirectByteBufferGetElements·p1.00","sample",1,1,2871296.000000,NaN,"ns/op",1024,1,17,copyin,32768
"com.evolvedbinary.jnibench.jmhbench.PutJNIBenchmark.putFromIndirectByteBufferGetElements","sample",1,3568922,4471.913453,2.600310,"ns/op",1024,1,17,copyin,65536
"com.evolvedbinary.jnibench.jmhbench.PutJNIBenchmark.putFromIndirectByteBufferGetElements:putFromIndirectByteBufferGetElements·p0.00","sample",1,1,3500.000000,NaN,"ns/op",1024,1,17,copyin,65536
"com.evolvedbinary.jnibench.jmhbench.PutJNIBenchmark.putFromIndirectByteBufferGetElements:putFromIndirectByteBufferGetElements·p0.50","sample",1,1,4416.000000,NaN,"ns/op",1024,1,17,copyin,65536
"com.evolvedbinary.jnibench.jmhbench.PutJNIBenchmark.putFromIndirectByteBufferGetElements:putFromIndirectByteBufferGetElements·p0.90","sample",1,1,4664.000000,NaN,"ns/op",1024,1,17,copyin,65536
"com.evolvedbinary.jnibench.jmhbench.PutJNIBenchmark.putFromIndirectByteBufferGetElements:putFromIndirectByteBufferGetElements·p0.95","sample",1,1,4744.000000,NaN,"ns/op",1024,1,17,copyin,65536
"com.evolvedbinary.jnibench.jmhbench.PutJNIBenchmark.putFromIndirectByteBufferGetElements:putFromIndirectByteBufferGetElements·p0.99","sample",1,1,5288.000000,NaN,"ns/op",1024,1,17,copyin,65536
"com.evolvedbinary.jnibench.jmhbench.PutJNIBenchmark.putFromIndirectByteBufferGetElements:putFromIndirectByteBufferGetElements·p0.999","sample",1,1,10834.464000,NaN,"ns/op",1024,1,17,copyin,65536
"com.evolvedbinary.jnibench.jmhbench.PutJNIBenchmark.putFromIndirectByteBufferGetElements:putFromIndirectByteBufferGetElements·p0.9999","sample",1,1,38912.000000,NaN,"ns/op",1024,1,17,copyin,65536
"com.evolvedbinary.jnibench.jmhbench.PutJNIBenchmark.putFromIndirectByteBufferGetElements:putFromIndirectByteBufferGetElements·p1.00","sample",1,1,1806336.000000,NaN,"ns/op",1024,1,17,copyin,65536
"com.evolvedbinary.jnibench.jmhbench.PutJNIBenchmark.putFromIndirectByteBufferGetRegion","sample",1,4838825,427.297402,1.198341,"ns/op",1024,1,17,none,10
"com.evolvedbinary.jnibench.jmhbench.PutJNIBenchmark.putFromIndirectByteBufferGetRegion:putFromIndirectByteBufferGetRegion·p0.00","sample",1,1,41.000000,NaN,"ns/op",1024,1,17,none,10
"com.evolvedbinary.jnibench.jmhbench.PutJNIBenchmark.putFromIndirectByteBufferGetRegion:putFromIndirectByteBufferGetRegion·p0.50","sample",1,1,417.000000,NaN,"ns/op",1024,1,17,none,10
"com.evolvedbinary.jnibench.jmhbench.PutJNIBenchmark.putFromIndirectByteBufferGetRegion:putFromIndirectByteBufferGetRegion·p0.90","sample",1,1,458.000000,NaN,"ns/op",1024,1,17,none,10
"com.evolvedbinary.jnibench.jmhbench.PutJNIBenchmark.putFromIndirectByteBufferGetRegion:putFromIndirectByteBufferGetRegion·p0.95","sample",1,1,458.000000,NaN,"ns/op",1024,1,17,none,10
"com.evolvedbinary.jnibench.jmhbench.PutJNIBenchmark.putFromIndirectByteBufferGetRegion:putFromIndirectByteBufferGetRegion·p0.99","sample",1,1,459.000000,NaN,"ns/op",1024,1,17,none,10
"com.evolvedbinary.jnibench.jmhbench.PutJNIBenchmark.putFromIndirectByteBufferGetRegion:putFromIndirectByteBufferGetRegion·p0.999","sample",1,1,2080.000000,NaN,"ns/op",1024,1,17,none,10
"com.evolvedbinary.jnibench.jmhbench.PutJNIBenchmark.putFromIndirectByteBufferGetRegion:putFromIndirectByteBufferGetRegion·p0.9999","sample",1,1,10160.000000,NaN,"ns/op",1024,1,17,none,10
"com.evolvedbinary.jnibench.jmhbench.PutJNIBenchmark.putFromIndirectByteBufferGetRegion:putFromIndirectByteBufferGetRegion·p1.00","sample",1,1,1656832.000000,NaN,"ns/op",1024,1,17,none,10
"com.evolvedbinary.jnibench.jmhbench.PutJNIBenchmark.putFromIndirectByteBufferGetRegion","sample",1,4849476,425.755535,0.472752,"ns/op",1024,1,17,none,50
"com.evolvedbinary.jnibench.jmhbench.PutJNIBenchmark.putFromIndirectByteBufferGetRegion:putFromIndirectByteBufferGetRegion·p0.00","sample",1,1,41.000000,NaN,"ns/op",1024,1,17,none,50
"com.evolvedbinary.jnibench.jmhbench.PutJNIBenchmark.putFromIndirectByteBufferGetRegion:putFromIndirectByteBufferGetRegion·p0.50","sample",1,1,417.000000,NaN,"ns/op",1024,1,17,none,50
"com.evolvedbinary.jnibench.jmhbench.PutJNIBenchmark.putFromIndirectByteBufferGetRegion:putFromIndirectByteBufferGetRegion·p0.90","sample",1,1,417.000000,NaN,"ns/op",1024,1,17,none,50
"com.evolvedbinary.jnibench.jmhbench.PutJNIBenchmark.putFromIndirectByteBufferGetRegion:putFromIndirectByteBufferGetRegion·p0.95","sample",1,1,458.000000,NaN,"ns/op",1024,1,17,none,50
"com.evolvedbinary.jnibench.jmhbench.PutJNIBenchmark.putFromIndirectByteBufferGetRegion:putFromIndirectByteBufferGetRegion·p0.99","sample",1,1,459.000000,NaN,"ns/op",1024,1,17,none,50
"com.evolvedbinary.jnibench.jmhbench.PutJNIBenchmark.putFromIndirectByteBufferGetRegion:putFromIndirectByteBufferGetRegion·p0.999","sample",1,1,2416.000000,NaN,"ns/op",1024,1,17,none,50
"com.evolvedbinary.jnibench.jmhbench.PutJNIBenchmark.putFromIndirectByteBufferGetRegion:putFromIndirectByteBufferGetRegion·p0.9999","sample",1,1,11618.510400,NaN,"ns/op",1024,1,17,none,50
"com.evolvedbinary.jnibench.jmhbench.PutJNIBenchmark.putFromIndirectByteBufferGetRegion:putFromIndirectByteBufferGetRegion·p1.00","sample",1,1,179712.000000,NaN,"ns/op",1024,1,17,none,50
"com.evolvedbinary.jnibench.jmhbench.PutJNIBenchmark.putFromIndirectByteBufferGetRegion","sample",1,4773412,431.332625,0.455987,"ns/op",1024,1,17,none,512
"com.evolvedbinary.jnibench.jmhbench.PutJNIBenchmark.putFromIndirectByteBufferGetRegion:putFromIndirectByteBufferGetRegion·p0.00","sample",1,1,42.000000,NaN,"ns/op",1024,1,17,none,512
"com.evolvedbinary.jnibench.jmhbench.PutJNIBenchmark.putFromIndirectByteBufferGetRegion:putFromIndirectByteBufferGetRegion·p0.50","sample",1,1,417.000000,NaN,"ns/op",1024,1,17,none,512
"com.evolvedbinary.jnibench.jmhbench.PutJNIBenchmark.putFromIndirectByteBufferGetRegion:putFromIndirectByteBufferGetRegion·p0.90","sample",1,1,458.000000,NaN,"ns/op",1024,1,17,none,512
"com.evolvedbinary.jnibench.jmhbench.PutJNIBenchmark.putFromIndirectByteBufferGetRegion:putFromIndirectByteBufferGetRegion·p0.95","sample",1,1,459.000000,NaN,"ns/op",1024,1,17,none,512
"com.evolvedbinary.jnibench.jmhbench.PutJNIBenchmark.putFromIndirectByteBufferGetRegion:putFromIndirectByteBufferGetRegion·p0.99","sample",1,1,459.000000,NaN,"ns/op",1024,1,17,none,512
"com.evolvedbinary.jnibench.jmhbench.PutJNIBenchmark.putFromIndirectByteBufferGetRegion:putFromIndirectByteBufferGetRegion·p0.999","sample",1,1,2332.000000,NaN,"ns/op",1024,1,17,none,512
"com.evolvedbinary.jnibench.jmhbench.PutJNIBenchmark.putFromIndirectByteBufferGetRegion:putFromIndirectByteBufferGetRegion·p0.9999","sample",1,1,11061.078400,NaN,"ns/op",1024,1,17,none,512
"com.evolvedbinary.jnibench.jmhbench.PutJNIBenchmark.putFromIndirectByteBufferGetRegion:putFromIndirectByteBufferGetRegion·p1.00","sample",1,1,197888.000000,NaN,"ns/op",1024,1,17,none,512
"com.evolvedbinary.jnibench.jmhbench.PutJNIBenchmark.putFromIndirectByteBufferGetRegion","sample",1,4732177,436.927865,1.127290,"ns/op",1024,1,17,none,1024
"com.evolvedbinary.jnibench.jmhbench.PutJNIBenchmark.putFromIndirectByteBufferGetRegion:putFromIndirectByteBufferGetRegion·p0.00","sample",1,1,41.000000,NaN,"ns/op",1024,1,17,none,1024
"com.evolvedbinary.jnibench.jmhbench.PutJNIBenchmark.putFromIndirectByteBufferGetRegion:putFromIndirectByteBufferGetRegion·p0.50","sample",1,1,417.000000,NaN,"ns/op",1024,1,17,none,1024
"com.evolvedbinary.jnibench.jmhbench.PutJNIBenchmark.putFromIndirectByteBufferGetRegion:putFromIndirectByteBufferGetRegion·p0.90","sample",1,1,459.000000,NaN,"ns/op",1024,1,17,none,1024
"com.evolvedbinary.jnibench.jmhbench.PutJNIBenchmark.putFromIndirectByteBufferGetRegion:putFromIndirectByteBufferGetRegion·p0.95","sample",1,1,459.000000,NaN,"ns/op",1024,1,17,none,1024
"com.evolvedbinary.jnibench.jmhbench.PutJNIBenchmark.putFromIndirectByteBufferGetRegion:putFromIndirectByteBufferGetRegion·p0.99","sample",1,1,500.000000,NaN,"ns/op",1024,1,17,none,1024
"com.evolvedbinary.jnibench.jmhbench.PutJNIBenchmark.putFromIndirectByteBufferGetRegion:putFromIndirectByteBufferGetRegion·p0.999","sample",1,1,2416.000000,NaN,"ns/op",1024,1,17,none,1024
"com.evolvedbinary.jnibench.jmhbench.PutJNIBenchmark.putFromIndirectByteBufferGetRegion:putFromIndirectByteBufferGetRegion·p0.9999","sample",1,1,11145.030400,NaN,"ns/op",1024,1,17,none,1024
"com.evolvedbinary.jnibench.jmhbench.PutJNIBenchmark.putFromIndirectByteBufferGetRegion:putFromIndirectByteBufferGetRegion·p1.00","sample",1,1,1492992.000000,NaN,"ns/op",1024,1,17,none,1024
"com.evolvedbinary.jnibench.jmhbench.PutJNIBenchmark.putFromIndirectByteBufferGetRegion","sample",1,3921460,524.250613,0.621562,"ns/op",1024,1,17,none,4096
"com.evolvedbinary.jnibench.jmhbench.PutJNIBenchmark.putFromIndirectByteBufferGetRegion:putFromIndirectByteBufferGetRegion·p0.00","sample",1,1,125.000000,NaN,"ns/op",1024,1,17,none,4096
"com.evolvedbinary.jnibench.jmhbench.PutJNIBenchmark.putFromIndirectByteBufferGetRegion:putFromIndirectByteBufferGetRegion·p0.50","sample",1,1,500.000000,NaN,"ns/op",1024,1,17,none,4096
"com.evolvedbinary.jnibench.jmhbench.PutJNIBenchmark.putFromIndirectByteBufferGetRegion:putFromIndirectByteBufferGetRegion·p0.90","sample",1,1,625.000000,NaN,"ns/op",1024,1,17,none,4096
"com.evolvedbinary.jnibench.jmhbench.PutJNIBenchmark.putFromIndirectByteBufferGetRegion:putFromIndirectByteBufferGetRegion·p0.95","sample",1,1,625.000000,NaN,"ns/op",1024,1,17,none,4096
"com.evolvedbinary.jnibench.jmhbench.PutJNIBenchmark.putFromIndirectByteBufferGetRegion:putFromIndirectByteBufferGetRegion·p0.99","sample",1,1,667.000000,NaN,"ns/op",1024,1,17,none,4096
"com.evolvedbinary.jnibench.jmhbench.PutJNIBenchmark.putFromIndirectByteBufferGetRegion:putFromIndirectByteBufferGetRegion·p0.999","sample",1,1,2748.000000,NaN,"ns/op",1024,1,17,none,4096
"com.evolvedbinary.jnibench.jmhbench.PutJNIBenchmark.putFromIndirectByteBufferGetRegion:putFromIndirectByteBufferGetRegion·p0.9999","sample",1,1,14000.000000,NaN,"ns/op",1024,1,17,none,4096
"com.evolvedbinary.jnibench.jmhbench.PutJNIBenchmark.putFromIndirectByteBufferGetRegion:putFromIndirectByteBufferGetRegion·p1.00","sample",1,1,279040.000000,NaN,"ns/op",1024,1,17,none,4096
"com.evolvedbinary.jnibench.jmhbench.PutJNIBenchmark.putFromIndirectByteBufferGetRegion","sample",1,3382688,606.187454,1.766602,"ns/op",1024,1,17,none,8192
"com.evolvedbinary.jnibench.jmhbench.PutJNIBenchmark.putFromIndirectByteBufferGetRegion:putFromIndirectByteBufferGetRegion·p0.00","sample",1,1,167.000000,NaN,"ns/op",1024,1,17,none,8192
"com.evolvedbinary.jnibench.jmhbench.PutJNIBenchmark.putFromIndirectByteBufferGetRegion:putFromIndirectByteBufferGetRegion·p0.50","sample",1,1,583.000000,NaN,"ns/op",1024,1,17,none,8192
"com.evolvedbinary.jnibench.jmhbench.PutJNIBenchmark.putFromIndirectByteBufferGetRegion:putFromIndirectByteBufferGetRegion·p0.90","sample",1,1,708.000000,NaN,"ns/op",1024,1,17,none,8192
"com.evolvedbinary.jnibench.jmhbench.PutJNIBenchmark.putFromIndirectByteBufferGetRegion:putFromIndirectByteBufferGetRegion·p0.95","sample",1,1,709.000000,NaN,"ns/op",1024,1,17,none,8192
"com.evolvedbinary.jnibench.jmhbench.PutJNIBenchmark.putFromIndirectByteBufferGetRegion:putFromIndirectByteBufferGetRegion·p0.99","sample",1,1,792.000000,NaN,"ns/op",1024,1,17,none,8192
"com.evolvedbinary.jnibench.jmhbench.PutJNIBenchmark.putFromIndirectByteBufferGetRegion:putFromIndirectByteBufferGetRegion·p0.999","sample",1,1,3584.000000,NaN,"ns/op",1024,1,17,none,8192
"com.evolvedbinary.jnibench.jmhbench.PutJNIBenchmark.putFromIndirectByteBufferGetRegion:putFromIndirectByteBufferGetRegion·p0.9999","sample",1,1,15616.000000,NaN,"ns/op",1024,1,17,none,8192
"com.evolvedbinary.jnibench.jmhbench.PutJNIBenchmark.putFromIndirectByteBufferGetRegion:putFromIndirectByteBufferGetRegion·p1.00","sample",1,1,1677312.000000,NaN,"ns/op",1024,1,17,none,8192
"com.evolvedbinary.jnibench.jmhbench.PutJNIBenchmark.putFromIndirectByteBufferGetRegion","sample",1,3644075,1040.334373,0.802128,"ns/op",1024,1,17,none,16384
"com.evolvedbinary.jnibench.jmhbench.PutJNIBenchmark.putFromIndirectByteBufferGetRegion:putFromIndirectByteBufferGetRegion·p0.00","sample",1,1,541.000000,NaN,"ns/op",1024,1,17,none,16384
"com.evolvedbinary.jnibench.jmhbench.PutJNIBenchmark.putFromIndirectByteBufferGetRegion:putFromIndirectByteBufferGetRegion·p0.50","sample",1,1,1208.000000,NaN,"ns/op",1024,1,17,none,16384
"com.evolvedbinary.jnibench.jmhbench.PutJNIBenchmark.putFromIndirectByteBufferGetRegion:putFromIndirectByteBufferGetRegion·p0.90","sample",1,1,1250.000000,NaN,"ns/op",1024,1,17,none,16384
"com.evolvedbinary.jnibench.jmhbench.PutJNIBenchmark.putFromIndirectByteBufferGetRegion:putFromIndirectByteBufferGetRegion·p0.95","sample",1,1,1250.000000,NaN,"ns/op",1024,1,17,none,16384
"com.evolvedbinary.jnibench.jmhbench.PutJNIBenchmark.putFromIndirectByteBufferGetRegion:putFromIndirectByteBufferGetRegion·p0.99","sample",1,1,1374.000000,NaN,"ns/op",1024,1,17,none,16384
"com.evolvedbinary.jnibench.jmhbench.PutJNIBenchmark.putFromIndirectByteBufferGetRegion:putFromIndirectByteBufferGetRegion·p0.999","sample",1,1,4704.000000,NaN,"ns/op",1024,1,17,none,16384
"com.evolvedbinary.jnibench.jmhbench.PutJNIBenchmark.putFromIndirectByteBufferGetRegion:putFromIndirectByteBufferGetRegion·p0.9999","sample",1,1,16850.956800,NaN,"ns/op",1024,1,17,none,16384
"com.evolvedbinary.jnibench.jmhbench.PutJNIBenchmark.putFromIndirectByteBufferGetRegion:putFromIndirectByteBufferGetRegion·p1.00","sample",1,1,237056.000000,NaN,"ns/op",1024,1,17,none,16384
"com.evolvedbinary.jnibench.jmhbench.PutJNIBenchmark.putFromIndirectByteBufferGetRegion","sample",1,3476236,1344.417046,1.947263,"ns/op",1024,1,17,none,32768
"com.evolvedbinary.jnibench.jmhbench.PutJNIBenchmark.putFromIndirectByteBufferGetRegion:putFromIndirectByteBufferGetRegion·p0.00","sample",1,1,833.000000,NaN,"ns/op",1024,1,17,none,32768
"com.evolvedbinary.jnibench.jmhbench.PutJNIBenchmark.putFromIndirectByteBufferGetRegion:putFromIndirectByteBufferGetRegion·p0.50","sample",1,1,1124.000000,NaN,"ns/op",1024,1,17,none,32768
"com.evolvedbinary.jnibench.jmhbench.PutJNIBenchmark.putFromIndirectByteBufferGetRegion:putFromIndirectByteBufferGetRegion·p0.90","sample",1,1,1874.000000,NaN,"ns/op",1024,1,17,none,32768
"com.evolvedbinary.jnibench.jmhbench.PutJNIBenchmark.putFromIndirectByteBufferGetRegion:putFromIndirectByteBufferGetRegion·p0.95","sample",1,1,1874.000000,NaN,"ns/op",1024,1,17,none,32768
"com.evolvedbinary.jnibench.jmhbench.PutJNIBenchmark.putFromIndirectByteBufferGetRegion:putFromIndirectByteBufferGetRegion·p0.99","sample",1,1,2000.000000,NaN,"ns/op",1024,1,17,none,32768
"com.evolvedbinary.jnibench.jmhbench.PutJNIBenchmark.putFromIndirectByteBufferGetRegion:putFromIndirectByteBufferGetRegion·p0.999","sample",1,1,5792.000000,NaN,"ns/op",1024,1,17,none,32768
"com.evolvedbinary.jnibench.jmhbench.PutJNIBenchmark.putFromIndirectByteBufferGetRegion:putFromIndirectByteBufferGetRegion·p0.9999","sample",1,1,18328.083200,NaN,"ns/op",1024,1,17,none,32768
"com.evolvedbinary.jnibench.jmhbench.PutJNIBenchmark.putFromIndirectByteBufferGetRegion:putFromIndirectByteBufferGetRegion·p1.00","sample",1,1,1755136.000000,NaN,"ns/op",1024,1,17,none,32768
"com.evolvedbinary.jnibench.jmhbench.PutJNIBenchmark.putFromIndirectByteBufferGetRegion","sample",1,3273929,2167.940779,1.647337,"ns/op",1024,1,17,none,65536
"com.evolvedbinary.jnibench.jmhbench.PutJNIBenchmark.putFromIndirectByteBufferGetRegion:putFromIndirectByteBufferGetRegion·p0.00","sample",1,1,1332.000000,NaN,"ns/op",1024,1,17,none,65536
"com.evolvedbinary.jnibench.jmhbench.PutJNIBenchmark.putFromIndirectByteBufferGetRegion:putFromIndirectByteBufferGetRegion·p0.50","sample",1,1,1792.000000,NaN,"ns/op",1024,1,17,none,65536
"com.evolvedbinary.jnibench.jmhbench.PutJNIBenchmark.putFromIndirectByteBufferGetRegion:putFromIndirectByteBufferGetRegion·p0.90","sample",1,1,3124.000000,NaN,"ns/op",1024,1,17,none,65536
"com.evolvedbinary.jnibench.jmhbench.PutJNIBenchmark.putFromIndirectByteBufferGetRegion:putFromIndirectByteBufferGetRegion·p0.95","sample",1,1,3164.000000,NaN,"ns/op",1024,1,17,none,65536
"com.evolvedbinary.jnibench.jmhbench.PutJNIBenchmark.putFromIndirectByteBufferGetRegion:putFromIndirectByteBufferGetRegion·p0.99","sample",1,1,3332.000000,NaN,"ns/op",1024,1,17,none,65536
"com.evolvedbinary.jnibench.jmhbench.PutJNIBenchmark.putFromIndirectByteBufferGetRegion:putFromIndirectByteBufferGetRegion·p0.999","sample",1,1,8082.800000,NaN,"ns/op",1024,1,17,none,65536
"com.evolvedbinary.jnibench.jmhbench.PutJNIBenchmark.putFromIndirectByteBufferGetRegion:putFromIndirectByteBufferGetRegion·p0.9999","sample",1,1,27616.000000,NaN,"ns/op",1024,1,17,none,65536
"com.evolvedbinary.jnibench.jmhbench.PutJNIBenchmark.putFromIndirectByteBufferGetRegion:putFromIndirectByteBufferGetRegion·p1.00","sample",1,1,224512.000000,NaN,"ns/op",1024,1,17,none,65536
"com.evolvedbinary.jnibench.jmhbench.PutJNIBenchmark.putFromIndirectByteBufferGetRegion","sample",1,4748438,432.157106,0.456865,"ns/op",1024,1,17,copyin,10
"com.evolvedbinary.jnibench.jmhbench.PutJNIBenchmark.putFromIndirectByteBufferGetRegion:putFromIndirectByteBufferGetRegion·p0.00","sample",1,1,41.000000,NaN,"ns/op",1024,1,17,copyin,10
"com.evolvedbinary.jnibench.jmhbench.PutJNIBenchmark.putFromIndirectByteBufferGetRegion:putFromIndirectByteBufferGetRegion·p0.50","sample",1,1,417.000000,NaN,"ns/op",1024,1,17,copyin,10
"com.evolvedbinary.jnibench.jmhbench.PutJNIBenchmark.putFromIndirectByteBufferGetRegion:putFromIndirectByteBufferGetRegion·p0.90","sample",1,1,458.000000,NaN,"ns/op",1024,1,17,copyin,10
"com.evolvedbinary.jnibench.jmhbench.PutJNIBenchmark.putFromIndirectByteBufferGetRegion:putFromIndirectByteBufferGetRegion·p0.95","sample",1,1,459.000000,NaN,"ns/op",1024,1,17,copyin,10
"com.evolvedbinary.jnibench.jmhbench.PutJNIBenchmark.putFromIndirectByteBufferGetRegion:putFromIndirectByteBufferGetRegion·p0.99","sample",1,1,459.000000,NaN,"ns/op",1024,1,17,copyin,10
"com.evolvedbinary.jnibench.jmhbench.PutJNIBenchmark.putFromIndirectByteBufferGetRegion:putFromIndirectByteBufferGetRegion·p0.999","sample",1,1,2372.000000,NaN,"ns/op",1024,1,17,copyin,10
"com.evolvedbinary.jnibench.jmhbench.PutJNIBenchmark.putFromIndirectByteBufferGetRegion:putFromIndirectByteBufferGetRegion·p0.9999","sample",1,1,10944.000000,NaN,"ns/op",1024,1,17,copyin,10
"com.evolvedbinary.jnibench.jmhbench.PutJNIBenchmark.putFromIndirectByteBufferGetRegion:putFromIndirectByteBufferGetRegion·p1.00","sample",1,1,125440.000000,NaN,"ns/op",1024,1,17,copyin,10
"com.evolvedbinary.jnibench.jmhbench.PutJNIBenchmark.putFromIndirectByteBufferGetRegion","sample",1,4690730,436.649864,0.471453,"ns/op",1024,1,17,copyin,50
"com.evolvedbinary.jnibench.jmhbench.PutJNIBenchmark.putFromIndirectByteBufferGetRegion:putFromIndirectByteBufferGetRegion·p0.00","sample",1,1,42.000000,NaN,"ns/op",1024,1,17,copyin,50
"com.evolvedbinary.jnibench.jmhbench.PutJNIBenchmark.putFromIndirectByteBufferGetRegion:putFromIndirectByteBufferGetRegion·p0.50","sample",1,1,417.000000,NaN,"ns/op",1024,1,17,copyin,50
"com.evolvedbinary.jnibench.jmhbench.PutJNIBenchmark.putFromIndirectByteBufferGetRegion:putFromIndirectByteBufferGetRegion·p0.90","sample",1,1,459.000000,NaN,"ns/op",1024,1,17,copyin,50
"com.evolvedbinary.jnibench.jmhbench.PutJNIBenchmark.putFromIndirectByteBufferGetRegion:putFromIndirectByteBufferGetRegion·p0.95","sample",1,1,459.000000,NaN,"ns/op",1024,1,17,copyin,50
"com.evolvedbinary.jnibench.jmhbench.PutJNIBenchmark.putFromIndirectByteBufferGetRegion:putFromIndirectByteBufferGetRegion·p0.99","sample",1,1,459.000000,NaN,"ns/op",1024,1,17,copyin,50
"com.evolvedbinary.jnibench.jmhbench.PutJNIBenchmark.putFromIndirectByteBufferGetRegion:putFromIndirectByteBufferGetRegion·p0.999","sample",1,1,2288.000000,NaN,"ns/op",1024,1,17,copyin,50
"com.evolvedbinary.jnibench.jmhbench.PutJNIBenchmark.putFromIndirectByteBufferGetRegion:putFromIndirectByteBufferGetRegion·p0.9999","sample",1,1,12109.660800,NaN,"ns/op",1024,1,17,copyin,50
"com.evolvedbinary.jnibench.jmhbench.PutJNIBenchmark.putFromIndirectByteBufferGetRegion:putFromIndirectByteBufferGetRegion·p1.00","sample",1,1,113664.000000,NaN,"ns/op",1024,1,17,copyin,50
"com.evolvedbinary.jnibench.jmhbench.PutJNIBenchmark.putFromIndirectByteBufferGetRegion","sample",1,4570377,452.840632,1.547470,"ns/op",1024,1,17,copyin,512
"com.evolvedbinary.jnibench.jmhbench.PutJNIBenchmark.putFromIndirectByteBufferGetRegion:putFromIndirectByteBufferGetRegion·p0.00","sample",1,1,41.000000,NaN,"ns/op",1024,1,17,copyin,512
"com.evolvedbinary.jnibench.jmhbench.PutJNIBenchmark.putFromIndirectByteBufferGetRegion:putFromIndirectByteBufferGetRegion·p0.50","sample",1,1,458.000000,NaN,"ns/op",1024,1,17,copyin,512
"com.evolvedbinary.jnibench.jmhbench.PutJNIBenchmark.putFromIndirectByteBufferGetRegion:putFromIndirectByteBufferGetRegion·p0.90","sample",1,1,459.000000,NaN,"ns/op",1024,1,17,copyin,512
"com.evolvedbinary.jnibench.jmhbench.PutJNIBenchmark.putFromIndirectByteBufferGetRegion:putFromIndirectByteBufferGetRegion·p0.95","sample",1,1,459.000000,NaN,"ns/op",1024,1,17,copyin,512
"com.evolvedbinary.jnibench.jmhbench.PutJNIBenchmark.putFromIndirectByteBufferGetRegion:putFromIndirectByteBufferGetRegion·p0.99","sample",1,1,500.000000,NaN,"ns/op",1024,1,17,copyin,512
"com.evolvedbinary.jnibench.jmhbench.PutJNIBenchmark.putFromIndirectByteBufferGetRegion:putFromIndirectByteBufferGetRegion·p0.999","sample",1,1,2292.000000,NaN,"ns/op",1024,1,17,copyin,512
"com.evolvedbinary.jnibench.jmhbench.PutJNIBenchmark.putFromIndirectByteBufferGetRegion:putFromIndirectByteBufferGetRegion·p0.9999","sample",1,1,11200.000000,NaN,"ns/op",1024,1,17,copyin,512
"com.evolvedbinary.jnibench.jmhbench.PutJNIBenchmark.putFromIndirectByteBufferGetRegion:putFromIndirectByteBufferGetRegion·p1.00","sample",1,1,1986560.000000,NaN,"ns/op",1024,1,17,copyin,512
"com.evolvedbinary.jnibench.jmhbench.PutJNIBenchmark.putFromIndirectByteBufferGetRegion","sample",1,4464574,462.727434,0.726650,"ns/op",1024,1,17,copyin,1024
"com.evolvedbinary.jnibench.jmhbench.PutJNIBenchmark.putFromIndirectByteBufferGetRegion:putFromIndirectByteBufferGetRegion·p0.00","sample",1,1,83.000000,NaN,"ns/op",1024,1,17,copyin,1024
"com.evolvedbinary.jnibench.jmhbench.PutJNIBenchmark.putFromIndirectByteBufferGetRegion:putFromIndirectByteBufferGetRegion·p0.50","sample",1,1,458.000000,NaN,"ns/op",1024,1,17,copyin,1024
"com.evolvedbinary.jnibench.jmhbench.PutJNIBenchmark.putFromIndirectByteBufferGetRegion:putFromIndirectByteBufferGetRegion·p0.90","sample",1,1,459.000000,NaN,"ns/op",1024,1,17,copyin,1024
"com.evolvedbinary.jnibench.jmhbench.PutJNIBenchmark.putFromIndirectByteBufferGetRegion:putFromIndirectByteBufferGetRegion·p0.95","sample",1,1,500.000000,NaN,"ns/op",1024,1,17,copyin,1024
"com.evolvedbinary.jnibench.jmhbench.PutJNIBenchmark.putFromIndirectByteBufferGetRegion:putFromIndirectByteBufferGetRegion·p0.99","sample",1,1,500.000000,NaN,"ns/op",1024,1,17,copyin,1024
"com.evolvedbinary.jnibench.jmhbench.PutJNIBenchmark.putFromIndirectByteBufferGetRegion:putFromIndirectByteBufferGetRegion·p0.999","sample",1,1,2332.000000,NaN,"ns/op",1024,1,17,copyin,1024
"com.evolvedbinary.jnibench.jmhbench.PutJNIBenchmark.putFromIndirectByteBufferGetRegion:putFromIndirectByteBufferGetRegion·p0.9999","sample",1,1,11488.000000,NaN,"ns/op",1024,1,17,copyin,1024
"com.evolvedbinary.jnibench.jmhbench.PutJNIBenchmark.putFromIndirectByteBufferGetRegion:putFromIndirectByteBufferGetRegion·p1.00","sample",1,1,648192.000000,NaN,"ns/op",1024,1,17,copyin,1024
"com.evolvedbinary.jnibench.jmhbench.PutJNIBenchmark.putFromIndirectByteBufferGetRegion","sample",1,3531865,583.963667,2.424372,"ns/op",1024,1,17,copyin,4096
"com.evolvedbinary.jnibench.jmhbench.PutJNIBenchmark.putFromIndirectByteBufferGetRegion:putFromIndirectByteBufferGetRegion·p0.00","sample",1,1,166.000000,NaN,"ns/op",1024,1,17,copyin,4096
"com.evolvedbinary.jnibench.jmhbench.PutJNIBenchmark.putFromIndirectByteBufferGetRegion:putFromIndirectByteBufferGetRegion·p0.50","sample",1,1,542.000000,NaN,"ns/op",1024,1,17,copyin,4096
"com.evolvedbinary.jnibench.jmhbench.PutJNIBenchmark.putFromIndirectByteBufferGetRegion:putFromIndirectByteBufferGetRegion·p0.90","sample",1,1,667.000000,NaN,"ns/op",1024,1,17,copyin,4096
"com.evolvedbinary.jnibench.jmhbench.PutJNIBenchmark.putFromIndirectByteBufferGetRegion:putFromIndirectByteBufferGetRegion·p0.95","sample",1,1,708.000000,NaN,"ns/op",1024,1,17,copyin,4096
"com.evolvedbinary.jnibench.jmhbench.PutJNIBenchmark.putFromIndirectByteBufferGetRegion:putFromIndirectByteBufferGetRegion·p0.99","sample",1,1,750.000000,NaN,"ns/op",1024,1,17,copyin,4096
"com.evolvedbinary.jnibench.jmhbench.PutJNIBenchmark.putFromIndirectByteBufferGetRegion:putFromIndirectByteBufferGetRegion·p0.999","sample",1,1,3580.000000,NaN,"ns/op",1024,1,17,copyin,4096
"com.evolvedbinary.jnibench.jmhbench.PutJNIBenchmark.putFromIndirectByteBufferGetRegion:putFromIndirectByteBufferGetRegion·p0.9999","sample",1,1,15328.000000,NaN,"ns/op",1024,1,17,copyin,4096
"com.evolvedbinary.jnibench.jmhbench.PutJNIBenchmark.putFromIndirectByteBufferGetRegion:putFromIndirectByteBufferGetRegion·p1.00","sample",1,1,2490368.000000,NaN,"ns/op",1024,1,17,copyin,4096
"com.evolvedbinary.jnibench.jmhbench.PutJNIBenchmark.putFromIndirectByteBufferGetRegion","sample",1,2896201,708.509422,0.875648,"ns/op",1024,1,17,copyin,8192
"com.evolvedbinary.jnibench.jmhbench.PutJNIBenchmark.putFromIndirectByteBufferGetRegion:putFromIndirectByteBufferGetRegion·p0.00","sample",1,1,417.000000,NaN,"ns/op",1024,1,17,copyin,8192
"com.evolvedbinary.jnibench.jmhbench.PutJNIBenchmark.putFromIndirectByteBufferGetRegion:putFromIndirectByteBufferGetRegion·p0.50","sample",1,1,667.000000,NaN,"ns/op",1024,1,17,copyin,8192
"com.evolvedbinary.jnibench.jmhbench.PutJNIBenchmark.putFromIndirectByteBufferGetRegion:putFromIndirectByteBufferGetRegion·p0.90","sample",1,1,792.000000,NaN,"ns/op",1024,1,17,copyin,8192
"com.evolvedbinary.jnibench.jmhbench.PutJNIBenchmark.putFromIndirectByteBufferGetRegion:putFromIndirectByteBufferGetRegion·p0.95","sample",1,1,833.000000,NaN,"ns/op",1024,1,17,copyin,8192
"com.evolvedbinary.jnibench.jmhbench.PutJNIBenchmark.putFromIndirectByteBufferGetRegion:putFromIndirectByteBufferGetRegion·p0.99","sample",1,1,958.000000,NaN,"ns/op",1024,1,17,copyin,8192
"com.evolvedbinary.jnibench.jmhbench.PutJNIBenchmark.putFromIndirectByteBufferGetRegion:putFromIndirectByteBufferGetRegion·p0.999","sample",1,1,4624.000000,NaN,"ns/op",1024,1,17,copyin,8192
"com.evolvedbinary.jnibench.jmhbench.PutJNIBenchmark.putFromIndirectByteBufferGetRegion:putFromIndirectByteBufferGetRegion·p0.9999","sample",1,1,17676.153600,NaN,"ns/op",1024,1,17,copyin,8192
"com.evolvedbinary.jnibench.jmhbench.PutJNIBenchmark.putFromIndirectByteBufferGetRegion:putFromIndirectByteBufferGetRegion·p1.00","sample",1,1,286208.000000,NaN,"ns/op",1024,1,17,copyin,8192
"com.evolvedbinary.jnibench.jmhbench.PutJNIBenchmark.putFromIndirectByteBufferGetRegion","sample",1,3335313,1219.906529,0.879229,"ns/op",1024,1,17,copyin,16384
"com.evolvedbinary.jnibench.jmhbench.PutJNIBenchmark.putFromIndirectByteBufferGetRegion:putFromIndirectByteBufferGetRegion·p0.00","sample",1,1,750.000000,NaN,"ns/op",1024,1,17,copyin,16384
"com.evolvedbinary.jnibench.jmhbench.PutJNIBenchmark.putFromIndirectByteBufferGetRegion:putFromIndirectByteBufferGetRegion·p0.50","sample",1,1,1374.000000,NaN,"ns/op",1024,1,17,copyin,16384
"com.evolvedbinary.jnibench.jmhbench.PutJNIBenchmark.putFromIndirectByteBufferGetRegion:putFromIndirectByteBufferGetRegion·p0.90","sample",1,1,1416.000000,NaN,"ns/op",1024,1,17,copyin,16384
"com.evolvedbinary.jnibench.jmhbench.PutJNIBenchmark.putFromIndirectByteBufferGetRegion:putFromIndirectByteBufferGetRegion·p0.95","sample",1,1,1416.000000,NaN,"ns/op",1024,1,17,copyin,16384
"com.evolvedbinary.jnibench.jmhbench.PutJNIBenchmark.putFromIndirectByteBufferGetRegion:putFromIndirectByteBufferGetRegion·p0.99","sample",1,1,1582.000000,NaN,"ns/op",1024,1,17,copyin,16384
"com.evolvedbinary.jnibench.jmhbench.PutJNIBenchmark.putFromIndirectByteBufferGetRegion:putFromIndirectByteBufferGetRegion·p0.999","sample",1,1,5912.000000,NaN,"ns/op",1024,1,17,copyin,16384
"com.evolvedbinary.jnibench.jmhbench.PutJNIBenchmark.putFromIndirectByteBufferGetRegion:putFromIndirectByteBufferGetRegion·p0.9999","sample",1,1,18638.995200,NaN,"ns/op",1024,1,17,copyin,16384
"com.evolvedbinary.jnibench.jmhbench.PutJNIBenchmark.putFromIndirectByteBufferGetRegion:putFromIndirectByteBufferGetRegion·p1.00","sample",1,1,98560.000000,NaN,"ns/op",1024,1,17,copyin,16384
"com.evolvedbinary.jnibench.jmhbench.PutJNIBenchmark.putFromIndirectByteBufferGetRegion","sample",1,3750622,1851.668233,1.909571,"ns/op",1024,1,17,copyin,32768
"com.evolvedbinary.jnibench.jmhbench.PutJNIBenchmark.putFromIndirectByteBufferGetRegion:putFromIndirectByteBufferGetRegion·p0.00","sample",1,1,1166.000000,NaN,"ns/op",1024,1,17,copyin,32768
"com.evolvedbinary.jnibench.jmhbench.PutJNIBenchmark.putFromIndirectByteBufferGetRegion:putFromIndirectByteBufferGetRegion·p0.50","sample",1,1,2164.000000,NaN,"ns/op",1024,1,17,copyin,32768
"com.evolvedbinary.jnibench.jmhbench.PutJNIBenchmark.putFromIndirectByteBufferGetRegion:putFromIndirectByteBufferGetRegion·p0.90","sample",1,1,2208.000000,NaN,"ns/op",1024,1,17,copyin,32768
"com.evolvedbinary.jnibench.jmhbench.PutJNIBenchmark.putFromIndirectByteBufferGetRegion:putFromIndirectByteBufferGetRegion·p0.95","sample",1,1,2208.000000,NaN,"ns/op",1024,1,17,copyin,32768
"com.evolvedbinary.jnibench.jmhbench.PutJNIBenchmark.putFromIndirectByteBufferGetRegion:putFromIndirectByteBufferGetRegion·p0.99","sample",1,1,2416.000000,NaN,"ns/op",1024,1,17,copyin,32768
"com.evolvedbinary.jnibench.jmhbench.PutJNIBenchmark.putFromIndirectByteBufferGetRegion:putFromIndirectByteBufferGetRegion·p0.999","sample",1,1,6792.000000,NaN,"ns/op",1024,1,17,copyin,32768
"com.evolvedbinary.jnibench.jmhbench.PutJNIBenchmark.putFromIndirectByteBufferGetRegion:putFromIndirectByteBufferGetRegion·p0.9999","sample",1,1,21120.000000,NaN,"ns/op",1024,1,17,copyin,32768
"com.evolvedbinary.jnibench.jmhbench.PutJNIBenchmark.putFromIndirectByteBufferGetRegion:putFromIndirectByteBufferGetRegion·p1.00","sample",1,1,1413120.000000,NaN,"ns/op",1024,1,17,copyin,32768
"com.evolvedbinary.jnibench.jmhbench.PutJNIBenchmark.putFromIndirectByteBufferGetRegion","sample",1,3254202,3102.854010,1.721207,"ns/op",1024,1,17,copyin,65536
"com.evolvedbinary.jnibench.jmhbench.PutJNIBenchmark.putFromIndirectByteBufferGetRegion:putFromIndirectByteBufferGetRegion·p0.00","sample",1,1,2000.000000,NaN,"ns/op",1024,1,17,copyin,65536
"com.evolvedbinary.jnibench.jmhbench.PutJNIBenchmark.putFromIndirectByteBufferGetRegion:putFromIndirectByteBufferGetRegion·p0.50","sample",1,1,3748.000000,NaN,"ns/op",1024,1,17,copyin,65536
"com.evolvedbinary.jnibench.jmhbench.PutJNIBenchmark.putFromIndirectByteBufferGetRegion:putFromIndirectByteBufferGetRegion·p0.90","sample",1,1,3832.000000,NaN,"ns/op",1024,1,17,copyin,65536
"com.evolvedbinary.jnibench.jmhbench.PutJNIBenchmark.putFromIndirectByteBufferGetRegion:putFromIndirectByteBufferGetRegion·p0.95","sample",1,1,3832.000000,NaN,"ns/op",1024,1,17,copyin,65536
"com.evolvedbinary.jnibench.jmhbench.PutJNIBenchmark.putFromIndirectByteBufferGetRegion:putFromIndirectByteBufferGetRegion·p0.99","sample",1,1,4040.000000,NaN,"ns/op",1024,1,17,copyin,65536
"com.evolvedbinary.jnibench.jmhbench.PutJNIBenchmark.putFromIndirectByteBufferGetRegion:putFromIndirectByteBufferGetRegion·p0.999","sample",1,1,9952.000000,NaN,"ns/op",1024,1,17,copyin,65536
"com.evolvedbinary.jnibench.jmhbench.PutJNIBenchmark.putFromIndirectByteBufferGetRegion:putFromIndirectByteBufferGetRegion·p0.9999","sample",1,1,31526.953600,NaN,"ns/op",1024,1,17,copyin,65536
"com.evolvedbinary.jnibench.jmhbench.PutJNIBenchmark.putFromIndirectByteBufferGetRegion:putFromIndirectByteBufferGetRegion·p1.00","sample",1,1,160000.000000,NaN,"ns/op",1024,1,17,copyin,65536
"com.evolvedbinary.jnibench.jmhbench.PutJNIBenchmark.putFromNettyByteBuf","sample",1,2841781,188.696911,0.787624,"ns/op",1024,1,17,none,10
"com.evolvedbinary.jnibench.jmhbench.PutJNIBenchmark.putFromNettyByteBuf:putFromNettyByteBuf·p0.00","sample",1,1,41.000000,NaN,"ns/op",1024,1,17,none,10
"com.evolvedbinary.jnibench.jmhbench.PutJNIBenchmark.putFromNettyByteBuf:putFromNettyByteBuf·p0.50","sample",1,1,167.000000,NaN,"ns/op",1024,1,17,none,10
"com.evolvedbinary.jnibench.jmhbench.PutJNIBenchmark.putFromNettyByteBuf:putFromNettyByteBuf·p0.90","sample",1,1,209.000000,NaN,"ns/op",1024,1,17,none,10
"com.evolvedbinary.jnibench.jmhbench.PutJNIBenchmark.putFromNettyByteBuf:putFromNettyByteBuf·p0.95","sample",1,1,209.000000,NaN,"ns/op",1024,1,17,none,10
"com.evolvedbinary.jnibench.jmhbench.PutJNIBenchmark.putFromNettyByteBuf:putFromNettyByteBuf·p0.99","sample",1,1,209.000000,NaN,"ns/op",1024,1,17,none,10
"com.evolvedbinary.jnibench.jmhbench.PutJNIBenchmark.putFromNettyByteBuf:putFromNettyByteBuf·p0.999","sample",1,1,1416.000000,NaN,"ns/op",1024,1,17,none,10
"com.evolvedbinary.jnibench.jmhbench.PutJNIBenchmark.putFromNettyByteBuf:putFromNettyByteBuf·p0.9999","sample",1,1,7536.000000,NaN,"ns/op",1024,1,17,none,10
"com.evolvedbinary.jnibench.jmhbench.PutJNIBenchmark.putFromNettyByteBuf:putFromNettyByteBuf·p1.00","sample",1,1,422912.000000,NaN,"ns/op",1024,1,17,none,10
"com.evolvedbinary.jnibench.jmhbench.PutJNIBenchmark.putFromNettyByteBuf","sample",1,2818107,190.877800,0.514968,"ns/op",1024,1,17,none,50
"com.evolvedbinary.jnibench.jmhbench.PutJNIBenchmark.putFromNettyByteBuf:putFromNettyByteBuf·p0.00","sample",1,1,41.000000,NaN,"ns/op",1024,1,17,none,50
"com.evolvedbinary.jnibench.jmhbench.PutJNIBenchmark.putFromNettyByteBuf:putFromNettyByteBuf·p0.50","sample",1,1,167.000000,NaN,"ns/op",1024,1,17,none,50
"com.evolvedbinary.jnibench.jmhbench.PutJNIBenchmark.putFromNettyByteBuf:putFromNettyByteBuf·p0.90","sample",1,1,209.000000,NaN,"ns/op",1024,1,17,none,50
"com.evolvedbinary.jnibench.jmhbench.PutJNIBenchmark.putFromNettyByteBuf:putFromNettyByteBuf·p0.95","sample",1,1,209.000000,NaN,"ns/op",1024,1,17,none,50
"com.evolvedbinary.jnibench.jmhbench.PutJNIBenchmark.putFromNettyByteBuf:putFromNettyByteBuf·p0.99","sample",1,1,209.000000,NaN,"ns/op",1024,1,17,none,50
"com.evolvedbinary.jnibench.jmhbench.PutJNIBenchmark.putFromNettyByteBuf:putFromNettyByteBuf·p0.999","sample",1,1,1542.000000,NaN,"ns/op",1024,1,17,none,50
"com.evolvedbinary.jnibench.jmhbench.PutJNIBenchmark.putFromNettyByteBuf:putFromNettyByteBuf·p0.9999","sample",1,1,8665.081600,NaN,"ns/op",1024,1,17,none,50
"com.evolvedbinary.jnibench.jmhbench.PutJNIBenchmark.putFromNettyByteBuf:putFromNettyByteBuf·p1.00","sample",1,1,77056.000000,NaN,"ns/op",1024,1,17,none,50
"com.evolvedbinary.jnibench.jmhbench.PutJNIBenchmark.putFromNettyByteBuf","sample",1,2739378,196.407605,0.590158,"ns/op",1024,1,17,none,512
"com.evolvedbinary.jnibench.jmhbench.PutJNIBenchmark.putFromNettyByteBuf:putFromNettyByteBuf·p0.00","sample",1,1,41.000000,NaN,"ns/op",1024,1,17,none,512
"com.evolvedbinary.jnibench.jmhbench.PutJNIBenchmark.putFromNettyByteBuf:putFromNettyByteBuf·p0.50","sample",1,1,208.000000,NaN,"ns/op",1024,1,17,none,512
"com.evolvedbinary.jnibench.jmhbench.PutJNIBenchmark.putFromNettyByteBuf:putFromNettyByteBuf·p0.90","sample",1,1,209.000000,NaN,"ns/op",1024,1,17,none,512
"com.evolvedbinary.jnibench.jmhbench.PutJNIBenchmark.putFromNettyByteBuf:putFromNettyByteBuf·p0.95","sample",1,1,209.000000,NaN,"ns/op",1024,1,17,none,512
"com.evolvedbinary.jnibench.jmhbench.PutJNIBenchmark.putFromNettyByteBuf:putFromNettyByteBuf·p0.99","sample",1,1,209.000000,NaN,"ns/op",1024,1,17,none,512
"com.evolvedbinary.jnibench.jmhbench.PutJNIBenchmark.putFromNettyByteBuf:putFromNettyByteBuf·p0.999","sample",1,1,1874.000000,NaN,"ns/op",1024,1,17,none,512
"com.evolvedbinary.jnibench.jmhbench.PutJNIBenchmark.putFromNettyByteBuf:putFromNettyByteBuf·p0.9999","sample",1,1,9826.980800,NaN,"ns/op",1024,1,17,none,512
"com.evolvedbinary.jnibench.jmhbench.PutJNIBenchmark.putFromNettyByteBuf:putFromNettyByteBuf·p1.00","sample",1,1,228608.000000,NaN,"ns/op",1024,1,17,none,512
"com.evolvedbinary.jnibench.jmhbench.PutJNIBenchmark.putFromNettyByteBuf","sample",1,2669044,200.335622,0.486831,"ns/op",1024,1,17,none,1024
"com.evolvedbinary.jnibench.jmhbench.PutJNIBenchmark.putFromNettyByteBuf:putFromNettyByteBuf·p0.00","sample",1,1,41.000000,NaN,"ns/op",1024,1,17,none,1024
"com.evolvedbinary.jnibench.jmhbench.PutJNIBenchmark.putFromNettyByteBuf:putFromNettyByteBuf·p0.50","sample",1,1,208.000000,NaN,"ns/op",1024,1,17,none,1024
"com.evolvedbinary.jnibench.jmhbench.PutJNIBenchmark.putFromNettyByteBuf:putFromNettyByteBuf·p0.90","sample",1,1,209.000000,NaN,"ns/op",1024,1,17,none,1024
"com.evolvedbinary.jnibench.jmhbench.PutJNIBenchmark.putFromNettyByteBuf:putFromNettyByteBuf·p0.95","sample",1,1,209.000000,NaN,"ns/op",1024,1,17,none,1024
"com.evolvedbinary.jnibench.jmhbench.PutJNIBenchmark.putFromNettyByteBuf:putFromNettyByteBuf·p0.99","sample",1,1,209.000000,NaN,"ns/op",1024,1,17,none,1024
"com.evolvedbinary.jnibench.jmhbench.PutJNIBenchmark.putFromNettyByteBuf:putFromNettyByteBuf·p0.999","sample",1,1,1458.000000,NaN,"ns/op",1024,1,17,none,1024
"com.evolvedbinary.jnibench.jmhbench.PutJNIBenchmark.putFromNettyByteBuf:putFromNettyByteBuf·p0.9999","sample",1,1,8000.000000,NaN,"ns/op",1024,1,17,none,1024
"com.evolvedbinary.jnibench.jmhbench.PutJNIBenchmark.putFromNettyByteBuf:putFromNettyByteBuf·p1.00","sample",1,1,85888.000000,NaN,"ns/op",1024,1,17,none,1024
"com.evolvedbinary.jnibench.jmhbench.PutJNIBenchmark.putFromNettyByteBuf","sample",1,4002992,265.877283,1.450307,"ns/op",1024,1,17,none,4096
"com.evolvedbinary.jnibench.jmhbench.PutJNIBenchmark.putFromNettyByteBuf:putFromNettyByteBuf·p0.00","sample",1,1,41.000000,NaN,"ns/op",1024,1,17,none,4096
"com.evolvedbinary.jnibench.jmhbench.PutJNIBenchmark.putFromNettyByteBuf:putFromNettyByteBuf·p0.50","sample",1,1,250.000000,NaN,"ns/op",1024,1,17,none,4096
"com.evolvedbinary.jnibench.jmhbench.PutJNIBenchmark.putFromNettyByteBuf:putFromNettyByteBuf·p0.90","sample",1,1,333.000000,NaN,"ns/op",1024,1,17,none,4096
"com.evolvedbinary.jnibench.jmhbench.PutJNIBenchmark.putFromNettyByteBuf:putFromNettyByteBuf·p0.95","sample",1,1,375.000000,NaN,"ns/op",1024,1,17,none,4096
"com.evolvedbinary.jnibench.jmhbench.PutJNIBenchmark.putFromNettyByteBuf:putFromNettyByteBuf·p0.99","sample",1,1,417.000000,NaN,"ns/op",1024,1,17,none,4096
"com.evolvedbinary.jnibench.jmhbench.PutJNIBenchmark.putFromNettyByteBuf:putFromNettyByteBuf·p0.999","sample",1,1,1542.000000,NaN,"ns/op",1024,1,17,none,4096
"com.evolvedbinary.jnibench.jmhbench.PutJNIBenchmark.putFromNettyByteBuf:putFromNettyByteBuf·p0.9999","sample",1,1,8992.000000,NaN,"ns/op",1024,1,17,none,4096
"com.evolvedbinary.jnibench.jmhbench.PutJNIBenchmark.putFromNettyByteBuf:putFromNettyByteBuf·p1.00","sample",1,1,1667072.000000,NaN,"ns/op",1024,1,17,none,4096
"com.evolvedbinary.jnibench.jmhbench.PutJNIBenchmark.putFromNettyByteBuf","sample",1,3191831,333.896335,2.564868,"ns/op",1024,1,17,none,8192
"com.evolvedbinary.jnibench.jmhbench.PutJNIBenchmark.putFromNettyByteBuf:putFromNettyByteBuf·p0.00","sample",1,1,42.000000,NaN,"ns/op",1024,1,17,none,8192
"com.evolvedbinary.jnibench.jmhbench.PutJNIBenchmark.putFromNettyByteBuf:putFromNettyByteBuf·p0.50","sample",1,1,333.000000,NaN,"ns/op",1024,1,17,none,8192
"com.evolvedbinary.jnibench.jmhbench.PutJNIBenchmark.putFromNettyByteBuf:putFromNettyByteBuf·p0.90","sample",1,1,375.000000,NaN,"ns/op",1024,1,17,none,8192
"com.evolvedbinary.jnibench.jmhbench.PutJNIBenchmark.putFromNettyByteBuf:putFromNettyByteBuf·p0.95","sample",1,1,417.000000,NaN,"ns/op",1024,1,17,none,8192
"com.evolvedbinary.jnibench.jmhbench.PutJNIBenchmark.putFromNettyByteBuf:putFromNettyByteBuf·p0.99","sample",1,1,500.000000,NaN,"ns/op",1024,1,17,none,8192
"com.evolvedbinary.jnibench.jmhbench.PutJNIBenchmark.putFromNettyByteBuf:putFromNettyByteBuf·p0.999","sample",1,1,2124.000000,NaN,"ns/op",1024,1,17,none,8192
"com.evolvedbinary.jnibench.jmhbench.PutJNIBenchmark.putFromNettyByteBuf:putFromNettyByteBuf·p0.9999","sample",1,1,11152.000000,NaN,"ns/op",1024,1,17,none,8192
"com.evolvedbinary.jnibench.jmhbench.PutJNIBenchmark.putFromNettyByteBuf:putFromNettyByteBuf·p1.00","sample",1,1,1806336.000000,NaN,"ns/op",1024,1,17,none,8192
"com.evolvedbinary.jnibench.jmhbench.PutJNIBenchmark.putFromNettyByteBuf","sample",1,3739833,725.859985,0.691053,"ns/op",1024,1,17,none,16384
"com.evolvedbinary.jnibench.jmhbench.PutJNIBenchmark.putFromNettyByteBuf:putFromNettyByteBuf·p0.00","sample",1,1,292.000000,NaN,"ns/op",1024,1,17,none,16384
"com.evolvedbinary.jnibench.jmhbench.PutJNIBenchmark.putFromNettyByteBuf:putFromNettyByteBuf·p0.50","sample",1,1,583.000000,NaN,"ns/op",1024,1,17,none,16384
"com.evolvedbinary.jnibench.jmhbench.PutJNIBenchmark.putFromNettyByteBuf:putFromNettyByteBuf·p0.90","sample",1,1,1000.000000,NaN,"ns/op",1024,1,17,none,16384
"com.evolvedbinary.jnibench.jmhbench.PutJNIBenchmark.putFromNettyByteBuf:putFromNettyByteBuf·p0.95","sample",1,1,1000.000000,NaN,"ns/op",1024,1,17,none,16384
"com.evolvedbinary.jnibench.jmhbench.PutJNIBenchmark.putFromNettyByteBuf:putFromNettyByteBuf·p0.99","sample",1,1,1084.000000,NaN,"ns/op",1024,1,17,none,16384
"com.evolvedbinary.jnibench.jmhbench.PutJNIBenchmark.putFromNettyByteBuf:putFromNettyByteBuf·p0.999","sample",1,1,3916.000000,NaN,"ns/op",1024,1,17,none,16384
"com.evolvedbinary.jnibench.jmhbench.PutJNIBenchmark.putFromNettyByteBuf:putFromNettyByteBuf·p0.9999","sample",1,1,14032.796800,NaN,"ns/op",1024,1,17,none,16384
"com.evolvedbinary.jnibench.jmhbench.PutJNIBenchmark.putFromNettyByteBuf:putFromNettyByteBuf·p1.00","sample",1,1,92160.000000,NaN,"ns/op",1024,1,17,none,16384
"com.evolvedbinary.jnibench.jmhbench.PutJNIBenchmark.putFromNettyByteBuf","sample",1,3045921,1070.243914,268.493534,"ns/op",1024,1,17,none,32768
"com.evolvedbinary.jnibench.jmhbench.PutJNIBenchmark.putFromNettyByteBuf:putFromNettyByteBuf·p0.00","sample",1,1,541.000000,NaN,"ns/op",1024,1,17,none,32768
"com.evolvedbinary.jnibench.jmhbench.PutJNIBenchmark.putFromNettyByteBuf:putFromNettyByteBuf·p0.50","sample",1,1,792.000000,NaN,"ns/op",1024,1,17,none,32768
"com.evolvedbinary.jnibench.jmhbench.PutJNIBenchmark.putFromNettyByteBuf:putFromNettyByteBuf·p0.90","sample",1,1,1624.000000,NaN,"ns/op",1024,1,17,none,32768
"com.evolvedbinary.jnibench.jmhbench.PutJNIBenchmark.putFromNettyByteBuf:putFromNettyByteBuf·p0.95","sample",1,1,1624.000000,NaN,"ns/op",1024,1,17,none,32768
"com.evolvedbinary.jnibench.jmhbench.PutJNIBenchmark.putFromNettyByteBuf:putFromNettyByteBuf·p0.99","sample",1,1,1666.000000,NaN,"ns/op",1024,1,17,none,32768
"com.evolvedbinary.jnibench.jmhbench.PutJNIBenchmark.putFromNettyByteBuf:putFromNettyByteBuf·p0.999","sample",1,1,5624.000000,NaN,"ns/op",1024,1,17,none,32768
"com.evolvedbinary.jnibench.jmhbench.PutJNIBenchmark.putFromNettyByteBuf:putFromNettyByteBuf·p0.9999","sample",1,1,22708.198400,NaN,"ns/op",1024,1,17,none,32768
"com.evolvedbinary.jnibench.jmhbench.PutJNIBenchmark.putFromNettyByteBuf:putFromNettyByteBuf·p1.00","sample",1,1,248512512.000000,NaN,"ns/op",1024,1,17,none,32768
"com.evolvedbinary.jnibench.jmhbench.PutJNIBenchmark.putFromNettyByteBuf","sample",1,3390278,2097.485781,2.594013,"ns/op",1024,1,17,none,65536
"com.evolvedbinary.jnibench.jmhbench.PutJNIBenchmark.putFromNettyByteBuf:putFromNettyByteBuf·p0.00","sample",1,1,1124.000000,NaN,"ns/op",1024,1,17,none,65536
"com.evolvedbinary.jnibench.jmhbench.PutJNIBenchmark.putFromNettyByteBuf:putFromNettyByteBuf·p0.50","sample",1,1,1542.000000,NaN,"ns/op",1024,1,17,none,65536
"com.evolvedbinary.jnibench.jmhbench.PutJNIBenchmark.putFromNettyByteBuf:putFromNettyByteBuf·p0.90","sample",1,1,2916.000000,NaN,"ns/op",1024,1,17,none,65536
"com.evolvedbinary.jnibench.jmhbench.PutJNIBenchmark.putFromNettyByteBuf:putFromNettyByteBuf·p0.95","sample",1,1,2916.000000,NaN,"ns/op",1024,1,17,none,65536
"com.evolvedbinary.jnibench.jmhbench.PutJNIBenchmark.putFromNettyByteBuf:putFromNettyByteBuf·p0.99","sample",1,1,3040.000000,NaN,"ns/op",1024,1,17,none,65536
"com.evolvedbinary.jnibench.jmhbench.PutJNIBenchmark.putFromNettyByteBuf:putFromNettyByteBuf·p0.999","sample",1,1,7952.000000,NaN,"ns/op",1024,1,17,none,65536
"com.evolvedbinary.jnibench.jmhbench.PutJNIBenchmark.putFromNettyByteBuf:putFromNettyByteBuf·p0.9999","sample",1,1,23612.428800,NaN,"ns/op",1024,1,17,none,65536
"com.evolvedbinary.jnibench.jmhbench.PutJNIBenchmark.putFromNettyByteBuf:putFromNettyByteBuf·p1.00","sample",1,1,1851392.000000,NaN,"ns/op",1024,1,17,none,65536
"com.evolvedbinary.jnibench.jmhbench.PutJNIBenchmark.putFromNettyByteBuf","sample",1,2693520,199.042841,0.726663,"ns/op",1024,1,17,copyin,10
"com.evolvedbinary.jnibench.jmhbench.PutJNIBenchmark.putFromNettyByteBuf:putFromNettyByteBuf·p0.00","sample",1,1,41.000000,NaN,"ns/op",1024,1,17,copyin,10
"com.evolvedbinary.jnibench.jmhbench.PutJNIBenchmark.putFromNettyByteBuf:putFromNettyByteBuf·p0.50","sample",1,1,208.000000,NaN,"ns/op",1024,1,17,copyin,10
"com.evolvedbinary.jnibench.jmhbench.PutJNIBenchmark.putFromNettyByteBuf:putFromNettyByteBuf·p0.90","sample",1,1,209.000000,NaN,"ns/op",1024,1,17,copyin,10
"com.evolvedbinary.jnibench.jmhbench.PutJNIBenchmark.putFromNettyByteBuf:putFromNettyByteBuf·p0.95","sample",1,1,209.000000,NaN,"ns/op",1024,1,17,copyin,10
"com.evolvedbinary.jnibench.jmhbench.PutJNIBenchmark.putFromNettyByteBuf:putFromNettyByteBuf·p0.99","sample",1,1,209.000000,NaN,"ns/op",1024,1,17,copyin,10
"com.evolvedbinary.jnibench.jmhbench.PutJNIBenchmark.putFromNettyByteBuf:putFromNettyByteBuf·p0.999","sample",1,1,1916.000000,NaN,"ns/op",1024,1,17,copyin,10
"com.evolvedbinary.jnibench.jmhbench.PutJNIBenchmark.putFromNettyByteBuf:putFromNettyByteBuf·p0.9999","sample",1,1,9231.099200,NaN,"ns/op",1024,1,17,copyin,10
"com.evolvedbinary.jnibench.jmhbench.PutJNIBenchmark.putFromNettyByteBuf:putFromNettyByteBuf·p1.00","sample",1,1,321536.000000,NaN,"ns/op",1024,1,17,copyin,10
"com.evolvedbinary.jnibench.jmhbench.PutJNIBenchmark.putFromNettyByteBuf","sample",1,4825906,216.537521,0.308657,"ns/op",1024,1,17,copyin,50
"com.evolvedbinary.jnibench.jmhbench.PutJNIBenchmark.putFromNettyByteBuf:putFromNettyByteBuf·p0.00","sample",1,1,41.000000,NaN,"ns/op",1024,1,17,copyin,50
"com.evolvedbinary.jnibench.jmhbench.PutJNIBenchmark.putFromNettyByteBuf:putFromNettyByteBuf·p0.50","sample",1,1,208.000000,NaN,"ns/op",1024,1,17,copyin,50
"com.evolvedbinary.jnibench.jmhbench.PutJNIBenchmark.putFromNettyByteBuf:putFromNettyByteBuf·p0.90","sample",1,1,250.000000,NaN,"ns/op",1024,1,17,copyin,50
"com.evolvedbinary.jnibench.jmhbench.PutJNIBenchmark.putFromNettyByteBuf:putFromNettyByteBuf·p0.95","sample",1,1,250.000000,NaN,"ns/op",1024,1,17,copyin,50
"com.evolvedbinary.jnibench.jmhbench.PutJNIBenchmark.putFromNettyByteBuf:putFromNettyByteBuf·p0.99","sample",1,1,250.000000,NaN,"ns/op",1024,1,17,copyin,50
"com.evolvedbinary.jnibench.jmhbench.PutJNIBenchmark.putFromNettyByteBuf:putFromNettyByteBuf·p0.999","sample",1,1,1040.000000,NaN,"ns/op",1024,1,17,copyin,50
"com.evolvedbinary.jnibench.jmhbench.PutJNIBenchmark.putFromNettyByteBuf:putFromNettyByteBuf·p0.9999","sample",1,1,6952.000000,NaN,"ns/op",1024,1,17,copyin,50
"com.evolvedbinary.jnibench.jmhbench.PutJNIBenchmark.putFromNettyByteBuf:putFromNettyByteBuf·p1.00","sample",1,1,58688.000000,NaN,"ns/op",1024,1,17,copyin,50
"com.evolvedbinary.jnibench.jmhbench.PutJNIBenchmark.putFromNettyByteBuf","sample",1,4571100,446.949893,1.952878,"ns/op",1024,1,17,copyin,512
"com.evolvedbinary.jnibench.jmhbench.PutJNIBenchmark.putFromNettyByteBuf:putFromNettyByteBuf·p0.00","sample",1,1,125.000000,NaN,"ns/op",1024,1,17,copyin,512
"com.evolvedbinary.jnibench.jmhbench.PutJNIBenchmark.putFromNettyByteBuf:putFromNettyByteBuf·p0.50","sample",1,1,458.000000,NaN,"ns/op",1024,1,17,copyin,512
"com.evolvedbinary.jnibench.jmhbench.PutJNIBenchmark.putFromNettyByteBuf:putFromNettyByteBuf·p0.90","sample",1,1,459.000000,NaN,"ns/op",1024,1,17,copyin,512
"com.evolvedbinary.jnibench.jmhbench.PutJNIBenchmark.putFromNettyByteBuf:putFromNettyByteBuf·p0.95","sample",1,1,459.000000,NaN,"ns/op",1024,1,17,copyin,512
"com.evolvedbinary.jnibench.jmhbench.PutJNIBenchmark.putFromNettyByteBuf:putFromNettyByteBuf·p0.99","sample",1,1,500.000000,NaN,"ns/op",1024,1,17,copyin,512
"com.evolvedbinary.jnibench.jmhbench.PutJNIBenchmark.putFromNettyByteBuf:putFromNettyByteBuf·p0.999","sample",1,1,2124.000000,NaN,"ns/op",1024,1,17,copyin,512
"com.evolvedbinary.jnibench.jmhbench.PutJNIBenchmark.putFromNettyByteBuf:putFromNettyByteBuf·p0.9999","sample",1,1,11034.715200,NaN,"ns/op",1024,1,17,copyin,512
"com.evolvedbinary.jnibench.jmhbench.PutJNIBenchmark.putFromNettyByteBuf:putFromNettyByteBuf·p1.00","sample",1,1,2125824.000000,NaN,"ns/op",1024,1,17,copyin,512
"com.evolvedbinary.jnibench.jmhbench.PutJNIBenchmark.putFromNettyByteBuf","sample",1,2873330,715.871759,0.880530,"ns/op",1024,1,17,copyin,1024
"com.evolvedbinary.jnibench.jmhbench.PutJNIBenchmark.putFromNettyByteBuf:putFromNettyByteBuf·p0.00","sample",1,1,208.000000,NaN,"ns/op",1024,1,17,copyin,1024
"com.evolvedbinary.jnibench.jmhbench.PutJNIBenchmark.putFromNettyByteBuf:putFromNettyByteBuf·p0.50","sample",1,1,708.000000,NaN,"ns/op",1024,1,17,copyin,1024
"com.evolvedbinary.jnibench.jmhbench.PutJNIBenchmark.putFromNettyByteBuf:putFromNettyByteBuf·p0.90","sample",1,1,709.000000,NaN,"ns/op",1024,1,17,copyin,1024
"com.evolvedbinary.jnibench.jmhbench.PutJNIBenchmark.putFromNettyByteBuf:putFromNettyByteBuf·p0.95","sample",1,1,750.000000,NaN,"ns/op",1024,1,17,copyin,1024
"com.evolvedbinary.jnibench.jmhbench.PutJNIBenchmark.putFromNettyByteBuf:putFromNettyByteBuf·p0.99","sample",1,1,792.000000,NaN,"ns/op",1024,1,17,copyin,1024
"com.evolvedbinary.jnibench.jmhbench.PutJNIBenchmark.putFromNettyByteBuf:putFromNettyByteBuf·p0.999","sample",1,1,4784.000000,NaN,"ns/op",1024,1,17,copyin,1024
"com.evolvedbinary.jnibench.jmhbench.PutJNIBenchmark.putFromNettyByteBuf:putFromNettyByteBuf·p0.9999","sample",1,1,20053.340800,NaN,"ns/op",1024,1,17,copyin,1024
"com.evolvedbinary.jnibench.jmhbench.PutJNIBenchmark.putFromNettyByteBuf:putFromNettyByteBuf·p1.00","sample",1,1,153856.000000,NaN,"ns/op",1024,1,17,copyin,1024
"com.evolvedbinary.jnibench.jmhbench.PutJNIBenchmark.putFromNettyByteBuf","sample",1,3537484,2284.492391,2.098812,"ns/op",1024,1,17,copyin,4096
"com.evolvedbinary.jnibench.jmhbench.PutJNIBenchmark.putFromNettyByteBuf:putFromNettyByteBuf·p0.00","sample",1,1,1874.000000,NaN,"ns/op",1024,1,17,copyin,4096
"com.evolvedbinary.jnibench.jmhbench.PutJNIBenchmark.putFromNettyByteBuf:putFromNettyByteBuf·p0.50","sample",1,1,2248.000000,NaN,"ns/op",1024,1,17,copyin,4096
"com.evolvedbinary.jnibench.jmhbench.PutJNIBenchmark.putFromNettyByteBuf:putFromNettyByteBuf·p0.90","sample",1,1,2372.000000,NaN,"ns/op",1024,1,17,copyin,4096
"com.evolvedbinary.jnibench.jmhbench.PutJNIBenchmark.putFromNettyByteBuf:putFromNettyByteBuf·p0.95","sample",1,1,2372.000000,NaN,"ns/op",1024,1,17,copyin,4096
"com.evolvedbinary.jnibench.jmhbench.PutJNIBenchmark.putFromNettyByteBuf:putFromNettyByteBuf·p0.99","sample",1,1,2500.000000,NaN,"ns/op",1024,1,17,copyin,4096
"com.evolvedbinary.jnibench.jmhbench.PutJNIBenchmark.putFromNettyByteBuf:putFromNettyByteBuf·p0.999","sample",1,1,8208.000000,NaN,"ns/op",1024,1,17,copyin,4096
"com.evolvedbinary.jnibench.jmhbench.PutJNIBenchmark.putFromNettyByteBuf:putFromNettyByteBuf·p0.9999","sample",1,1,34704.096000,NaN,"ns/op",1024,1,17,copyin,4096
"com.evolvedbinary.jnibench.jmhbench.PutJNIBenchmark.putFromNettyByteBuf:putFromNettyByteBuf·p1.00","sample",1,1,1859584.000000,NaN,"ns/op",1024,1,17,copyin,4096
"com.evolvedbinary.jnibench.jmhbench.PutJNIBenchmark.putFromNettyByteBuf","sample",1,3645946,4357.071090,2.828087,"ns/op",1024,1,17,copyin,8192
"com.evolvedbinary.jnibench.jmhbench.PutJNIBenchmark.putFromNettyByteBuf:putFromNettyByteBuf·p0.00","sample",1,1,4000.000000,NaN,"ns/op",1024,1,17,copyin,8192
"com.evolvedbinary.jnibench.jmhbench.PutJNIBenchmark.putFromNettyByteBuf:putFromNettyByteBuf·p0.50","sample",1,1,4328.000000,NaN,"ns/op",1024,1,17,copyin,8192
"com.evolvedbinary.jnibench.jmhbench.PutJNIBenchmark.putFromNettyByteBuf:putFromNettyByteBuf·p0.90","sample",1,1,4456.000000,NaN,"ns/op",1024,1,17,copyin,8192
"com.evolvedbinary.jnibench.jmhbench.PutJNIBenchmark.putFromNettyByteBuf:putFromNettyByteBuf·p0.95","sample",1,1,4496.000000,NaN,"ns/op",1024,1,17,copyin,8192
"com.evolvedbinary.jnibench.jmhbench.PutJNIBenchmark.putFromNettyByteBuf:putFromNettyByteBuf·p0.99","sample",1,1,4704.000000,NaN,"ns/op",1024,1,17,copyin,8192
"com.evolvedbinary.jnibench.jmhbench.PutJNIBenchmark.putFromNettyByteBuf:putFromNettyByteBuf·p0.999","sample",1,1,11664.000000,NaN,"ns/op",1024,1,17,copyin,8192
"com.evolvedbinary.jnibench.jmhbench.PutJNIBenchmark.putFromNettyByteBuf:putFromNettyByteBuf·p0.9999","sample",1,1,42112.000000,NaN,"ns/op",1024,1,17,copyin,8192
"com.evolvedbinary.jnibench.jmhbench.PutJNIBenchmark.putFromNettyByteBuf:putFromNettyByteBuf·p1.00","sample",1,1,2818048.000000,NaN,"ns/op",1024,1,17,copyin,8192
"com.evolvedbinary.jnibench.jmhbench.PutJNIBenchmark.putFromNettyByteBuf","sample",1,3656065,8686.811815,3.297525,"ns/op",1024,1,17,copyin,16384
"com.evolvedbinary.jnibench.jmhbench.PutJNIBenchmark.putFromNettyByteBuf:putFromNettyByteBuf·p0.00","sample",1,1,8160.000000,NaN,"ns/op",1024,1,17,copyin,16384
"com.evolvedbinary.jnibench.jmhbench.PutJNIBenchmark.putFromNettyByteBuf:putFromNettyByteBuf·p0.50","sample",1,1,8736.000000,NaN,"ns/op",1024,1,17,copyin,16384
"com.evolvedbinary.jnibench.jmhbench.PutJNIBenchmark.putFromNettyByteBuf:putFromNettyByteBuf·p0.90","sample",1,1,8832.000000,NaN,"ns/op",1024,1,17,copyin,16384
"com.evolvedbinary.jnibench.jmhbench.PutJNIBenchmark.putFromNettyByteBuf:putFromNettyByteBuf·p0.95","sample",1,1,8944.000000,NaN,"ns/op",1024,1,17,copyin,16384
"com.evolvedbinary.jnibench.jmhbench.PutJNIBenchmark.putFromNettyByteBuf:putFromNettyByteBuf·p0.99","sample",1,1,9328.000000,NaN,"ns/op",1024,1,17,copyin,16384
"com.evolvedbinary.jnibench.jmhbench.PutJNIBenchmark.putFromNettyByteBuf:putFromNettyByteBuf·p0.999","sample",1,1,17056.000000,NaN,"ns/op",1024,1,17,copyin,16384
"com.evolvedbinary.jnibench.jmhbench.PutJNIBenchmark.putFromNettyByteBuf:putFromNettyByteBuf·p0.9999","sample",1,1,46912.000000,NaN,"ns/op",1024,1,17,copyin,16384
"com.evolvedbinary.jnibench.jmhbench.PutJNIBenchmark.putFromNettyByteBuf:putFromNettyByteBuf·p1.00","sample",1,1,1959936.000000,NaN,"ns/op",1024,1,17,copyin,16384
"com.evolvedbinary.jnibench.jmhbench.PutJNIBenchmark.putFromNettyByteBuf","sample",1,3541191,17164.957001,5.249692,"ns/op",1024,1,17,copyin,32768
"com.evolvedbinary.jnibench.jmhbench.PutJNIBenchmark.putFromNettyByteBuf:putFromNettyByteBuf·p0.00","sample",1,1,16160.000000,NaN,"ns/op",1024,1,17,copyin,32768
"com.evolvedbinary.jnibench.jmhbench.PutJNIBenchmark.putFromNettyByteBuf:putFromNettyByteBuf·p0.50","sample",1,1,17280.000000,NaN,"ns/op",1024,1,17,copyin,32768
"com.evolvedbinary.jnibench.jmhbench.PutJNIBenchmark.putFromNettyByteBuf:putFromNettyByteBuf·p0.90","sample",1,1,17440.000000,NaN,"ns/op",1024,1,17,copyin,32768
"com.evolvedbinary.jnibench.jmhbench.PutJNIBenchmark.putFromNettyByteBuf:putFromNettyByteBuf·p0.95","sample",1,1,17536.000000,NaN,"ns/op",1024,1,17,copyin,32768
"com.evolvedbinary.jnibench.jmhbench.PutJNIBenchmark.putFromNettyByteBuf:putFromNettyByteBuf·p0.99","sample",1,1,18496.000000,NaN,"ns/op",1024,1,17,copyin,32768
"com.evolvedbinary.jnibench.jmhbench.PutJNIBenchmark.putFromNettyByteBuf:putFromNettyByteBuf·p0.999","sample",1,1,31040.000000,NaN,"ns/op",1024,1,17,copyin,32768
"com.evolvedbinary.jnibench.jmhbench.PutJNIBenchmark.putFromNettyByteBuf:putFromNettyByteBuf·p0.9999","sample",1,1,57472.000000,NaN,"ns/op",1024,1,17,copyin,32768
"com.evolvedbinary.jnibench.jmhbench.PutJNIBenchmark.putFromNettyByteBuf:putFromNettyByteBuf·p1.00","sample",1,1,3133440.000000,NaN,"ns/op",1024,1,17,copyin,32768
"com.evolvedbinary.jnibench.jmhbench.PutJNIBenchmark.putFromNettyByteBuf","sample",1,1886301,33736.992499,4.794228,"ns/op",1024,1,17,copyin,65536
"com.evolvedbinary.jnibench.jmhbench.PutJNIBenchmark.putFromNettyByteBuf:putFromNettyByteBuf·p0.00","sample",1,1,32032.000000,NaN,"ns/op",1024,1,17,copyin,65536
"com.evolvedbinary.jnibench.jmhbench.PutJNIBenchmark.putFromNettyByteBuf:putFromNettyByteBuf·p0.50","sample",1,1,33856.000000,NaN,"ns/op",1024,1,17,copyin,65536
"com.evolvedbinary.jnibench.jmhbench.PutJNIBenchmark.putFromNettyByteBuf:putFromNettyByteBuf·p0.90","sample",1,1,34240.000000,NaN,"ns/op",1024,1,17,copyin,65536
"com.evolvedbinary.jnibench.jmhbench.PutJNIBenchmark.putFromNettyByteBuf:putFromNettyByteBuf·p0.95","sample",1,1,34944.000000,NaN,"ns/op",1024,1,17,copyin,65536
"com.evolvedbinary.jnibench.jmhbench.PutJNIBenchmark.putFromNettyByteBuf:putFromNettyByteBuf·p0.99","sample",1,1,37440.000000,NaN,"ns/op",1024,1,17,copyin,65536
"com.evolvedbinary.jnibench.jmhbench.PutJNIBenchmark.putFromNettyByteBuf:putFromNettyByteBuf·p0.999","sample",1,1,59904.000000,NaN,"ns/op",1024,1,17,copyin,65536
"com.evolvedbinary.jnibench.jmhbench.PutJNIBenchmark.putFromNettyByteBuf:putFromNettyByteBuf·p0.9999","sample",1,1,96175.334400,NaN,"ns/op",1024,1,17,copyin,65536
"com.evolvedbinary.jnibench.jmhbench.PutJNIBenchmark.putFromNettyByteBuf:putFromNettyByteBuf·p1.00","sample",1,1,523776.000000,NaN,"ns/op",1024,1,17,copyin,65536
"com.evolvedbinary.jnibench.jmhbench.PutJNIBenchmark.putFromPooledNettyByteBuf","sample",1,4103012,253.651731,0.907657,"ns/op",1024,1,17,none,10
"com.evolvedbinary.jnibench.jmhbench.PutJNIBenchmark.putFromPooledNettyByteBuf:putFromPooledNettyByteBuf·p0.00","sample",1,1,41.000000,NaN,"ns/op",1024,1,17,none,10
"com.evolvedbinary.jnibench.jmhbench.PutJNIBenchmark.putFromPooledNettyByteBuf:putFromPooledNettyByteBuf·p0.50","sample",1,1,250.000000,NaN,"ns/op",1024,1,17,none,10
"com.evolvedbinary.jnibench.jmhbench.PutJNIBenchmark.putFromPooledNettyByteBuf:putFromPooledNettyByteBuf·p0.90","sample",1,1,250.000000,NaN,"ns/op",1024,1,17,none,10
"com.evolvedbinary.jnibench.jmhbench.PutJNIBenchmark.putFromPooledNettyByteBuf:putFromPooledNettyByteBuf·p0.95","sample",1,1,250.000000,NaN,"ns/op",1024,1,17,none,10
"com.evolvedbinary.jnibench.jmhbench.PutJNIBenchmark.putFromPooledNettyByteBuf:putFromPooledNettyByteBuf·p0.99","sample",1,1,417.000000,NaN,"ns/op",1024,1,17,none,10
"com.evolvedbinary.jnibench.jmhbench.PutJNIBenchmark.putFromPooledNettyByteBuf:putFromPooledNettyByteBuf·p0.999","sample",1,1,2708.000000,NaN,"ns/op",1024,1,17,none,10
"com.evolvedbinary.jnibench.jmhbench.PutJNIBenchmark.putFromPooledNettyByteBuf:putFromPooledNettyByteBuf·p0.9999","sample",1,1,8704.000000,NaN,"ns/op",1024,1,17,none,10
"com.evolvedbinary.jnibench.jmhbench.PutJNIBenchmark.putFromPooledNettyByteBuf:putFromPooledNettyByteBuf·p1.00","sample",1,1,807936.000000,NaN,"ns/op",1024,1,17,none,10
"com.evolvedbinary.jnibench.jmhbench.PutJNIBenchmark.putFromPooledNettyByteBuf","sample",1,4057865,256.624689,1.527582,"ns/op",1024,1,17,none,50
"com.evolvedbinary.jnibench.jmhbench.PutJNIBenchmark.putFromPooledNettyByteBuf:putFromPooledNettyByteBuf·p0.00","sample",1,1,41.000000,NaN,"ns/op",1024,1,17,none,50
"com.evolvedbinary.jnibench.jmhbench.PutJNIBenchmark.putFromPooledNettyByteBuf:putFromPooledNettyByteBuf·p0.50","sample",1,1,250.000000,NaN,"ns/op",1024,1,17,none,50
"com.evolvedbinary.jnibench.jmhbench.PutJNIBenchmark.putFromPooledNettyByteBuf:putFromPooledNettyByteBuf·p0.90","sample",1,1,250.000000,NaN,"ns/op",1024,1,17,none,50
"com.evolvedbinary.jnibench.jmhbench.PutJNIBenchmark.putFromPooledNettyByteBuf:putFromPooledNettyByteBuf·p0.95","sample",1,1,250.000000,NaN,"ns/op",1024,1,17,none,50
"com.evolvedbinary.jnibench.jmhbench.PutJNIBenchmark.putFromPooledNettyByteBuf:putFromPooledNettyByteBuf·p0.99","sample",1,1,417.000000,NaN,"ns/op",1024,1,17,none,50
"com.evolvedbinary.jnibench.jmhbench.PutJNIBenchmark.putFromPooledNettyByteBuf:putFromPooledNettyByteBuf·p0.999","sample",1,1,2748.000000,NaN,"ns/op",1024,1,17,none,50
"com.evolvedbinary.jnibench.jmhbench.PutJNIBenchmark.putFromPooledNettyByteBuf:putFromPooledNettyByteBuf·p0.9999","sample",1,1,9904.000000,NaN,"ns/op",1024,1,17,none,50
"com.evolvedbinary.jnibench.jmhbench.PutJNIBenchmark.putFromPooledNettyByteBuf:putFromPooledNettyByteBuf·p1.00","sample",1,1,1771520.000000,NaN,"ns/op",1024,1,17,none,50
"com.evolvedbinary.jnibench.jmhbench.PutJNIBenchmark.putFromPooledNettyByteBuf","sample",1,3983956,260.317931,1.773052,"ns/op",1024,1,17,none,512
"com.evolvedbinary.jnibench.jmhbench.PutJNIBenchmark.putFromPooledNettyByteBuf:putFromPooledNettyByteBuf·p0.00","sample",1,1,41.000000,NaN,"ns/op",1024,1,17,none,512
"com.evolvedbinary.jnibench.jmhbench.PutJNIBenchmark.putFromPooledNettyByteBuf:putFromPooledNettyByteBuf·p0.50","sample",1,1,250.000000,NaN,"ns/op",1024,1,17,none,512
"com.evolvedbinary.jnibench.jmhbench.PutJNIBenchmark.putFromPooledNettyByteBuf:putFromPooledNettyByteBuf·p0.90","sample",1,1,250.000000,NaN,"ns/op",1024,1,17,none,512
"com.evolvedbinary.jnibench.jmhbench.PutJNIBenchmark.putFromPooledNettyByteBuf:putFromPooledNettyByteBuf·p0.95","sample",1,1,250.000000,NaN,"ns/op",1024,1,17,none,512
"com.evolvedbinary.jnibench.jmhbench.PutJNIBenchmark.putFromPooledNettyByteBuf:putFromPooledNettyByteBuf·p0.99","sample",1,1,417.000000,NaN,"ns/op",1024,1,17,none,512
"com.evolvedbinary.jnibench.jmhbench.PutJNIBenchmark.putFromPooledNettyByteBuf:putFromPooledNettyByteBuf·p0.999","sample",1,1,2664.000000,NaN,"ns/op",1024,1,17,none,512
"com.evolvedbinary.jnibench.jmhbench.PutJNIBenchmark.putFromPooledNettyByteBuf:putFromPooledNettyByteBuf·p0.9999","sample",1,1,9725.006400,NaN,"ns/op",1024,1,17,none,512
"com.evolvedbinary.jnibench.jmhbench.PutJNIBenchmark.putFromPooledNettyByteBuf:putFromPooledNettyByteBuf·p1.00","sample",1,1,2062336.000000,NaN,"ns/op",1024,1,17,none,512
"com.evolvedbinary.jnibench.jmhbench.PutJNIBenchmark.putFromPooledNettyByteBuf","sample",1,3900714,266.144678,0.472347,"ns/op",1024,1,17,none,1024
"com.evolvedbinary.jnibench.jmhbench.PutJNIBenchmark.putFromPooledNettyByteBuf:putFromPooledNettyByteBuf·p0.00","sample",1,1,41.000000,NaN,"ns/op",1024,1,17,none,1024
"com.evolvedbinary.jnibench.jmhbench.PutJNIBenchmark.putFromPooledNettyByteBuf:putFromPooledNettyByteBuf·p0.50","sample",1,1,250.000000,NaN,"ns/op",1024,1,17,none,1024
"com.evolvedbinary.jnibench.jmhbench.PutJNIBenchmark.putFromPooledNettyByteBuf:putFromPooledNettyByteBuf·p0.90","sample",1,1,250.000000,NaN,"ns/op",1024,1,17,none,1024
"com.evolvedbinary.jnibench.jmhbench.PutJNIBenchmark.putFromPooledNettyByteBuf:putFromPooledNettyByteBuf·p0.95","sample",1,1,292.000000,NaN,"ns/op",1024,1,17,none,1024
"com.evolvedbinary.jnibench.jmhbench.PutJNIBenchmark.putFromPooledNettyByteBuf:putFromPooledNettyByteBuf·p0.99","sample",1,1,458.000000,NaN,"ns/op",1024,1,17,none,1024
"com.evolvedbinary.jnibench.jmhbench.PutJNIBenchmark.putFromPooledNettyByteBuf:putFromPooledNettyByteBuf·p0.999","sample",1,1,2708.000000,NaN,"ns/op",1024,1,17,none,1024
"com.evolvedbinary.jnibench.jmhbench.PutJNIBenchmark.putFromPooledNettyByteBuf:putFromPooledNettyByteBuf·p0.9999","sample",1,1,10112.000000,NaN,"ns/op",1024,1,17,none,1024
"com.evolvedbinary.jnibench.jmhbench.PutJNIBenchmark.putFromPooledNettyByteBuf:putFromPooledNettyByteBuf·p1.00","sample",1,1,114048.000000,NaN,"ns/op",1024,1,17,none,1024
"com.evolvedbinary.jnibench.jmhbench.PutJNIBenchmark.putFromPooledNettyByteBuf","sample",1,3158666,335.190439,0.714082,"ns/op",1024,1,17,none,4096
"com.evolvedbinary.jnibench.jmhbench.PutJNIBenchmark.putFromPooledNettyByteBuf:putFromPooledNettyByteBuf·p0.00","sample",1,1,41.000000,NaN,"ns/op",1024,1,17,none,4096
"com.evolvedbinary.jnibench.jmhbench.PutJNIBenchmark.putFromPooledNettyByteBuf:putFromPooledNettyByteBuf·p0.50","sample",1,1,292.000000,NaN,"ns/op",1024,1,17,none,4096
"com.evolvedbinary.jnibench.jmhbench.PutJNIBenchmark.putFromPooledNettyByteBuf:putFromPooledNettyByteBuf·p0.90","sample",1,1,375.000000,NaN,"ns/op",1024,1,17,none,4096
"com.evolvedbinary.jnibench.jmhbench.PutJNIBenchmark.putFromPooledNettyByteBuf:putFromPooledNettyByteBuf·p0.95","sample",1,1,417.000000,NaN,"ns/op",1024,1,17,none,4096
"com.evolvedbinary.jnibench.jmhbench.PutJNIBenchmark.putFromPooledNettyByteBuf:putFromPooledNettyByteBuf·p0.99","sample",1,1,708.000000,NaN,"ns/op",1024,1,17,none,4096
"com.evolvedbinary.jnibench.jmhbench.PutJNIBenchmark.putFromPooledNettyByteBuf:putFromPooledNettyByteBuf·p0.999","sample",1,1,3208.000000,NaN,"ns/op",1024,1,17,none,4096
"com.evolvedbinary.jnibench.jmhbench.PutJNIBenchmark.putFromPooledNettyByteBuf:putFromPooledNettyByteBuf·p0.9999","sample",1,1,12320.000000,NaN,"ns/op",1024,1,17,none,4096
"com.evolvedbinary.jnibench.jmhbench.PutJNIBenchmark.putFromPooledNettyByteBuf:putFromPooledNettyByteBuf·p1.00","sample",1,1,278528.000000,NaN,"ns/op",1024,1,17,none,4096
"com.evolvedbinary.jnibench.jmhbench.PutJNIBenchmark.putFromPooledNettyByteBuf","sample",1,2854017,398.999783,3.768290,"ns/op",1024,1,17,none,8192
"com.evolvedbinary.jnibench.jmhbench.PutJNIBenchmark.putFromPooledNettyByteBuf:putFromPooledNettyByteBuf·p0.00","sample",1,1,41.000000,NaN,"ns/op",1024,1,17,none,8192
"com.evolvedbinary.jnibench.jmhbench.PutJNIBenchmark.putFromPooledNettyByteBuf:putFromPooledNettyByteBuf·p0.50","sample",1,1,375.000000,NaN,"ns/op",1024,1,17,none,8192
"com.evolvedbinary.jnibench.jmhbench.PutJNIBenchmark.putFromPooledNettyByteBuf:putFromPooledNettyByteBuf·p0.90","sample",1,1,417.000000,NaN,"ns/op",1024,1,17,none,8192
"com.evolvedbinary.jnibench.jmhbench.PutJNIBenchmark.putFromPooledNettyByteBuf:putFromPooledNettyByteBuf·p0.95","sample",1,1,459.000000,NaN,"ns/op",1024,1,17,none,8192
"com.evolvedbinary.jnibench.jmhbench.PutJNIBenchmark.putFromPooledNettyByteBuf:putFromPooledNettyByteBuf·p0.99","sample",1,1,1084.000000,NaN,"ns/op",1024,1,17,none,8192
"com.evolvedbinary.jnibench.jmhbench.PutJNIBenchmark.putFromPooledNettyByteBuf:putFromPooledNettyByteBuf·p0.999","sample",1,1,3332.000000,NaN,"ns/op",1024,1,17,none,8192
"com.evolvedbinary.jnibench.jmhbench.PutJNIBenchmark.putFromPooledNettyByteBuf:putFromPooledNettyByteBuf·p0.9999","sample",1,1,12576.000000,NaN,"ns/op",1024,1,17,none,8192
"com.evolvedbinary.jnibench.jmhbench.PutJNIBenchmark.putFromPooledNettyByteBuf:putFromPooledNettyByteBuf·p1.00","sample",1,1,2617344.000000,NaN,"ns/op",1024,1,17,none,8192
"com.evolvedbinary.jnibench.jmhbench.PutJNIBenchmark.putFromPooledNettyByteBuf","sample",1,3689334,821.379988,0.766957,"ns/op",1024,1,17,none,16384
"com.evolvedbinary.jnibench.jmhbench.PutJNIBenchmark.putFromPooledNettyByteBuf:putFromPooledNettyByteBuf·p0.00","sample",1,1,375.000000,NaN,"ns/op",1024,1,17,none,16384
"com.evolvedbinary.jnibench.jmhbench.PutJNIBenchmark.putFromPooledNettyByteBuf:putFromPooledNettyByteBuf·p0.50","sample",1,1,667.000000,NaN,"ns/op",1024,1,17,none,16384
"com.evolvedbinary.jnibench.jmhbench.PutJNIBenchmark.putFromPooledNettyByteBuf:putFromPooledNettyByteBuf·p0.90","sample",1,1,1042.000000,NaN,"ns/op",1024,1,17,none,16384
"com.evolvedbinary.jnibench.jmhbench.PutJNIBenchmark.putFromPooledNettyByteBuf:putFromPooledNettyByteBuf·p0.95","sample",1,1,1082.000000,NaN,"ns/op",1024,1,17,none,16384
"com.evolvedbinary.jnibench.jmhbench.PutJNIBenchmark.putFromPooledNettyByteBuf:putFromPooledNettyByteBuf·p0.99","sample",1,1,1334.000000,NaN,"ns/op",1024,1,17,none,16384
"com.evolvedbinary.jnibench.jmhbench.PutJNIBenchmark.putFromPooledNettyByteBuf:putFromPooledNettyByteBuf·p0.999","sample",1,1,4576.000000,NaN,"ns/op",1024,1,17,none,16384
"com.evolvedbinary.jnibench.jmhbench.PutJNIBenchmark.putFromPooledNettyByteBuf:putFromPooledNettyByteBuf·p0.9999","sample",1,1,15360.000000,NaN,"ns/op",1024,1,17,none,16384
"com.evolvedbinary.jnibench.jmhbench.PutJNIBenchmark.putFromPooledNettyByteBuf:putFromPooledNettyByteBuf·p1.00","sample",1,1,151040.000000,NaN,"ns/op",1024,1,17,none,16384
"com.evolvedbinary.jnibench.jmhbench.PutJNIBenchmark.putFromPooledNettyByteBuf","sample",1,3863661,1108.477474,3.006735,"ns/op",1024,1,17,none,32768
"com.evolvedbinary.jnibench.jmhbench.PutJNIBenchmark.putFromPooledNettyByteBuf:putFromPooledNettyByteBuf·p0.00","sample",1,1,666.000000,NaN,"ns/op",1024,1,17,none,32768
"com.evolvedbinary.jnibench.jmhbench.PutJNIBenchmark.putFromPooledNettyByteBuf:putFromPooledNettyByteBuf·p0.50","sample",1,1,875.000000,NaN,"ns/op",1024,1,17,none,32768
"com.evolvedbinary.jnibench.jmhbench.PutJNIBenchmark.putFromPooledNettyByteBuf:putFromPooledNettyByteBuf·p0.90","sample",1,1,1708.000000,NaN,"ns/op",1024,1,17,none,32768
"com.evolvedbinary.jnibench.jmhbench.PutJNIBenchmark.putFromPooledNettyByteBuf:putFromPooledNettyByteBuf·p0.95","sample",1,1,1750.000000,NaN,"ns/op",1024,1,17,none,32768
"com.evolvedbinary.jnibench.jmhbench.PutJNIBenchmark.putFromPooledNettyByteBuf:putFromPooledNettyByteBuf·p0.99","sample",1,1,1792.000000,NaN,"ns/op",1024,1,17,none,32768
"com.evolvedbinary.jnibench.jmhbench.PutJNIBenchmark.putFromPooledNettyByteBuf:putFromPooledNettyByteBuf·p0.999","sample",1,1,4872.000000,NaN,"ns/op",1024,1,17,none,32768
"com.evolvedbinary.jnibench.jmhbench.PutJNIBenchmark.putFromPooledNettyByteBuf:putFromPooledNettyByteBuf·p0.9999","sample",1,1,16512.000000,NaN,"ns/op",1024,1,17,none,32768
"com.evolvedbinary.jnibench.jmhbench.PutJNIBenchmark.putFromPooledNettyByteBuf:putFromPooledNettyByteBuf·p1.00","sample",1,1,2777088.000000,NaN,"ns/op",1024,1,17,none,32768
"com.evolvedbinary.jnibench.jmhbench.PutJNIBenchmark.putFromPooledNettyByteBuf","sample",1,3260400,1918.187411,2.569248,"ns/op",1024,1,17,none,65536
"com.evolvedbinary.jnibench.jmhbench.PutJNIBenchmark.putFromPooledNettyByteBuf:putFromPooledNettyByteBuf·p0.00","sample",1,1,1208.000000,NaN,"ns/op",1024,1,17,none,65536
"com.evolvedbinary.jnibench.jmhbench.PutJNIBenchmark.putFromPooledNettyByteBuf:putFromPooledNettyByteBuf·p0.50","sample",1,1,1624.000000,NaN,"ns/op",1024,1,17,none,65536
"com.evolvedbinary.jnibench.jmhbench.PutJNIBenchmark.putFromPooledNettyByteBuf:putFromPooledNettyByteBuf·p0.90","sample",1,1,3000.000000,NaN,"ns/op",1024,1,17,none,65536
"com.evolvedbinary.jnibench.jmhbench.PutJNIBenchmark.putFromPooledNettyByteBuf:putFromPooledNettyByteBuf·p0.95","sample",1,1,3000.000000,NaN,"ns/op",1024,1,17,none,65536
"com.evolvedbinary.jnibench.jmhbench.PutJNIBenchmark.putFromPooledNettyByteBuf:putFromPooledNettyByteBuf·p0.99","sample",1,1,3208.000000,NaN,"ns/op",1024,1,17,none,65536
"com.evolvedbinary.jnibench.jmhbench.PutJNIBenchmark.putFromPooledNettyByteBuf:putFromPooledNettyByteBuf·p0.999","sample",1,1,8320.000000,NaN,"ns/op",1024,1,17,none,65536
"com.evolvedbinary.jnibench.jmhbench.PutJNIBenchmark.putFromPooledNettyByteBuf:putFromPooledNettyByteBuf·p0.9999","sample",1,1,22496.000000,NaN,"ns/op",1024,1,17,none,65536
"com.evolvedbinary.jnibench.jmhbench.PutJNIBenchmark.putFromPooledNettyByteBuf:putFromPooledNettyByteBuf·p1.00","sample",1,1,1992704.000000,NaN,"ns/op",1024,1,17,none,65536
"com.evolvedbinary.jnibench.jmhbench.PutJNIBenchmark.putFromPooledNettyByteBuf","sample",1,4032272,257.398670,0.501071,"ns/op",1024,1,17,copyin,10
"com.evolvedbinary.jnibench.jmhbench.PutJNIBenchmark.putFromPooledNettyByteBuf:putFromPooledNettyByteBuf·p0.00","sample",1,1,41.000000,NaN,"ns/op",1024,1,17,copyin,10
"com.evolvedbinary.jnibench.jmhbench.PutJNIBenchmark.putFromPooledNettyByteBuf:putFromPooledNettyByteBuf·p0.50","sample",1,1,250.000000,NaN,"ns/op",1024,1,17,copyin,10
"com.evolvedbinary.jnibench.jmhbench.PutJNIBenchmark.putFromPooledNettyByteBuf:putFromPooledNettyByteBuf·p0.90","sample",1,1,250.000000,NaN,"ns/op",1024,1,17,copyin,10
"com.evolvedbinary.jnibench.jmhbench.PutJNIBenchmark.putFromPooledNettyByteBuf:putFromPooledNettyByteBuf·p0.95","sample",1,1,250.000000,NaN,"ns/op",1024,1,17,copyin,10
"com.evolvedbinary.jnibench.jmhbench.PutJNIBenchmark.putFromPooledNettyByteBuf:putFromPooledNettyByteBuf·p0.99","sample",1,1,417.000000,NaN,"ns/op",1024,1,17,copyin,10
"com.evolvedbinary.jnibench.jmhbench.PutJNIBenchmark.putFromPooledNettyByteBuf:putFromPooledNettyByteBuf·p0.999","sample",1,1,2788.000000,NaN,"ns/op",1024,1,17,copyin,10
"com.evolvedbinary.jnibench.jmhbench.PutJNIBenchmark.putFromPooledNettyByteBuf:putFromPooledNettyByteBuf·p0.9999","sample",1,1,10197.089600,NaN,"ns/op",1024,1,17,copyin,10
"com.evolvedbinary.jnibench.jmhbench.PutJNIBenchmark.putFromPooledNettyByteBuf:putFromPooledNettyByteBuf·p1.00","sample",1,1,175360.000000,NaN,"ns/op",1024,1,17,copyin,10
"com.evolvedbinary.jnibench.jmhbench.PutJNIBenchmark.putFromPooledNettyByteBuf","sample",1,4049324,259.847102,5.031767,"ns/op",1024,1,17,copyin,50
"com.evolvedbinary.jnibench.jmhbench.PutJNIBenchmark.putFromPooledNettyByteBuf:putFromPooledNettyByteBuf·p0.00","sample",1,1,41.000000,NaN,"ns/op",1024,1,17,copyin,50
"com.evolvedbinary.jnibench.jmhbench.PutJNIBenchmark.putFromPooledNettyByteBuf:putFromPooledNettyByteBuf·p0.50","sample",1,1,250.000000,NaN,"ns/op",1024,1,17,copyin,50
"com.evolvedbinary.jnibench.jmhbench.PutJNIBenchmark.putFromPooledNettyByteBuf:putFromPooledNettyByteBuf·p0.90","sample",1,1,250.000000,NaN,"ns/op",1024,1,17,copyin,50
"com.evolvedbinary.jnibench.jmhbench.PutJNIBenchmark.putFromPooledNettyByteBuf:putFromPooledNettyByteBuf·p0.95","sample",1,1,250.000000,NaN,"ns/op",1024,1,17,copyin,50
"com.evolvedbinary.jnibench.jmhbench.PutJNIBenchmark.putFromPooledNettyByteBuf:putFromPooledNettyByteBuf·p0.99","sample",1,1,375.000000,NaN,"ns/op",1024,1,17,copyin,50
"com.evolvedbinary.jnibench.jmhbench.PutJNIBenchmark.putFromPooledNettyByteBuf:putFromPooledNettyByteBuf·p0.999","sample",1,1,2540.000000,NaN,"ns/op",1024,1,17,copyin,50
"com.evolvedbinary.jnibench.jmhbench.PutJNIBenchmark.putFromPooledNettyByteBuf:putFromPooledNettyByteBuf·p0.9999","sample",1,1,11042.160000,NaN,"ns/op",1024,1,17,copyin,50
"com.evolvedbinary.jnibench.jmhbench.PutJNIBenchmark.putFromPooledNettyByteBuf:putFromPooledNettyByteBuf·p1.00","sample",1,1,3694592.000000,NaN,"ns/op",1024,1,17,copyin,50
"com.evolvedbinary.jnibench.jmhbench.PutJNIBenchmark.putFromPooledNettyByteBuf","sample",1,3985538,260.638945,1.143022,"ns/op",1024,1,17,copyin,512
"com.evolvedbinary.jnibench.jmhbench.PutJNIBenchmark.putFromPooledNettyByteBuf:putFromPooledNettyByteBuf·p0.00","sample",1,1,41.000000,NaN,"ns/op",1024,1,17,copyin,512
"com.evolvedbinary.jnibench.jmhbench.PutJNIBenchmark.putFromPooledNettyByteBuf:putFromPooledNettyByteBuf·p0.50","sample",1,1,250.000000,NaN,"ns/op",1024,1,17,copyin,512
"com.evolvedbinary.jnibench.jmhbench.PutJNIBenchmark.putFromPooledNettyByteBuf:putFromPooledNettyByteBuf·p0.90","sample",1,1,250.000000,NaN,"ns/op",1024,1,17,copyin,512
"com.evolvedbinary.jnibench.jmhbench.PutJNIBenchmark.putFromPooledNettyByteBuf:putFromPooledNettyByteBuf·p0.95","sample",1,1,250.000000,NaN,"ns/op",1024,1,17,copyin,512
"com.evolvedbinary.jnibench.jmhbench.PutJNIBenchmark.putFromPooledNettyByteBuf:putFromPooledNettyByteBuf·p0.99","sample",1,1,458.000000,NaN,"ns/op",1024,1,17,copyin,512
"com.evolvedbinary.jnibench.jmhbench.PutJNIBenchmark.putFromPooledNettyByteBuf:putFromPooledNettyByteBuf·p0.999","sample",1,1,2788.000000,NaN,"ns/op",1024,1,17,copyin,512
"com.evolvedbinary.jnibench.jmhbench.PutJNIBenchmark.putFromPooledNettyByteBuf:putFromPooledNettyByteBuf·p0.9999","sample",1,1,12430.275200,NaN,"ns/op",1024,1,17,copyin,512
"com.evolvedbinary.jnibench.jmhbench.PutJNIBenchmark.putFromPooledNettyByteBuf:putFromPooledNettyByteBuf·p1.00","sample",1,1,1220608.000000,NaN,"ns/op",1024,1,17,copyin,512
"com.evolvedbinary.jnibench.jmhbench.PutJNIBenchmark.putFromPooledNettyByteBuf","sample",1,3902658,266.022162,1.215464,"ns/op",1024,1,17,copyin,1024
"com.evolvedbinary.jnibench.jmhbench.PutJNIBenchmark.putFromPooledNettyByteBuf:putFromPooledNettyByteBuf·p0.00","sample",1,1,41.000000,NaN,"ns/op",1024,1,17,copyin,1024
"com.evolvedbinary.jnibench.jmhbench.PutJNIBenchmark.putFromPooledNettyByteBuf:putFromPooledNettyByteBuf·p0.50","sample",1,1,250.000000,NaN,"ns/op",1024,1,17,copyin,1024
"com.evolvedbinary.jnibench.jmhbench.PutJNIBenchmark.putFromPooledNettyByteBuf:putFromPooledNettyByteBuf·p0.90","sample",1,1,250.000000,NaN,"ns/op",1024,1,17,copyin,1024
"com.evolvedbinary.jnibench.jmhbench.PutJNIBenchmark.putFromPooledNettyByteBuf:putFromPooledNettyByteBuf·p0.95","sample",1,1,292.000000,NaN,"ns/op",1024,1,17,copyin,1024
"com.evolvedbinary.jnibench.jmhbench.PutJNIBenchmark.putFromPooledNettyByteBuf:putFromPooledNettyByteBuf·p0.99","sample",1,1,458.000000,NaN,"ns/op",1024,1,17,copyin,1024
"com.evolvedbinary.jnibench.jmhbench.PutJNIBenchmark.putFromPooledNettyByteBuf:putFromPooledNettyByteBuf·p0.999","sample",1,1,2624.000000,NaN,"ns/op",1024,1,17,copyin,1024
"com.evolvedbinary.jnibench.jmhbench.PutJNIBenchmark.putFromPooledNettyByteBuf:putFromPooledNettyByteBuf·p0.9999","sample",1,1,11488.000000,NaN,"ns/op",1024,1,17,copyin,1024
"com.evolvedbinary.jnibench.jmhbench.PutJNIBenchmark.putFromPooledNettyByteBuf:putFromPooledNettyByteBuf·p1.00","sample",1,1,1259520.000000,NaN,"ns/op",1024,1,17,copyin,1024
"com.evolvedbinary.jnibench.jmhbench.PutJNIBenchmark.putFromPooledNettyByteBuf","sample",1,3142595,333.586456,0.651001,"ns/op",1024,1,17,copyin,4096
"com.evolvedbinary.jnibench.jmhbench.PutJNIBenchmark.putFromPooledNettyByteBuf:putFromPooledNettyByteBuf·p0.00","sample",1,1,41.000000,NaN,"ns/op",1024,1,17,copyin,4096
"com.evolvedbinary.jnibench.jmhbench.PutJNIBenchmark.putFromPooledNettyByteBuf:putFromPooledNettyByteBuf·p0.50","sample",1,1,292.000000,NaN,"ns/op",1024,1,17,copyin,4096
"com.evolvedbinary.jnibench.jmhbench.PutJNIBenchmark.putFromPooledNettyByteBuf:putFromPooledNettyByteBuf·p0.90","sample",1,1,375.000000,NaN,"ns/op",1024,1,17,copyin,4096
"com.evolvedbinary.jnibench.jmhbench.PutJNIBenchmark.putFromPooledNettyByteBuf:putFromPooledNettyByteBuf·p0.95","sample",1,1,416.000000,NaN,"ns/op",1024,1,17,copyin,4096
"com.evolvedbinary.jnibench.jmhbench.PutJNIBenchmark.putFromPooledNettyByteBuf:putFromPooledNettyByteBuf·p0.99","sample",1,1,708.000000,NaN,"ns/op",1024,1,17,copyin,4096
"com.evolvedbinary.jnibench.jmhbench.PutJNIBenchmark.putFromPooledNettyByteBuf:putFromPooledNettyByteBuf·p0.999","sample",1,1,3332.000000,NaN,"ns/op",1024,1,17,copyin,4096
"com.evolvedbinary.jnibench.jmhbench.PutJNIBenchmark.putFromPooledNettyByteBuf:putFromPooledNettyByteBuf·p0.9999","sample",1,1,12611.539200,NaN,"ns/op",1024,1,17,copyin,4096
"com.evolvedbinary.jnibench.jmhbench.PutJNIBenchmark.putFromPooledNettyByteBuf:putFromPooledNettyByteBuf·p1.00","sample",1,1,150272.000000,NaN,"ns/op",1024,1,17,copyin,4096
"com.evolvedbinary.jnibench.jmhbench.PutJNIBenchmark.putFromPooledNettyByteBuf","sample",1,3023288,404.431628,0.735096,"ns/op",1024,1,17,copyin,8192
"com.evolvedbinary.jnibench.jmhbench.PutJNIBenchmark.putFromPooledNettyByteBuf:putFromPooledNettyByteBuf·p0.00","sample",1,1,42.000000,NaN,"ns/op",1024,1,17,copyin,8192
"com.evolvedbinary.jnibench.jmhbench.PutJNIBenchmark.putFromPooledNettyByteBuf:putFromPooledNettyByteBuf·p0.50","sample",1,1,375.000000,NaN,"ns/op",1024,1,17,copyin,8192
"com.evolvedbinary.jnibench.jmhbench.PutJNIBenchmark.putFromPooledNettyByteBuf:putFromPooledNettyByteBuf·p0.90","sample",1,1,458.000000,NaN,"ns/op",1024,1,17,copyin,8192
"com.evolvedbinary.jnibench.jmhbench.PutJNIBenchmark.putFromPooledNettyByteBuf:putFromPooledNettyByteBuf·p0.95","sample",1,1,500.000000,NaN,"ns/op",1024,1,17,copyin,8192
"com.evolvedbinary.jnibench.jmhbench.PutJNIBenchmark.putFromPooledNettyByteBuf:putFromPooledNettyByteBuf·p0.99","sample",1,1,1000.000000,NaN,"ns/op",1024,1,17,copyin,8192
"com.evolvedbinary.jnibench.jmhbench.PutJNIBenchmark.putFromPooledNettyByteBuf:putFromPooledNettyByteBuf·p0.999","sample",1,1,3748.000000,NaN,"ns/op",1024,1,17,copyin,8192
"com.evolvedbinary.jnibench.jmhbench.PutJNIBenchmark.putFromPooledNettyByteBuf:putFromPooledNettyByteBuf·p0.9999","sample",1,1,13248.000000,NaN,"ns/op",1024,1,17,copyin,8192
"com.evolvedbinary.jnibench.jmhbench.PutJNIBenchmark.putFromPooledNettyByteBuf:putFromPooledNettyByteBuf·p1.00","sample",1,1,128000.000000,NaN,"ns/op",1024,1,17,copyin,8192
"com.evolvedbinary.jnibench.jmhbench.PutJNIBenchmark.putFromPooledNettyByteBuf","sample",1,3313685,673.351536,1.752289,"ns/op",1024,1,17,copyin,16384
"com.evolvedbinary.jnibench.jmhbench.PutJNIBenchmark.putFromPooledNettyByteBuf:putFromPooledNettyByteBuf·p0.00","sample",1,1,292.000000,NaN,"ns/op",1024,1,17,copyin,16384
"com.evolvedbinary.jnibench.jmhbench.PutJNIBenchmark.putFromPooledNettyByteBuf:putFromPooledNettyByteBuf·p0.50","sample",1,1,584.000000,NaN,"ns/op",1024,1,17,copyin,16384
"com.evolvedbinary.jnibench.jmhbench.PutJNIBenchmark.putFromPooledNettyByteBuf:putFromPooledNettyByteBuf·p0.90","sample",1,1,1040.000000,NaN,"ns/op",1024,1,17,copyin,16384
"com.evolvedbinary.jnibench.jmhbench.PutJNIBenchmark.putFromPooledNettyByteBuf:putFromPooledNettyByteBuf·p0.95","sample",1,1,1042.000000,NaN,"ns/op",1024,1,17,copyin,16384
"com.evolvedbinary.jnibench.jmhbench.PutJNIBenchmark.putFromPooledNettyByteBuf:putFromPooledNettyByteBuf·p0.99","sample",1,1,1374.000000,NaN,"ns/op",1024,1,17,copyin,16384
"com.evolvedbinary.jnibench.jmhbench.PutJNIBenchmark.putFromPooledNettyByteBuf:putFromPooledNettyByteBuf·p0.999","sample",1,1,6288.000000,NaN,"ns/op",1024,1,17,copyin,16384
"com.evolvedbinary.jnibench.jmhbench.PutJNIBenchmark.putFromPooledNettyByteBuf:putFromPooledNettyByteBuf·p0.9999","sample",1,1,22472.409600,NaN,"ns/op",1024,1,17,copyin,16384
"com.evolvedbinary.jnibench.jmhbench.PutJNIBenchmark.putFromPooledNettyByteBuf:putFromPooledNettyByteBuf·p1.00","sample",1,1,825344.000000,NaN,"ns/op",1024,1,17,copyin,16384
"com.evolvedbinary.jnibench.jmhbench.PutJNIBenchmark.putFromPooledNettyByteBuf","sample",1,4042279,1026.058075,0.983169,"ns/op",1024,1,17,copyin,32768
"com.evolvedbinary.jnibench.jmhbench.PutJNIBenchmark.putFromPooledNettyByteBuf:putFromPooledNettyByteBuf·p0.00","sample",1,1,666.000000,NaN,"ns/op",1024,1,17,copyin,32768
"com.evolvedbinary.jnibench.jmhbench.PutJNIBenchmark.putFromPooledNettyByteBuf:putFromPooledNettyByteBuf·p0.50","sample",1,1,875.000000,NaN,"ns/op",1024,1,17,copyin,32768
"com.evolvedbinary.jnibench.jmhbench.PutJNIBenchmark.putFromPooledNettyByteBuf:putFromPooledNettyByteBuf·p0.90","sample",1,1,1708.000000,NaN,"ns/op",1024,1,17,copyin,32768
"com.evolvedbinary.jnibench.jmhbench.PutJNIBenchmark.putFromPooledNettyByteBuf:putFromPooledNettyByteBuf·p0.95","sample",1,1,1708.000000,NaN,"ns/op",1024,1,17,copyin,32768
"com.evolvedbinary.jnibench.jmhbench.PutJNIBenchmark.putFromPooledNettyByteBuf:putFromPooledNettyByteBuf·p0.99","sample",1,1,1792.000000,NaN,"ns/op",1024,1,17,copyin,32768
"com.evolvedbinary.jnibench.jmhbench.PutJNIBenchmark.putFromPooledNettyByteBuf:putFromPooledNettyByteBuf·p0.999","sample",1,1,7080.000000,NaN,"ns/op",1024,1,17,copyin,32768
"com.evolvedbinary.jnibench.jmhbench.PutJNIBenchmark.putFromPooledNettyByteBuf:putFromPooledNettyByteBuf·p0.9999","sample",1,1,21440.000000,NaN,"ns/op",1024,1,17,copyin,32768
"com.evolvedbinary.jnibench.jmhbench.PutJNIBenchmark.putFromPooledNettyByteBuf:putFromPooledNettyByteBuf·p1.00","sample",1,1,330752.000000,NaN,"ns/op",1024,1,17,copyin,32768
"com.evolvedbinary.jnibench.jmhbench.PutJNIBenchmark.putFromPooledNettyByteBuf","sample",1,3032206,1674.436202,3.824307,"ns/op",1024,1,17,copyin,65536
"com.evolvedbinary.jnibench.jmhbench.PutJNIBenchmark.putFromPooledNettyByteBuf:putFromPooledNettyByteBuf·p0.00","sample",1,1,1166.000000,NaN,"ns/op",1024,1,17,copyin,65536
"com.evolvedbinary.jnibench.jmhbench.PutJNIBenchmark.putFromPooledNettyByteBuf:putFromPooledNettyByteBuf·p0.50","sample",1,1,1416.000000,NaN,"ns/op",1024,1,17,copyin,65536
"com.evolvedbinary.jnibench.jmhbench.PutJNIBenchmark.putFromPooledNettyByteBuf:putFromPooledNettyByteBuf·p0.90","sample",1,1,3000.000000,NaN,"ns/op",1024,1,17,copyin,65536
"com.evolvedbinary.jnibench.jmhbench.PutJNIBenchmark.putFromPooledNettyByteBuf:putFromPooledNettyByteBuf·p0.95","sample",1,1,3000.000000,NaN,"ns/op",1024,1,17,copyin,65536
"com.evolvedbinary.jnibench.jmhbench.PutJNIBenchmark.putFromPooledNettyByteBuf:putFromPooledNettyByteBuf·p0.99","sample",1,1,3124.000000,NaN,"ns/op",1024,1,17,copyin,65536
"com.evolvedbinary.jnibench.jmhbench.PutJNIBenchmark.putFromPooledNettyByteBuf:putFromPooledNettyByteBuf·p0.999","sample",1,1,8736.000000,NaN,"ns/op",1024,1,17,copyin,65536
"com.evolvedbinary.jnibench.jmhbench.PutJNIBenchmark.putFromPooledNettyByteBuf:putFromPooledNettyByteBuf·p0.9999","sample",1,1,30680.937600,NaN,"ns/op",1024,1,17,copyin,65536
"com.evolvedbinary.jnibench.jmhbench.PutJNIBenchmark.putFromPooledNettyByteBuf:putFromPooledNettyByteBuf·p1.00","sample",1,1,3170304.000000,NaN,"ns/op",1024,1,17,copyin,65536
"com.evolvedbinary.jnibench.jmhbench.PutJNIBenchmark.putFromUnsafe","sample",1,2843694,190.265770,1.856214,"ns/op",1024,1,17,none,10
"com.evolvedbinary.jnibench.jmhbench.PutJNIBenchmark.putFromUnsafe:putFromUnsafe·p0.00","sample",1,1,41.000000,NaN,"ns/op",1024,1,17,none,10
"com.evolvedbinary.jnibench.jmhbench.PutJNIBenchmark.putFromUnsafe:putFromUnsafe·p0.50","sample",1,1,167.000000,NaN,"ns/op",1024,1,17,none,10
"com.evolvedbinary.jnibench.jmhbench.PutJNIBenchmark.putFromUnsafe:putFromUnsafe·p0.90","sample",1,1,209.000000,NaN,"ns/op",1024,1,17,none,10
"com.evolvedbinary.jnibench.jmhbench.PutJNIBenchmark.putFromUnsafe:putFromUnsafe·p0.95","sample",1,1,209.000000,NaN,"ns/op",1024,1,17,none,10
"com.evolvedbinary.jnibench.jmhbench.PutJNIBenchmark.putFromUnsafe:putFromUnsafe·p0.99","sample",1,1,209.000000,NaN,"ns/op",1024,1,17,none,10
"com.evolvedbinary.jnibench.jmhbench.PutJNIBenchmark.putFromUnsafe:putFromUnsafe·p0.999","sample",1,1,1666.000000,NaN,"ns/op",1024,1,17,none,10
"com.evolvedbinary.jnibench.jmhbench.PutJNIBenchmark.putFromUnsafe:putFromUnsafe·p0.9999","sample",1,1,9616.000000,NaN,"ns/op",1024,1,17,none,10
"com.evolvedbinary.jnibench.jmhbench.PutJNIBenchmark.putFromUnsafe:putFromUnsafe·p1.00","sample",1,1,1513472.000000,NaN,"ns/op",1024,1,17,none,10
"com.evolvedbinary.jnibench.jmhbench.PutJNIBenchmark.putFromUnsafe","sample",1,2822662,191.518458,3.332058,"ns/op",1024,1,17,none,50
"com.evolvedbinary.jnibench.jmhbench.PutJNIBenchmark.putFromUnsafe:putFromUnsafe·p0.00","sample",1,1,41.000000,NaN,"ns/op",1024,1,17,none,50
"com.evolvedbinary.jnibench.jmhbench.PutJNIBenchmark.putFromUnsafe:putFromUnsafe·p0.50","sample",1,1,167.000000,NaN,"ns/op",1024,1,17,none,50
"com.evolvedbinary.jnibench.jmhbench.PutJNIBenchmark.putFromUnsafe:putFromUnsafe·p0.90","sample",1,1,209.000000,NaN,"ns/op",1024,1,17,none,50
"com.evolvedbinary.jnibench.jmhbench.PutJNIBenchmark.putFromUnsafe:putFromUnsafe·p0.95","sample",1,1,209.000000,NaN,"ns/op",1024,1,17,none,50
"com.evolvedbinary.jnibench.jmhbench.PutJNIBenchmark.putFromUnsafe:putFromUnsafe·p0.99","sample",1,1,209.000000,NaN,"ns/op",1024,1,17,none,50
"com.evolvedbinary.jnibench.jmhbench.PutJNIBenchmark.putFromUnsafe:putFromUnsafe·p0.999","sample",1,1,1500.000000,NaN,"ns/op",1024,1,17,none,50
"com.evolvedbinary.jnibench.jmhbench.PutJNIBenchmark.putFromUnsafe:putFromUnsafe·p0.9999","sample",1,1,9143.478400,NaN,"ns/op",1024,1,17,none,50
"com.evolvedbinary.jnibench.jmhbench.PutJNIBenchmark.putFromUnsafe:putFromUnsafe·p1.00","sample",1,1,2256896.000000,NaN,"ns/op",1024,1,17,none,50
"com.evolvedbinary.jnibench.jmhbench.PutJNIBenchmark.putFromUnsafe","sample",1,2749134,195.545040,0.687113,"ns/op",1024,1,17,none,512
"com.evolvedbinary.jnibench.jmhbench.PutJNIBenchmark.putFromUnsafe:putFromUnsafe·p0.00","sample",1,1,41.000000,NaN,"ns/op",1024,1,17,none,512
"com.evolvedbinary.jnibench.jmhbench.PutJNIBenchmark.putFromUnsafe:putFromUnsafe·p0.50","sample",1,1,208.000000,NaN,"ns/op",1024,1,17,none,512
"com.evolvedbinary.jnibench.jmhbench.PutJNIBenchmark.putFromUnsafe:putFromUnsafe·p0.90","sample",1,1,209.000000,NaN,"ns/op",1024,1,17,none,512
"com.evolvedbinary.jnibench.jmhbench.PutJNIBenchmark.putFromUnsafe:putFromUnsafe·p0.95","sample",1,1,209.000000,NaN,"ns/op",1024,1,17,none,512
"com.evolvedbinary.jnibench.jmhbench.PutJNIBenchmark.putFromUnsafe:putFromUnsafe·p0.99","sample",1,1,209.000000,NaN,"ns/op",1024,1,17,none,512
"com.evolvedbinary.jnibench.jmhbench.PutJNIBenchmark.putFromUnsafe:putFromUnsafe·p0.999","sample",1,1,1416.000000,NaN,"ns/op",1024,1,17,none,512
"com.evolvedbinary.jnibench.jmhbench.PutJNIBenchmark.putFromUnsafe:putFromUnsafe·p0.9999","sample",1,1,8944.000000,NaN,"ns/op",1024,1,17,none,512
"com.evolvedbinary.jnibench.jmhbench.PutJNIBenchmark.putFromUnsafe:putFromUnsafe·p1.00","sample",1,1,358912.000000,NaN,"ns/op",1024,1,17,none,512
"com.evolvedbinary.jnibench.jmhbench.PutJNIBenchmark.putFromUnsafe","sample",1,2678867,198.989728,0.478529,"ns/op",1024,1,17,none,1024
"com.evolvedbinary.jnibench.jmhbench.PutJNIBenchmark.putFromUnsafe:putFromUnsafe·p0.00","sample",1,1,41.000000,NaN,"ns/op",1024,1,17,none,1024
"com.evolvedbinary.jnibench.jmhbench.PutJNIBenchmark.putFromUnsafe:putFromUnsafe·p0.50","sample",1,1,208.000000,NaN,"ns/op",1024,1,17,none,1024
"com.evolvedbinary.jnibench.jmhbench.PutJNIBenchmark.putFromUnsafe:putFromUnsafe·p0.90","sample",1,1,209.000000,NaN,"ns/op",1024,1,17,none,1024
"com.evolvedbinary.jnibench.jmhbench.PutJNIBenchmark.putFromUnsafe:putFromUnsafe·p0.95","sample",1,1,209.000000,NaN,"ns/op",1024,1,17,none,1024
"com.evolvedbinary.jnibench.jmhbench.PutJNIBenchmark.putFromUnsafe:putFromUnsafe·p0.99","sample",1,1,209.000000,NaN,"ns/op",1024,1,17,none,1024
"com.evolvedbinary.jnibench.jmhbench.PutJNIBenchmark.putFromUnsafe:putFromUnsafe·p0.999","sample",1,1,1540.000000,NaN,"ns/op",1024,1,17,none,1024
"com.evolvedbinary.jnibench.jmhbench.PutJNIBenchmark.putFromUnsafe:putFromUnsafe·p0.9999","sample",1,1,8789.433600,NaN,"ns/op",1024,1,17,none,1024
"com.evolvedbinary.jnibench.jmhbench.PutJNIBenchmark.putFromUnsafe:putFromUnsafe·p1.00","sample",1,1,56512.000000,NaN,"ns/op",1024,1,17,none,1024
"com.evolvedbinary.jnibench.jmhbench.PutJNIBenchmark.putFromUnsafe","sample",1,4034812,262.860132,0.357558,"ns/op",1024,1,17,none,4096
"com.evolvedbinary.jnibench.jmhbench.PutJNIBenchmark.putFromUnsafe:putFromUnsafe·p0.00","sample",1,1,41.000000,NaN,"ns/op",1024,1,17,none,4096
"com.evolvedbinary.jnibench.jmhbench.PutJNIBenchmark.putFromUnsafe:putFromUnsafe·p0.50","sample",1,1,250.000000,NaN,"ns/op",1024,1,17,none,4096
"com.evolvedbinary.jnibench.jmhbench.PutJNIBenchmark.putFromUnsafe:putFromUnsafe·p0.90","sample",1,1,333.000000,NaN,"ns/op",1024,1,17,none,4096
"com.evolvedbinary.jnibench.jmhbench.PutJNIBenchmark.putFromUnsafe:putFromUnsafe·p0.95","sample",1,1,375.000000,NaN,"ns/op",1024,1,17,none,4096
"com.evolvedbinary.jnibench.jmhbench.PutJNIBenchmark.putFromUnsafe:putFromUnsafe·p0.99","sample",1,1,417.000000,NaN,"ns/op",1024,1,17,none,4096
"com.evolvedbinary.jnibench.jmhbench.PutJNIBenchmark.putFromUnsafe:putFromUnsafe·p0.999","sample",1,1,1458.000000,NaN,"ns/op",1024,1,17,none,4096
"com.evolvedbinary.jnibench.jmhbench.PutJNIBenchmark.putFromUnsafe:putFromUnsafe·p0.9999","sample",1,1,7952.000000,NaN,"ns/op",1024,1,17,none,4096
"com.evolvedbinary.jnibench.jmhbench.PutJNIBenchmark.putFromUnsafe:putFromUnsafe·p1.00","sample",1,1,56000.000000,NaN,"ns/op",1024,1,17,none,4096
"com.evolvedbinary.jnibench.jmhbench.PutJNIBenchmark.putFromUnsafe","sample",1,3146970,336.076773,2.801851,"ns/op",1024,1,17,none,8192
"com.evolvedbinary.jnibench.jmhbench.PutJNIBenchmark.putFromUnsafe:putFromUnsafe·p0.00","sample",1,1,41.000000,NaN,"ns/op",1024,1,17,none,8192
"com.evolvedbinary.jnibench.jmhbench.PutJNIBenchmark.putFromUnsafe:putFromUnsafe·p0.50","sample",1,1,292.000000,NaN,"ns/op",1024,1,17,none,8192
"com.evolvedbinary.jnibench.jmhbench.PutJNIBenchmark.putFromUnsafe:putFromUnsafe·p0.90","sample",1,1,416.000000,NaN,"ns/op",1024,1,17,none,8192
"com.evolvedbinary.jnibench.jmhbench.PutJNIBenchmark.putFromUnsafe:putFromUnsafe·p0.95","sample",1,1,458.000000,NaN,"ns/op",1024,1,17,none,8192
"com.evolvedbinary.jnibench.jmhbench.PutJNIBenchmark.putFromUnsafe:putFromUnsafe·p0.99","sample",1,1,500.000000,NaN,"ns/op",1024,1,17,none,8192
"com.evolvedbinary.jnibench.jmhbench.PutJNIBenchmark.putFromUnsafe:putFromUnsafe·p0.999","sample",1,1,1958.000000,NaN,"ns/op",1024,1,17,none,8192
"com.evolvedbinary.jnibench.jmhbench.PutJNIBenchmark.putFromUnsafe:putFromUnsafe·p0.9999","sample",1,1,11360.000000,NaN,"ns/op",1024,1,17,none,8192
"com.evolvedbinary.jnibench.jmhbench.PutJNIBenchmark.putFromUnsafe:putFromUnsafe·p1.00","sample",1,1,2617344.000000,NaN,"ns/op",1024,1,17,none,8192
"com.evolvedbinary.jnibench.jmhbench.PutJNIBenchmark.putFromUnsafe","sample",1,3672979,751.547640,1.955057,"ns/op",1024,1,17,none,16384
"com.evolvedbinary.jnibench.jmhbench.PutJNIBenchmark.putFromUnsafe:putFromUnsafe·p0.00","sample",1,1,333.000000,NaN,"ns/op",1024,1,17,none,16384
"com.evolvedbinary.jnibench.jmhbench.PutJNIBenchmark.putFromUnsafe:putFromUnsafe·p0.50","sample",1,1,584.000000,NaN,"ns/op",1024,1,17,none,16384
"com.evolvedbinary.jnibench.jmhbench.PutJNIBenchmark.putFromUnsafe:putFromUnsafe·p0.90","sample",1,1,1000.000000,NaN,"ns/op",1024,1,17,none,16384
"com.evolvedbinary.jnibench.jmhbench.PutJNIBenchmark.putFromUnsafe:putFromUnsafe·p0.95","sample",1,1,1000.000000,NaN,"ns/op",1024,1,17,none,16384
"com.evolvedbinary.jnibench.jmhbench.PutJNIBenchmark.putFromUnsafe:putFromUnsafe·p0.99","sample",1,1,1124.000000,NaN,"ns/op",1024,1,17,none,16384
"com.evolvedbinary.jnibench.jmhbench.PutJNIBenchmark.putFromUnsafe:putFromUnsafe·p0.999","sample",1,1,3540.000000,NaN,"ns/op",1024,1,17,none,16384
"com.evolvedbinary.jnibench.jmhbench.PutJNIBenchmark.putFromUnsafe:putFromUnsafe·p0.9999","sample",1,1,14481.696000,NaN,"ns/op",1024,1,17,none,16384
"com.evolvedbinary.jnibench.jmhbench.PutJNIBenchmark.putFromUnsafe:putFromUnsafe·p1.00","sample",1,1,1480704.000000,NaN,"ns/op",1024,1,17,none,16384
"com.evolvedbinary.jnibench.jmhbench.PutJNIBenchmark.putFromUnsafe","sample",1,3408939,1063.976287,0.924520,"ns/op",1024,1,17,none,32768
"com.evolvedbinary.jnibench.jmhbench.PutJNIBenchmark.putFromUnsafe:putFromUnsafe·p0.00","sample",1,1,459.000000,NaN,"ns/op",1024,1,17,none,32768
"com.evolvedbinary.jnibench.jmhbench.PutJNIBenchmark.putFromUnsafe:putFromUnsafe·p0.50","sample",1,1,916.000000,NaN,"ns/op",1024,1,17,none,32768
"com.evolvedbinary.jnibench.jmhbench.PutJNIBenchmark.putFromUnsafe:putFromUnsafe·p0.90","sample",1,1,1624.000000,NaN,"ns/op",1024,1,17,none,32768
"com.evolvedbinary.jnibench.jmhbench.PutJNIBenchmark.putFromUnsafe:putFromUnsafe·p0.95","sample",1,1,1624.000000,NaN,"ns/op",1024,1,17,none,32768
"com.evolvedbinary.jnibench.jmhbench.PutJNIBenchmark.putFromUnsafe:putFromUnsafe·p0.99","sample",1,1,1666.000000,NaN,"ns/op",1024,1,17,none,32768
"com.evolvedbinary.jnibench.jmhbench.PutJNIBenchmark.putFromUnsafe:putFromUnsafe·p0.999","sample",1,1,5120.000000,NaN,"ns/op",1024,1,17,none,32768
"com.evolvedbinary.jnibench.jmhbench.PutJNIBenchmark.putFromUnsafe:putFromUnsafe·p0.9999","sample",1,1,17034.176000,NaN,"ns/op",1024,1,17,none,32768
"com.evolvedbinary.jnibench.jmhbench.PutJNIBenchmark.putFromUnsafe:putFromUnsafe·p1.00","sample",1,1,91904.000000,NaN,"ns/op",1024,1,17,none,32768
"com.evolvedbinary.jnibench.jmhbench.PutJNIBenchmark.putFromUnsafe","sample",1,3480154,2088.501416,1.727345,"ns/op",1024,1,17,none,65536
"com.evolvedbinary.jnibench.jmhbench.PutJNIBenchmark.putFromUnsafe:putFromUnsafe·p0.00","sample",1,1,1124.000000,NaN,"ns/op",1024,1,17,none,65536
"com.evolvedbinary.jnibench.jmhbench.PutJNIBenchmark.putFromUnsafe:putFromUnsafe·p0.50","sample",1,1,1542.000000,NaN,"ns/op",1024,1,17,none,65536
"com.evolvedbinary.jnibench.jmhbench.PutJNIBenchmark.putFromUnsafe:putFromUnsafe·p0.90","sample",1,1,2872.000000,NaN,"ns/op",1024,1,17,none,65536
"com.evolvedbinary.jnibench.jmhbench.PutJNIBenchmark.putFromUnsafe:putFromUnsafe·p0.95","sample",1,1,2916.000000,NaN,"ns/op",1024,1,17,none,65536
"com.evolvedbinary.jnibench.jmhbench.PutJNIBenchmark.putFromUnsafe:putFromUnsafe·p0.99","sample",1,1,3040.000000,NaN,"ns/op",1024,1,17,none,65536
"com.evolvedbinary.jnibench.jmhbench.PutJNIBenchmark.putFromUnsafe:putFromUnsafe·p0.999","sample",1,1,7624.000000,NaN,"ns/op",1024,1,17,none,65536
"com.evolvedbinary.jnibench.jmhbench.PutJNIBenchmark.putFromUnsafe:putFromUnsafe·p0.9999","sample",1,1,21119.008000,NaN,"ns/op",1024,1,17,none,65536
"com.evolvedbinary.jnibench.jmhbench.PutJNIBenchmark.putFromUnsafe:putFromUnsafe·p1.00","sample",1,1,722944.000000,NaN,"ns/op",1024,1,17,none,65536
"com.evolvedbinary.jnibench.jmhbench.PutJNIBenchmark.putFromUnsafe","sample",1,2760905,193.939471,1.920711,"ns/op",1024,1,17,copyin,10
"com.evolvedbinary.jnibench.jmhbench.PutJNIBenchmark.putFromUnsafe:putFromUnsafe·p0.00","sample",1,1,41.000000,NaN,"ns/op",1024,1,17,copyin,10
"com.evolvedbinary.jnibench.jmhbench.PutJNIBenchmark.putFromUnsafe:putFromUnsafe·p0.50","sample",1,1,167.000000,NaN,"ns/op",1024,1,17,copyin,10
"com.evolvedbinary.jnibench.jmhbench.PutJNIBenchmark.putFromUnsafe:putFromUnsafe·p0.90","sample",1,1,209.000000,NaN,"ns/op",1024,1,17,copyin,10
"com.evolvedbinary.jnibench.jmhbench.PutJNIBenchmark.putFromUnsafe:putFromUnsafe·p0.95","sample",1,1,209.000000,NaN,"ns/op",1024,1,17,copyin,10
"com.evolvedbinary.jnibench.jmhbench.PutJNIBenchmark.putFromUnsafe:putFromUnsafe·p0.99","sample",1,1,209.000000,NaN,"ns/op",1024,1,17,copyin,10
"com.evolvedbinary.jnibench.jmhbench.PutJNIBenchmark.putFromUnsafe:putFromUnsafe·p0.999","sample",1,1,1582.000000,NaN,"ns/op",1024,1,17,copyin,10
"com.evolvedbinary.jnibench.jmhbench.PutJNIBenchmark.putFromUnsafe:putFromUnsafe·p0.9999","sample",1,1,8736.000000,NaN,"ns/op",1024,1,17,copyin,10
"com.evolvedbinary.jnibench.jmhbench.PutJNIBenchmark.putFromUnsafe:putFromUnsafe·p1.00","sample",1,1,1558528.000000,NaN,"ns/op",1024,1,17,copyin,10
"com.evolvedbinary.jnibench.jmhbench.PutJNIBenchmark.putFromUnsafe","sample",1,2617789,211.575618,2.205551,"ns/op",1024,1,17,copyin,50
"com.evolvedbinary.jnibench.jmhbench.PutJNIBenchmark.putFromUnsafe:putFromUnsafe·p0.00","sample",1,1,41.000000,NaN,"ns/op",1024,1,17,copyin,50
"com.evolvedbinary.jnibench.jmhbench.PutJNIBenchmark.putFromUnsafe:putFromUnsafe·p0.50","sample",1,1,208.000000,NaN,"ns/op",1024,1,17,copyin,50
"com.evolvedbinary.jnibench.jmhbench.PutJNIBenchmark.putFromUnsafe:putFromUnsafe·p0.90","sample",1,1,209.000000,NaN,"ns/op",1024,1,17,copyin,50
"com.evolvedbinary.jnibench.jmhbench.PutJNIBenchmark.putFromUnsafe:putFromUnsafe·p0.95","sample",1,1,209.000000,NaN,"ns/op",1024,1,17,copyin,50
"com.evolvedbinary.jnibench.jmhbench.PutJNIBenchmark.putFromUnsafe:putFromUnsafe·p0.99","sample",1,1,375.000000,NaN,"ns/op",1024,1,17,copyin,50
"com.evolvedbinary.jnibench.jmhbench.PutJNIBenchmark.putFromUnsafe:putFromUnsafe·p0.999","sample",1,1,1958.000000,NaN,"ns/op",1024,1,17,copyin,50
"com.evolvedbinary.jnibench.jmhbench.PutJNIBenchmark.putFromUnsafe:putFromUnsafe·p0.9999","sample",1,1,10288.000000,NaN,"ns/op",1024,1,17,copyin,50
"com.evolvedbinary.jnibench.jmhbench.PutJNIBenchmark.putFromUnsafe:putFromUnsafe·p1.00","sample",1,1,1685504.000000,NaN,"ns/op",1024,1,17,copyin,50
"com.evolvedbinary.jnibench.jmhbench.PutJNIBenchmark.putFromUnsafe","sample",1,2699812,388.114612,3.116663,"ns/op",1024,1,17,copyin,512
"com.evolvedbinary.jnibench.jmhbench.PutJNIBenchmark.putFromUnsafe:putFromUnsafe·p0.00","sample",1,1,41.000000,NaN,"ns/op",1024,1,17,copyin,512
"com.evolvedbinary.jnibench.jmhbench.PutJNIBenchmark.putFromUnsafe:putFromUnsafe·p0.50","sample",1,1,375.000000,NaN,"ns/op",1024,1,17,copyin,512
"com.evolvedbinary.jnibench.jmhbench.PutJNIBenchmark.putFromUnsafe:putFromUnsafe·p0.90","sample",1,1,375.000000,NaN,"ns/op",1024,1,17,copyin,512
"com.evolvedbinary.jnibench.jmhbench.PutJNIBenchmark.putFromUnsafe:putFromUnsafe·p0.95","sample",1,1,417.000000,NaN,"ns/op",1024,1,17,copyin,512
"com.evolvedbinary.jnibench.jmhbench.PutJNIBenchmark.putFromUnsafe:putFromUnsafe·p0.99","sample",1,1,417.000000,NaN,"ns/op",1024,1,17,copyin,512
"com.evolvedbinary.jnibench.jmhbench.PutJNIBenchmark.putFromUnsafe:putFromUnsafe·p0.999","sample",1,1,3040.000000,NaN,"ns/op",1024,1,17,copyin,512
"com.evolvedbinary.jnibench.jmhbench.PutJNIBenchmark.putFromUnsafe:putFromUnsafe·p0.9999","sample",1,1,14624.000000,NaN,"ns/op",1024,1,17,copyin,512
"com.evolvedbinary.jnibench.jmhbench.PutJNIBenchmark.putFromUnsafe:putFromUnsafe·p1.00","sample",1,1,1701888.000000,NaN,"ns/op",1024,1,17,copyin,512
"com.evolvedbinary.jnibench.jmhbench.PutJNIBenchmark.putFromUnsafe","sample",1,3441681,594.016200,2.438024,"ns/op",1024,1,17,copyin,1024
"com.evolvedbinary.jnibench.jmhbench.PutJNIBenchmark.putFromUnsafe:putFromUnsafe·p0.00","sample",1,1,250.000000,NaN,"ns/op",1024,1,17,copyin,1024
"com.evolvedbinary.jnibench.jmhbench.PutJNIBenchmark.putFromUnsafe:putFromUnsafe·p0.50","sample",1,1,583.000000,NaN,"ns/op",1024,1,17,copyin,1024
"com.evolvedbinary.jnibench.jmhbench.PutJNIBenchmark.putFromUnsafe:putFromUnsafe·p0.90","sample",1,1,625.000000,NaN,"ns/op",1024,1,17,copyin,1024
"com.evolvedbinary.jnibench.jmhbench.PutJNIBenchmark.putFromUnsafe:putFromUnsafe·p0.95","sample",1,1,625.000000,NaN,"ns/op",1024,1,17,copyin,1024
"com.evolvedbinary.jnibench.jmhbench.PutJNIBenchmark.putFromUnsafe:putFromUnsafe·p0.99","sample",1,1,666.000000,NaN,"ns/op",1024,1,17,copyin,1024
"com.evolvedbinary.jnibench.jmhbench.PutJNIBenchmark.putFromUnsafe:putFromUnsafe·p0.999","sample",1,1,3332.000000,NaN,"ns/op",1024,1,17,copyin,1024
"com.evolvedbinary.jnibench.jmhbench.PutJNIBenchmark.putFromUnsafe:putFromUnsafe·p0.9999","sample",1,1,15274.617600,NaN,"ns/op",1024,1,17,copyin,1024
"com.evolvedbinary.jnibench.jmhbench.PutJNIBenchmark.putFromUnsafe:putFromUnsafe·p1.00","sample",1,1,2461696.000000,NaN,"ns/op",1024,1,17,copyin,1024
"com.evolvedbinary.jnibench.jmhbench.PutJNIBenchmark.putFromUnsafe","sample",1,4175442,1926.151078,2.990713,"ns/op",1024,1,17,copyin,4096
"com.evolvedbinary.jnibench.jmhbench.PutJNIBenchmark.putFromUnsafe:putFromUnsafe·p0.00","sample",1,1,1374.000000,NaN,"ns/op",1024,1,17,copyin,4096
"com.evolvedbinary.jnibench.jmhbench.PutJNIBenchmark.putFromUnsafe:putFromUnsafe·p0.50","sample",1,1,1874.000000,NaN,"ns/op",1024,1,17,copyin,4096
"com.evolvedbinary.jnibench.jmhbench.PutJNIBenchmark.putFromUnsafe:putFromUnsafe·p0.90","sample",1,1,2000.000000,NaN,"ns/op",1024,1,17,copyin,4096
"com.evolvedbinary.jnibench.jmhbench.PutJNIBenchmark.putFromUnsafe:putFromUnsafe·p0.95","sample",1,1,2040.000000,NaN,"ns/op",1024,1,17,copyin,4096
"com.evolvedbinary.jnibench.jmhbench.PutJNIBenchmark.putFromUnsafe:putFromUnsafe·p0.99","sample",1,1,2124.000000,NaN,"ns/op",1024,1,17,copyin,4096
"com.evolvedbinary.jnibench.jmhbench.PutJNIBenchmark.putFromUnsafe:putFromUnsafe·p0.999","sample",1,1,7160.000000,NaN,"ns/op",1024,1,17,copyin,4096
"com.evolvedbinary.jnibench.jmhbench.PutJNIBenchmark.putFromUnsafe:putFromUnsafe·p0.9999","sample",1,1,26432.000000,NaN,"ns/op",1024,1,17,copyin,4096
"com.evolvedbinary.jnibench.jmhbench.PutJNIBenchmark.putFromUnsafe:putFromUnsafe·p1.00","sample",1,1,1886208.000000,NaN,"ns/op",1024,1,17,copyin,4096
"com.evolvedbinary.jnibench.jmhbench.PutJNIBenchmark.putFromUnsafe","sample",1,4330091,3693.156654,1.844441,"ns/op",1024,1,17,copyin,8192
"com.evolvedbinary.jnibench.jmhbench.PutJNIBenchmark.putFromUnsafe:putFromUnsafe·p0.00","sample",1,1,2788.000000,NaN,"ns/op",1024,1,17,copyin,8192
"com.evolvedbinary.jnibench.jmhbench.PutJNIBenchmark.putFromUnsafe:putFromUnsafe·p0.50","sample",1,1,3664.000000,NaN,"ns/op",1024,1,17,copyin,8192
"com.evolvedbinary.jnibench.jmhbench.PutJNIBenchmark.putFromUnsafe:putFromUnsafe·p0.90","sample",1,1,3792.000000,NaN,"ns/op",1024,1,17,copyin,8192
"com.evolvedbinary.jnibench.jmhbench.PutJNIBenchmark.putFromUnsafe:putFromUnsafe·p0.95","sample",1,1,3832.000000,NaN,"ns/op",1024,1,17,copyin,8192
"com.evolvedbinary.jnibench.jmhbench.PutJNIBenchmark.putFromUnsafe:putFromUnsafe·p0.99","sample",1,1,4000.000000,NaN,"ns/op",1024,1,17,copyin,8192
"com.evolvedbinary.jnibench.jmhbench.PutJNIBenchmark.putFromUnsafe:putFromUnsafe·p0.999","sample",1,1,10240.000000,NaN,"ns/op",1024,1,17,copyin,8192
"com.evolvedbinary.jnibench.jmhbench.PutJNIBenchmark.putFromUnsafe:putFromUnsafe·p0.9999","sample",1,1,38784.000000,NaN,"ns/op",1024,1,17,copyin,8192
"com.evolvedbinary.jnibench.jmhbench.PutJNIBenchmark.putFromUnsafe:putFromUnsafe·p1.00","sample",1,1,1812480.000000,NaN,"ns/op",1024,1,17,copyin,8192
"com.evolvedbinary.jnibench.jmhbench.PutJNIBenchmark.putFromUnsafe","sample",1,3710736,7349.188937,11.601566,"ns/op",1024,1,17,copyin,16384
"com.evolvedbinary.jnibench.jmhbench.PutJNIBenchmark.putFromUnsafe:putFromUnsafe·p0.00","sample",1,1,5576.000000,NaN,"ns/op",1024,1,17,copyin,16384
"com.evolvedbinary.jnibench.jmhbench.PutJNIBenchmark.putFromUnsafe:putFromUnsafe·p0.50","sample",1,1,7368.000000,NaN,"ns/op",1024,1,17,copyin,16384
"com.evolvedbinary.jnibench.jmhbench.PutJNIBenchmark.putFromUnsafe:putFromUnsafe·p0.90","sample",1,1,7496.000000,NaN,"ns/op",1024,1,17,copyin,16384
"com.evolvedbinary.jnibench.jmhbench.PutJNIBenchmark.putFromUnsafe:putFromUnsafe·p0.95","sample",1,1,7576.000000,NaN,"ns/op",1024,1,17,copyin,16384
"com.evolvedbinary.jnibench.jmhbench.PutJNIBenchmark.putFromUnsafe:putFromUnsafe·p0.99","sample",1,1,7912.000000,NaN,"ns/op",1024,1,17,copyin,16384
"com.evolvedbinary.jnibench.jmhbench.PutJNIBenchmark.putFromUnsafe:putFromUnsafe·p0.999","sample",1,1,17152.000000,NaN,"ns/op",1024,1,17,copyin,16384
"com.evolvedbinary.jnibench.jmhbench.PutJNIBenchmark.putFromUnsafe:putFromUnsafe·p0.9999","sample",1,1,46720.000000,NaN,"ns/op",1024,1,17,copyin,16384
"com.evolvedbinary.jnibench.jmhbench.PutJNIBenchmark.putFromUnsafe:putFromUnsafe·p1.00","sample",1,1,12959744.000000,NaN,"ns/op",1024,1,17,copyin,16384
"com.evolvedbinary.jnibench.jmhbench.PutJNIBenchmark.putFromUnsafe","sample",1,2215916,14434.297921,6.496480,"ns/op",1024,1,17,copyin,32768
"com.evolvedbinary.jnibench.jmhbench.PutJNIBenchmark.putFromUnsafe:putFromUnsafe·p0.00","sample",1,1,10992.000000,NaN,"ns/op",1024,1,17,copyin,32768
"com.evolvedbinary.jnibench.jmhbench.PutJNIBenchmark.putFromUnsafe:putFromUnsafe·p0.50","sample",1,1,14496.000000,NaN,"ns/op",1024,1,17,copyin,32768
"com.evolvedbinary.jnibench.jmhbench.PutJNIBenchmark.putFromUnsafe:putFromUnsafe·p0.90","sample",1,1,14656.000000,NaN,"ns/op",1024,1,17,copyin,32768
"com.evolvedbinary.jnibench.jmhbench.PutJNIBenchmark.putFromUnsafe:putFromUnsafe·p0.95","sample",1,1,14736.000000,NaN,"ns/op",1024,1,17,copyin,32768
"com.evolvedbinary.jnibench.jmhbench.PutJNIBenchmark.putFromUnsafe:putFromUnsafe·p0.99","sample",1,1,15696.000000,NaN,"ns/op",1024,1,17,copyin,32768
"com.evolvedbinary.jnibench.jmhbench.PutJNIBenchmark.putFromUnsafe:putFromUnsafe·p0.999","sample",1,1,32738.656000,NaN,"ns/op",1024,1,17,copyin,32768
"com.evolvedbinary.jnibench.jmhbench.PutJNIBenchmark.putFromUnsafe:putFromUnsafe·p0.9999","sample",1,1,68020.262400,NaN,"ns/op",1024,1,17,copyin,32768
"com.evolvedbinary.jnibench.jmhbench.PutJNIBenchmark.putFromUnsafe:putFromUnsafe·p1.00","sample",1,1,2715648.000000,NaN,"ns/op",1024,1,17,copyin,32768
"com.evolvedbinary.jnibench.jmhbench.PutJNIBenchmark.putFromUnsafe","sample",1,2236863,28485.338176,4.001225,"ns/op",1024,1,17,copyin,65536
"com.evolvedbinary.jnibench.jmhbench.PutJNIBenchmark.putFromUnsafe:putFromUnsafe·p0.00","sample",1,1,21888.000000,NaN,"ns/op",1024,1,17,copyin,65536
"com.evolvedbinary.jnibench.jmhbench.PutJNIBenchmark.putFromUnsafe:putFromUnsafe·p0.50","sample",1,1,28640.000000,NaN,"ns/op",1024,1,17,copyin,65536
"com.evolvedbinary.jnibench.jmhbench.PutJNIBenchmark.putFromUnsafe:putFromUnsafe·p0.90","sample",1,1,28928.000000,NaN,"ns/op",1024,1,17,copyin,65536
"com.evolvedbinary.jnibench.jmhbench.PutJNIBenchmark.putFromUnsafe:putFromUnsafe·p0.95","sample",1,1,29696.000000,NaN,"ns/op",1024,1,17,copyin,65536
"com.evolvedbinary.jnibench.jmhbench.PutJNIBenchmark.putFromUnsafe:putFromUnsafe·p0.99","sample",1,1,31552.000000,NaN,"ns/op",1024,1,17,copyin,65536
"com.evolvedbinary.jnibench.jmhbench.PutJNIBenchmark.putFromUnsafe:putFromUnsafe·p0.999","sample",1,1,48768.000000,NaN,"ns/op",1024,1,17,copyin,65536
"com.evolvedbinary.jnibench.jmhbench.PutJNIBenchmark.putFromUnsafe:putFromUnsafe·p0.9999","sample",1,1,90752.000000,NaN,"ns/op",1024,1,17,copyin,65536
"com.evolvedbinary.jnibench.jmhbench.PutJNIBenchmark.putFromUnsafe:putFromUnsafe·p1.00","sample",1,1,616448.000000,NaN,"ns/op",1024,1,17,copyin,65536
