"Benchmark","Mode","Threads","Samples","Score","Score Error (99.9%)","Unit","Param: cacheEntryOverhead","Param: cacheMB","Param: checksum","Param: valueSize"
"com.evolvedbinary.jnibench.jmhbench.GetFFMBenchmarkJava.getIntoMemorySegment","sample",1,3328941,110.941993,1.181558,"ns/op",1024,1,none,10
"com.evolvedbinary.jnibench.jmhbench.GetFFMBenchmarkJava.getIntoMemorySegment:getIntoMemorySegment·p0.00","sample",1,1,81.000000,NaN,"ns/op",1024,1,none,10
"com.evolvedbinary.jnibench.jmhbench.GetFFMBenchmarkJava.getIntoMemorySegment:getIntoMemorySegment·p0.50","sample",1,1,98.000000,NaN,"ns/op",1024,1,none,10
"com.evolvedbinary.jnibench.jmhbench.GetFFMBenchmarkJava.getIntoMemorySegment:getIntoMemorySegment·p0.90","sample",1,1,112.000000,NaN,"ns/op",1024,1,none,10
"com.evolvedbinary.jnibench.jmhbench.GetFFMBenchmarkJava.getIntoMemorySegment:getIntoMemorySegment·p0.95","sample",1,1,118.000000,NaN,"ns/op",1024,1,none,10
"com.evolvedbinary.jnibench.jmhbench.GetFFMBenchmarkJava.getIntoMemorySegment:getIntoMemorySegment·p0.99","sample",1,1,147.000000,NaN,"ns/op",1024,1,none,10
"com.evolvedbinary.jnibench.jmhbench.GetFFMBenchmarkJava.getIntoMemorySegment:getIntoMemorySegment·p0.999","sample",1,1,2912.000000,NaN,"ns/op",1024,1,none,10
"com.evolvedbinary.jnibench.jmhbench.GetFFMBenchmarkJava.getIntoMemorySegment:getIntoMemorySegment·p0.9999","sample",1,1,11056.000000,NaN,"ns/op",1024,1,none,10
"com.evolvedbinary.jnibench.jmhbench.GetFFMBenchmarkJava.getIntoMemorySegment:getIntoMemorySegment·p1.00","sample",1,1,1038336.000000,NaN,"ns/op",1024,1,none,10
"com.evolvedbinary.jnibench.jmhbench.GetFFMBenchmarkJava.getIntoMemorySegment","sample",1,3411111,114.133451,3.928181,"ns/op",1024,1,none,50
"com.evolvedbinary.jnibench.jmhbench.GetFFMBenchmarkJava.getIntoMemorySegment:getIntoMemorySegment·p0.00","sample",1,1,75.000000,NaN,"ns/op",1024,1,none,50
"com.evolvedbinary.jnibench.jmhbench.GetFFMBenchmarkJava.getIntoMemorySegment:getIntoMemorySegment·p0.50","sample",1,1,102.000000,NaN,"ns/op",1024,1,none,50
"com.evolvedbinary.jnibench.jmhbench.GetFFMBenchmarkJava.getIntoMemorySegment:getIntoMemorySegment·p0.90","sample",1,1,111.000000,NaN,"ns/op",1024,1,none,50
"com.evolvedbinary.jnibench.jmhbench.GetFFMBenchmarkJava.getIntoMemorySegment:getIntoMemorySegment·p0.95","sample",1,1,114.000000,NaN,"ns/op",1024,1,none,50
"com.evolvedbinary.jnibench.jmhbench.GetFFMBenchmarkJava.getIntoMemorySegment:getIntoMemorySegment·p0.99","sample",1,1,132.000000,NaN,"ns/op",1024,1,none,50
"com.evolvedbinary.jnibench.jmhbench.GetFFMBenchmarkJava.getIntoMemorySegment:getIntoMemorySegment·p0.999","sample",1,1,2816.000000,NaN,"ns/op",1024,1,none,50
"com.evolvedbinary.jnibench.jmhbench.GetFFMBenchmarkJava.getIntoMemorySegment:getIntoMemorySegment·p0.9999","sample",1,1,11056.000000,NaN,"ns/op",1024,1,none,50
"com.evolvedbinary.jnibench.jmhbench.GetFFMBenchmarkJava.getIntoMemorySegment:getIntoMemorySegment·p1.00","sample",1,1,3710976.000000,NaN,"ns/op",1024,1,none,50
"com.evolvedbinary.jnibench.jmhbench.GetFFMBenchmarkJava.getIntoMemorySegment","sample",1,3275590,112.633859,0.648136,"ns/op",1024,1,none,512
"com.evolvedbinary.jnibench.jmhbench.GetFFMBenchmarkJava.getIntoMemorySegment:getIntoMemorySegment·p0.00","sample",1,1,81.000000,NaN,"ns/op",1024,1,none,512
"com.evolvedbinary.jnibench.jmhbench.GetFFMBenchmarkJava.getIntoMemorySegment:getIntoMemorySegment·p0.50","sample",1,1,100.000000,NaN,"ns/op",1024,1,none,512
"com.evolvedbinary.jnibench.jmhbench.GetFFMBenchmarkJava.getIntoMemorySegment:getIntoMemorySegment·p0.90","sample",1,1,108.000000,NaN,"ns/op",1024,1,none,512
"com.evolvedbinary.jnibench.jmhbench.GetFFMBenchmarkJava.getIntoMemorySegment:getIntoMemorySegment·p0.95","sample",1,1,111.000000,NaN,"ns/op",1024,1,none,512
"com.evolvedbinary.jnibench.jmhbench.GetFFMBenchmarkJava.getIntoMemorySegment:getIntoMemorySegment·p0.99","sample",1,1,127.000000,NaN,"ns/op",1024,1,none,512
"com.evolvedbinary.jnibench.jmhbench.GetFFMBenchmarkJava.getIntoMemorySegment:getIntoMemorySegment·p0.999","sample",1,1,2984.000000,NaN,"ns/op",1024,1,none,512
"com.evolvedbinary.jnibench.jmhbench.GetFFMBenchmarkJava.getIntoMemorySegment:getIntoMemorySegment·p0.9999","sample",1,1,11072.000000,NaN,"ns/op",1024,1,none,512
"com.evolvedbinary.jnibench.jmhbench.GetFFMBenchmarkJava.getIntoMemorySegment:getIntoMemorySegment·p1.00","sample",1,1,171008.000000,NaN,"ns/op",1024,1,none,512
"com.evolvedbinary.jnibench.jmhbench.GetFFMBenchmarkJava.getIntoMemorySegment","sample",1,3023300,114.884593,0.613740,"ns/op",1024,1,none,1024
"com.evolvedbinary.jnibench.jmhbench.GetFFMBenchmarkJava.getIntoMemorySegment:getIntoMemorySegment·p0.00","sample",1,1,83.000000,NaN,"ns/op",1024,1,none,1024
"com.evolvedbinary.jnibench.jmhbench.GetFFMBenchmarkJava.getIntoMemorySegment:getIntoMemorySegment·p0.50","sample",1,1,102.000000,NaN,"ns/op",1024,1,none,1024
"com.evolvedbinary.jnibench.jmhbench.GetFFMBenchmarkJava.getIntoMemorySegment:getIntoMemorySegment·p0.90","sample",1,1,111.000000,NaN,"ns/op",1024,1,none,1024
"com.evolvedbinary.jnibench.jmhbench.GetFFMBenchmarkJava.getIntoMemorySegment:getIntoMemorySegment·p0.95","sample",1,1,115.000000,NaN,"ns/op",1024,1,none,1024
"com.evolvedbinary.jnibench.jmhbench.GetFFMBenchmarkJava.getIntoMemorySegment:getIntoMemorySegment·p0.99","sample",1,1,144.000000,NaN,"ns/op",1024,1,none,1024
"com.evolvedbinary.jnibench.jmhbench.GetFFMBenchmarkJava.getIntoMemorySegment:getIntoMemorySegment·p0.999","sample",1,1,3334.796000,NaN,"ns/op",1024,1,none,1024
"com.evolvedbinary.jnibench.jmhbench.GetFFMBenchmarkJava.getIntoMemorySegment:getIntoMemorySegment·p0.9999","sample",1,1,11072.000000,NaN,"ns/op",1024,1,none,1024
"com.evolvedbinary.jnibench.jmhbench.GetFFMBenchmarkJava.getIntoMemorySegment:getIntoMemorySegment·p1.00","sample",1,1,123008.000000,NaN,"ns/op",1024,1,none,1024
"com.evolvedbinary.jnibench.jmhbench.GetFFMBenchmarkJava.getIntoMemorySegment","sample",1,4429859,141.996538,0.885066,"ns/op",1024,1,none,4096
"com.evolvedbinary.jnibench.jmhbench.GetFFMBenchmarkJava.getIntoMemorySegment:getIntoMemorySegment·p0.00","sample",1,1,105.000000,NaN,"ns/op",1024,1,none,4096
"com.evolvedbinary.jnibench.jmhbench.GetFFMBenchmarkJava.getIntoMemorySegment:getIntoMemorySegment·p0.50","sample",1,1,132.000000,NaN,"ns/op",1024,1,none,4096
"com.evolvedbinary.jnibench.jmhbench.GetFFMBenchmarkJava.getIntoMemorySegment:getIntoMemorySegment·p0.90","sample",1,1,139.000000,NaN,"ns/op",1024,1,none,4096
"com.evolvedbinary.jnibench.jmhbench.GetFFMBenchmarkJava.getIntoMemorySegment:getIntoMemorySegment·p0.95","sample",1,1,143.000000,NaN,"ns/op",1024,1,none,4096
"com.evolvedbinary.jnibench.jmhbench.GetFFMBenchmarkJava.getIntoMemorySegment:getIntoMemorySegment·p0.99","sample",1,1,162.000000,NaN,"ns/op",1024,1,none,4096
"com.evolvedbinary.jnibench.jmhbench.GetFFMBenchmarkJava.getIntoMemorySegment:getIntoMemorySegment·p0.999","sample",1,1,2616.000000,NaN,"ns/op",1024,1,none,4096
"com.evolvedbinary.jnibench.jmhbench.GetFFMBenchmarkJava.getIntoMemorySegment:getIntoMemorySegment·p0.9999","sample",1,1,11088.000000,NaN,"ns/op",1024,1,none,4096
"com.evolvedbinary.jnibench.jmhbench.GetFFMBenchmarkJava.getIntoMemorySegment:getIntoMemorySegment·p1.00","sample",1,1,1004544.000000,NaN,"ns/op",1024,1,none,4096
"com.evolvedbinary.jnibench.jmhbench.GetFFMBenchmarkJava.getIntoMemorySegment","sample",1,4112698,489.336902,5.279997,"ns/op",1024,1,none,16384
"com.evolvedbinary.jnibench.jmhbench.GetFFMBenchmarkJava.getIntoMemorySegment:getIntoMemorySegment·p0.00","sample",1,1,325.000000,NaN,"ns/op",1024,1,none,16384
"com.evolvedbinary.jnibench.jmhbench.GetFFMBenchmarkJava.getIntoMemorySegment:getIntoMemorySegment·p0.50","sample",1,1,469.000000,NaN,"ns/op",1024,1,none,16384
"com.evolvedbinary.jnibench.jmhbench.GetFFMBenchmarkJava.getIntoMemorySegment:getIntoMemorySegment·p0.90","sample",1,1,499.000000,NaN,"ns/op",1024,1,none,16384
"com.evolvedbinary.jnibench.jmhbench.GetFFMBenchmarkJava.getIntoMemorySegment:getIntoMemorySegment·p0.95","sample",1,1,509.000000,NaN,"ns/op",1024,1,none,16384
"com.evolvedbinary.jnibench.jmhbench.GetFFMBenchmarkJava.getIntoMemorySegment:getIntoMemorySegment·p0.99","sample",1,1,712.000000,NaN,"ns/op",1024,1,none,16384
"com.evolvedbinary.jnibench.jmhbench.GetFFMBenchmarkJava.getIntoMemorySegment:getIntoMemorySegment·p0.999","sample",1,1,9568.000000,NaN,"ns/op",1024,1,none,16384
"com.evolvedbinary.jnibench.jmhbench.GetFFMBenchmarkJava.getIntoMemorySegment:getIntoMemorySegment·p0.9999","sample",1,1,11632.000000,NaN,"ns/op",1024,1,none,16384
"com.evolvedbinary.jnibench.jmhbench.GetFFMBenchmarkJava.getIntoMemorySegment:getIntoMemorySegment·p1.00","sample",1,1,4571136.000000,NaN,"ns/op",1024,1,none,16384
"com.evolvedbinary.jnibench.jmhbench.GetFFMBenchmarkJava.getIntoMemorySegment","sample",1,3294516,1239.620428,4.592564,"ns/op",1024,1,none,32768
"com.evolvedbinary.jnibench.jmhbench.GetFFMBenchmarkJava.getIntoMemorySegment:getIntoMemorySegment·p0.00","sample",1,1,1028.000000,NaN,"ns/op",1024,1,none,32768
"com.evolvedbinary.jnibench.jmhbench.GetFFMBenchmarkJava.getIntoMemorySegment:getIntoMemorySegment·p0.50","sample",1,1,1192.000000,NaN,"ns/op",1024,1,none,32768
"com.evolvedbinary.jnibench.jmhbench.GetFFMBenchmarkJava.getIntoMemorySegment:getIntoMemorySegment·p0.90","sample",1,1,1226.000000,NaN,"ns/op",1024,1,none,32768
"com.evolvedbinary.jnibench.jmhbench.GetFFMBenchmarkJava.getIntoMemorySegment:getIntoMemorySegment·p0.95","sample",1,1,1258.000000,NaN,"ns/op",1024,1,none,32768
"com.evolvedbinary.jnibench.jmhbench.GetFFMBenchmarkJava.getIntoMemorySegment:getIntoMemorySegment·p0.99","sample",1,1,2628.000000,NaN,"ns/op",1024,1,none,32768
"com.evolvedbinary.jnibench.jmhbench.GetFFMBenchmarkJava.getIntoMemorySegment:getIntoMemorySegment·p0.999","sample",1,1,11712.000000,NaN,"ns/op",1024,1,none,32768
"com.evolvedbinary.jnibench.jmhbench.GetFFMBenchmarkJava.getIntoMemorySegment:getIntoMemorySegment·p0.9999","sample",1,1,13130.318400,NaN,"ns/op",1024,1,none,32768
"com.evolvedbinary.jnibench.jmhbench.GetFFMBenchmarkJava.getIntoMemorySegment:getIntoMemorySegment·p1.00","sample",1,1,3076096.000000,NaN,"ns/op",1024,1,none,32768
"com.evolvedbinary.jnibench.jmhbench.GetFFMBenchmarkJava.getIntoMemorySegment","sample",1,3406583,2352.229199,5.052146,"ns/op",1024,1,none,65536
"com.evolvedbinary.jnibench.jmhbench.GetFFMBenchmarkJava.getIntoMemorySegment:getIntoMemorySegment·p0.00","sample",1,1,2140.000000,NaN,"ns/op",1024,1,none,65536
"com.evolvedbinary.jnibench.jmhbench.GetFFMBenchmarkJava.getIntoMemorySegment:getIntoMemorySegment·p0.50","sample",1,1,2300.000000,NaN,"ns/op",1024,1,none,65536
"com.evolvedbinary.jnibench.jmhbench.GetFFMBenchmarkJava.getIntoMemorySegment:getIntoMemorySegment·p0.90","sample",1,1,2356.000000,NaN,"ns/op",1024,1,none,65536
"com.evolvedbinary.jnibench.jmhbench.GetFFMBenchmarkJava.getIntoMemorySegment:getIntoMemorySegment·p0.95","sample",1,1,2420.000000,NaN,"ns/op",1024,1,none,65536
"com.evolvedbinary.jnibench.jmhbench.GetFFMBenchmarkJava.getIntoMemorySegment:getIntoMemorySegment·p0.99","sample",1,1,3924.000000,NaN,"ns/op",1024,1,none,65536
"com.evolvedbinary.jnibench.jmhbench.GetFFMBenchmarkJava.getIntoMemorySegment:getIntoMemorySegment·p0.999","sample",1,1,12992.000000,NaN,"ns/op",1024,1,none,65536
"com.evolvedbinary.jnibench.jmhbench.GetFFMBenchmarkJava.getIntoMemorySegment:getIntoMemorySegment·p0.9999","sample",1,1,15440.000000,NaN,"ns/op",1024,1,none,65536
"com.evolvedbinary.jnibench.jmhbench.GetFFMBenchmarkJava.getIntoMemorySegment:getIntoMemorySegment·p1.00","sample",1,1,4874240.000000,NaN,"ns/op",1024,1,none,65536
"com.evolvedbinary.jnibench.jmhbench.GetFFMBenchmarkJava.getIntoMemorySegment","sample",1,2890090,135.117767,0.777505,"ns/op",1024,1,copyout,10
"com.evolvedbinary.jnibench.jmhbench.GetFFMBenchmarkJava.getIntoMemorySegment:getIntoMemorySegment·p0.00","sample",1,1,94.000000,NaN,"ns/op",1024,1,copyout,10
"com.evolvedbinary.jnibench.jmhbench.GetFFMBenchmarkJava.getIntoMemorySegment:getIntoMemorySegment·p0.50","sample",1,1,119.000000,NaN,"ns/op",1024,1,copyout,10
"com.evolvedbinary.jnibench.jmhbench.GetFFMBenchmarkJava.getIntoMemorySegment:getIntoMemorySegment·p0.90","sample",1,1,132.000000,NaN,"ns/op",1024,1,copyout,10
"com.evolvedbinary.jnibench.jmhbench.GetFFMBenchmarkJava.getIntoMemorySegment:getIntoMemorySegment·p0.95","sample",1,1,135.000000,NaN,"ns/op",1024,1,copyout,10
"com.evolvedbinary.jnibench.jmhbench.GetFFMBenchmarkJava.getIntoMemorySegment:getIntoMemorySegment·p0.99","sample",1,1,172.000000,NaN,"ns/op",1024,1,copyout,10
"com.evolvedbinary.jnibench.jmhbench.GetFFMBenchmarkJava.getIntoMemorySegment:getIntoMemorySegment·p0.999","sample",1,1,3675.636000,NaN,"ns/op",1024,1,copyout,10
"com.evolvedbinary.jnibench.jmhbench.GetFFMBenchmarkJava.getIntoMemorySegment:getIntoMemorySegment·p0.9999","sample",1,1,11151.854400,NaN,"ns/op",1024,1,copyout,10
"com.evolvedbinary.jnibench.jmhbench.GetFFMBenchmarkJava.getIntoMemorySegment:getIntoMemorySegment·p1.00","sample",1,1,157440.000000,NaN,"ns/op",1024,1,copyout,10
"com.evolvedbinary.jnibench.jmhbench.GetFFMBenchmarkJava.getIntoMemorySegment","sample",1,2947968,129.493058,0.789192,"ns/op",1024,1,copyout,50
"com.evolvedbinary.jnibench.jmhbench.GetFFMBenchmarkJava.getIntoMemorySegment:getIntoMemorySegment·p0.00","sample",1,1,93.000000,NaN,"ns/op",1024,1,copyout,50
"com.evolvedbinary.jnibench.jmhbench.GetFFMBenchmarkJava.getIntoMemorySegment:getIntoMemorySegment·p0.50","sample",1,1,112.000000,NaN,"ns/op",1024,1,copyout,50
"com.evolvedbinary.jnibench.jmhbench.GetFFMBenchmarkJava.getIntoMemorySegment:getIntoMemorySegment·p0.90","sample",1,1,123.000000,NaN,"ns/op",1024,1,copyout,50
"com.evolvedbinary.jnibench.jmhbench.GetFFMBenchmarkJava.getIntoMemorySegment:getIntoMemorySegment·p0.95","sample",1,1,130.000000,NaN,"ns/op",1024,1,copyout,50
"com.evolvedbinary.jnibench.jmhbench.GetFFMBenchmarkJava.getIntoMemorySegment:getIntoMemorySegment·p0.99","sample",1,1,196.000000,NaN,"ns/op",1024,1,copyout,50
"com.evolvedbinary.jnibench.jmhbench.GetFFMBenchmarkJava.getIntoMemorySegment:getIntoMemorySegment·p0.999","sample",1,1,3716.000000,NaN,"ns/op",1024,1,copyout,50
"com.evolvedbinary.jnibench.jmhbench.GetFFMBenchmarkJava.getIntoMemorySegment:getIntoMemorySegment·p0.9999","sample",1,1,11184.000000,NaN,"ns/op",1024,1,copyout,50
"com.evolvedbinary.jnibench.jmhbench.GetFFMBenchmarkJava.getIntoMemorySegment:getIntoMemorySegment·p1.00","sample",1,1,193792.000000,NaN,"ns/op",1024,1,copyout,50
"com.evolvedbinary.jnibench.jmhbench.GetFFMBenchmarkJava.getIntoMemorySegment","sample",1,4563947,134.766724,3.097630,"ns/op",1024,1,copyout,512
"com.evolvedbinary.jnibench.jmhbench.GetFFMBenchmarkJava.getIntoMemorySegment:getIntoMemorySegment·p0.00","sample",1,1,102.000000,NaN,"ns/op",1024,1,copyout,512
"com.evolvedbinary.jnibench.jmhbench.GetFFMBenchmarkJava.getIntoMemorySegment:getIntoMemorySegment·p0.50","sample",1,1,122.000000,NaN,"ns/op",1024,1,copyout,512
"com.evolvedbinary.jnibench.jmhbench.GetFFMBenchmarkJava.getIntoMemorySegment:getIntoMemorySegment·p0.90","sample",1,1,130.000000,NaN,"ns/op",1024,1,copyout,512
"com.evolvedbinary.jnibench.jmhbench.GetFFMBenchmarkJava.getIntoMemorySegment:getIntoMemorySegment·p0.95","sample",1,1,133.000000,NaN,"ns/op",1024,1,copyout,512
"com.evolvedbinary.jnibench.jmhbench.GetFFMBenchmarkJava.getIntoMemorySegment:getIntoMemorySegment·p0.99","sample",1,1,149.000000,NaN,"ns/op",1024,1,copyout,512
"com.evolvedbinary.jnibench.jmhbench.GetFFMBenchmarkJava.getIntoMemorySegment:getIntoMemorySegment·p0.999","sample",1,1,2780.000000,NaN,"ns/op",1024,1,copyout,512
"com.evolvedbinary.jnibench.jmhbench.GetFFMBenchmarkJava.getIntoMemorySegment:getIntoMemorySegment·p0.9999","sample",1,1,11072.000000,NaN,"ns/op",1024,1,copyout,512
"com.evolvedbinary.jnibench.jmhbench.GetFFMBenchmarkJava.getIntoMemorySegment:getIntoMemorySegment·p1.00","sample",1,1,3174400.000000,NaN,"ns/op",1024,1,copyout,512
"com.evolvedbinary.jnibench.jmhbench.GetFFMBenchmarkJava.getIntoMemorySegment","sample",1,4063325,156.794914,1.032784,"ns/op",1024,1,copyout,1024
"com.evolvedbinary.jnibench.jmhbench.GetFFMBenchmarkJava.getIntoMemorySegment:getIntoMemorySegment·p0.00","sample",1,1,119.000000,NaN,"ns/op",1024,1,copyout,1024
"com.evolvedbinary.jnibench.jmhbench.GetFFMBenchmarkJava.getIntoMemorySegment:getIntoMemorySegment·p0.50","sample",1,1,139.000000,NaN,"ns/op",1024,1,copyout,1024
"com.evolvedbinary.jnibench.jmhbench.GetFFMBenchmarkJava.getIntoMemorySegment:getIntoMemorySegment·p0.90","sample",1,1,154.000000,NaN,"ns/op",1024,1,copyout,1024
"com.evolvedbinary.jnibench.jmhbench.GetFFMBenchmarkJava.getIntoMemorySegment:getIntoMemorySegment·p0.95","sample",1,1,166.000000,NaN,"ns/op",1024,1,copyout,1024
"com.evolvedbinary.jnibench.jmhbench.GetFFMBenchmarkJava.getIntoMemorySegment:getIntoMemorySegment·p0.99","sample",1,1,249.000000,NaN,"ns/op",1024,1,copyout,1024
"com.evolvedbinary.jnibench.jmhbench.GetFFMBenchmarkJava.getIntoMemorySegment:getIntoMemorySegment·p0.999","sample",1,1,3852.000000,NaN,"ns/op",1024,1,copyout,1024
"com.evolvedbinary.jnibench.jmhbench.GetFFMBenchmarkJava.getIntoMemorySegment:getIntoMemorySegment·p0.9999","sample",1,1,11258.678400,NaN,"ns/op",1024,1,copyout,1024
"com.evolvedbinary.jnibench.jmhbench.GetFFMBenchmarkJava.getIntoMemorySegment:getIntoMemorySegment·p1.00","sample",1,1,968704.000000,NaN,"ns/op",1024,1,copyout,1024
"com.evolvedbinary.jnibench.jmhbench.GetFFMBenchmarkJava.getIntoMemorySegment","sample",1,3464261,242.244483,3.352191,"ns/op",1024,1,copyout,4096
"com.evolvedbinary.jnibench.jmhbench.GetFFMBenchmarkJava.getIntoMemorySegment:getIntoMemorySegment·p0.00","sample",1,1,168.000000,NaN,"ns/op",1024,1,copyout,4096
"com.evolvedbinary.jnibench.jmhbench.GetFFMBenchmarkJava.getIntoMemorySegment:getIntoMemorySegment·p0.50","sample",1,1,214.000000,NaN,"ns/op",1024,1,copyout,4096
"com.evolvedbinary.jnibench.jmhbench.GetFFMBenchmarkJava.getIntoMemorySegment:getIntoMemorySegment·p0.90","sample",1,1,229.000000,NaN,"ns/op",1024,1,copyout,4096
"com.evolvedbinary.jnibench.jmhbench.GetFFMBenchmarkJava.getIntoMemorySegment:getIntoMemorySegment·p0.95","sample",1,1,241.000000,NaN,"ns/op",1024,1,copyout,4096
"com.evolvedbinary.jnibench.jmhbench.GetFFMBenchmarkJava.getIntoMemorySegment:getIntoMemorySegment·p0.99","sample",1,1,381.000000,NaN,"ns/op",1024,1,copyout,4096
"com.evolvedbinary.jnibench.jmhbench.GetFFMBenchmarkJava.getIntoMemorySegment:getIntoMemorySegment·p0.999","sample",1,1,10272.000000,NaN,"ns/op",1024,1,copyout,4096
"com.evolvedbinary.jnibench.jmhbench.GetFFMBenchmarkJava.getIntoMemorySegment:getIntoMemorySegment·p0.9999","sample",1,1,11424.000000,NaN,"ns/op",1024,1,copyout,4096
"com.evolvedbinary.jnibench.jmhbench.GetFFMBenchmarkJava.getIntoMemorySegment:getIntoMemorySegment·p1.00","sample",1,1,3211264.000000,NaN,"ns/op",1024,1,copyout,4096
"com.evolvedbinary.jnibench.jmhbench.GetFFMBenchmarkJava.getIntoMemorySegment","sample",1,3439267,1340.644693,7.465699,"ns/op",1024,1,copyout,16384
"com.evolvedbinary.jnibench.jmhbench.GetFFMBenchmarkJava.getIntoMemorySegment:getIntoMemorySegment·p0.00","sample",1,1,821.000000,NaN,"ns/op",1024,1,copyout,16384
"com.evolvedbinary.jnibench.jmhbench.GetFFMBenchmarkJava.getIntoMemorySegment:getIntoMemorySegment·p0.50","sample",1,1,1218.000000,NaN,"ns/op",1024,1,copyout,16384
"com.evolvedbinary.jnibench.jmhbench.GetFFMBenchmarkJava.getIntoMemorySegment:getIntoMemorySegment·p0.90","sample",1,1,1654.000000,NaN,"ns/op",1024,1,copyout,16384
"com.evolvedbinary.jnibench.jmhbench.GetFFMBenchmarkJava.getIntoMemorySegment:getIntoMemorySegment·p0.95","sample",1,1,1702.000000,NaN,"ns/op",1024,1,copyout,16384
"com.evolvedbinary.jnibench.jmhbench.GetFFMBenchmarkJava.getIntoMemorySegment:getIntoMemorySegment·p0.99","sample",1,1,2988.000000,NaN,"ns/op",1024,1,copyout,16384
"com.evolvedbinary.jnibench.jmhbench.GetFFMBenchmarkJava.getIntoMemorySegment:getIntoMemorySegment·p0.999","sample",1,1,11968.000000,NaN,"ns/op",1024,1,copyout,16384
"com.evolvedbinary.jnibench.jmhbench.GetFFMBenchmarkJava.getIntoMemorySegment:getIntoMemorySegment·p0.9999","sample",1,1,14435.513600,NaN,"ns/op",1024,1,copyout,16384
"com.evolvedbinary.jnibench.jmhbench.GetFFMBenchmarkJava.getIntoMemorySegment:getIntoMemorySegment·p1.00","sample",1,1,4284416.000000,NaN,"ns/op",1024,1,copyout,16384
"com.evolvedbinary.jnibench.jmhbench.GetFFMBenchmarkJava.getIntoMemorySegment","sample",1,3292321,2428.943248,4.497951,"ns/op",1024,1,copyout,32768
"com.evolvedbinary.jnibench.jmhbench.GetFFMBenchmarkJava.getIntoMemorySegment:getIntoMemorySegment·p0.00","sample",1,1,2192.000000,NaN,"ns/op",1024,1,copyout,32768
"com.evolvedbinary.jnibench.jmhbench.GetFFMBenchmarkJava.getIntoMemorySegment:getIntoMemorySegment·p0.50","sample",1,1,2352.000000,NaN,"ns/op",1024,1,copyout,32768
"com.evolvedbinary.jnibench.jmhbench.GetFFMBenchmarkJava.getIntoMemorySegment:getIntoMemorySegment·p0.90","sample",1,1,2436.000000,NaN,"ns/op",1024,1,copyout,32768
"com.evolvedbinary.jnibench.jmhbench.GetFFMBenchmarkJava.getIntoMemorySegment:getIntoMemorySegment·p0.95","sample",1,1,2476.000000,NaN,"ns/op",1024,1,copyout,32768
"com.evolvedbinary.jnibench.jmhbench.GetFFMBenchmarkJava.getIntoMemorySegment:getIntoMemorySegment·p0.99","sample",1,1,4032.000000,NaN,"ns/op",1024,1,copyout,32768
"com.evolvedbinary.jnibench.jmhbench.GetFFMBenchmarkJava.getIntoMemorySegment:getIntoMemorySegment·p0.999","sample",1,1,13056.000000,NaN,"ns/op",1024,1,copyout,32768
"com.evolvedbinary.jnibench.jmhbench.GetFFMBenchmarkJava.getIntoMemorySegment:getIntoMemorySegment·p0.9999","sample",1,1,17696.000000,NaN,"ns/op",1024,1,copyout,32768
"com.evolvedbinary.jnibench.jmhbench.GetFFMBenchmarkJava.getIntoMemorySegment:getIntoMemorySegment·p1.00","sample",1,1,3059712.000000,NaN,"ns/op",1024,1,copyout,32768
"com.evolvedbinary.jnibench.jmhbench.GetFFMBenchmarkJava.getIntoMemorySegment","sample",1,3280117,4832.247755,5.438355,"ns/op",1024,1,copyout,65536
"com.evolvedbinary.jnibench.jmhbench.GetFFMBenchmarkJava.getIntoMemorySegment:getIntoMemorySegment·p0.00","sample",1,1,4416.000000,NaN,"ns/op",1024,1,copyout,65536
"com.evolvedbinary.jnibench.jmhbench.GetFFMBenchmarkJava.getIntoMemorySegment:getIntoMemorySegment·p0.50","sample",1,1,4728.000000,NaN,"ns/op",1024,1,copyout,65536
"com.evolvedbinary.jnibench.jmhbench.GetFFMBenchmarkJava.getIntoMemorySegment:getIntoMemorySegment·p0.90","sample",1,1,5008.000000,NaN,"ns/op",1024,1,copyout,65536
"com.evolvedbinary.jnibench.jmhbench.GetFFMBenchmarkJava.getIntoMemorySegment:getIntoMemorySegment·p0.95","sample",1,1,5048.000000,NaN,"ns/op",1024,1,copyout,65536
"com.evolvedbinary.jnibench.jmhbench.GetFFMBenchmarkJava.getIntoMemorySegment:getIntoMemorySegment·p0.99","sample",1,1,7376.000000,NaN,"ns/op",1024,1,copyout,65536
"com.evolvedbinary.jnibench.jmhbench.GetFFMBenchmarkJava.getIntoMemorySegment:getIntoMemorySegment·p0.999","sample",1,1,15792.000000,NaN,"ns/op",1024,1,copyout,65536
"com.evolvedbinary.jnibench.jmhbench.GetFFMBenchmarkJava.getIntoMemorySegment:getIntoMemorySegment·p0.9999","sample",1,1,24255.622400,NaN,"ns/op",1024,1,copyout,65536
"com.evolvedbinary.jnibench.jmhbench.GetFFMBenchmarkJava.getIntoMemorySegment:getIntoMemorySegment·p1.00","sample",1,1,4349952.000000,NaN,"ns/op",1024,1,copyout,65536
"com.evolvedbinary.jnibench.jmhbench.GetJNIBenchmark.getIntoByteArrayCritical","sample",1,3277455,188.716329,0.803462,"ns/op",1024,1,none,10
"com.evolvedbinary.jnibench.jmhbench.GetJNIBenchmark.getIntoByteArrayCritical:getIntoByteArrayCritical·p0.00","sample",1,1,149.000000,NaN,"ns/op",1024,1,none,10
"com.evolvedbinary.jnibench.jmhbench.GetJNIBenchmark.getIntoByteArrayCritical:getIntoByteArrayCritical·p0.50","sample",1,1,169.000000,NaN,"ns/op",1024,1,none,10
"com.evolvedbinary.jnibench.jmhbench.GetJNIBenchmark.getIntoByteArrayCritical:getIntoByteArrayCritical·p0.90","sample",1,1,184.000000,NaN,"ns/op",1024,1,none,10
"com.evolvedbinary.jnibench.jmhbench.GetJNIBenchmark.getIntoByteArrayCritical:getIntoByteArrayCritical·p0.95","sample",1,1,189.000000,NaN,"ns/op",1024,1,none,10
"com.evolvedbinary.jnibench.jmhbench.GetJNIBenchmark.getIntoByteArrayCritical:getIntoByteArrayCritical·p0.99","sample",1,1,277.000000,NaN,"ns/op",1024,1,none,10
"com.evolvedbinary.jnibench.jmhbench.GetJNIBenchmark.getIntoByteArrayCritical:getIntoByteArrayCritical·p0.999","sample",1,1,3868.000000,NaN,"ns/op",1024,1,none,10
"com.evolvedbinary.jnibench.jmhbench.GetJNIBenchmark.getIntoByteArrayCritical:getIntoByteArrayCritical·p0.9999","sample",1,1,11248.000000,NaN,"ns/op",1024,1,none,10
"com.evolvedbinary.jnibench.jmhbench.GetJNIBenchmark.getIntoByteArrayCritical:getIntoByteArrayCritical·p1.00","sample",1,1,163584.000000,NaN,"ns/op",1024,1,none,10
"com.evolvedbinary.jnibench.jmhbench.GetJNIBenchmark.getIntoByteArrayCritical","sample",1,3324351,186.401217,0.716940,"ns/op",1024,1,none,50
"com.evolvedbinary.jnibench.jmhbench.GetJNIBenchmark.getIntoByteArrayCritical:getIntoByteArrayCritical·p0.00","sample",1,1,147.000000,NaN,"ns/op",1024,1,none,50
"com.evolvedbinary.jnibench.jmhbench.GetJNIBenchmark.getIntoByteArrayCritical:getIntoByteArrayCritical·p0.50","sample",1,1,169.000000,NaN,"ns/op",1024,1,none,50
"com.evolvedbinary.jnibench.jmhbench.GetJNIBenchmark.getIntoByteArrayCritical:getIntoByteArrayCritical·p0.90","sample",1,1,182.000000,NaN,"ns/op",1024,1,none,50
"com.evolvedbinary.jnibench.jmhbench.GetJNIBenchmark.getIntoByteArrayCritical:getIntoByteArrayCritical·p0.95","sample",1,1,186.000000,NaN,"ns/op",1024,1,none,50
"com.evolvedbinary.jnibench.jmhbench.GetJNIBenchmark.getIntoByteArrayCritical:getIntoByteArrayCritical·p0.99","sample",1,1,210.000000,NaN,"ns/op",1024,1,none,50
"com.evolvedbinary.jnibench.jmhbench.GetJNIBenchmark.getIntoByteArrayCritical:getIntoByteArrayCritical·p0.999","sample",1,1,3732.000000,NaN,"ns/op",1024,1,none,50
"com.evolvedbinary.jnibench.jmhbench.GetJNIBenchmark.getIntoByteArrayCritical:getIntoByteArrayCritical·p0.9999","sample",1,1,11184.000000,NaN,"ns/op",1024,1,none,50
"com.evolvedbinary.jnibench.jmhbench.GetJNIBenchmark.getIntoByteArrayCritical:getIntoByteArrayCritical·p1.00","sample",1,1,114816.000000,NaN,"ns/op",1024,1,none,50
"com.evolvedbinary.jnibench.jmhbench.GetJNIBenchmark.getIntoByteArrayCritical","sample",1,3240004,192.258390,4.262199,"ns/op",1024,1,none,512
"com.evolvedbinary.jnibench.jmhbench.GetJNIBenchmark.getIntoByteArrayCritical:getIntoByteArrayCritical·p0.00","sample",1,1,152.000000,NaN,"ns/op",1024,1,none,512
"com.evolvedbinary.jnibench.jmhbench.GetJNIBenchmark.getIntoByteArrayCritical:getIntoByteArrayCritical·p0.50","sample",1,1,171.000000,NaN,"ns/op",1024,1,none,512
"com.evolvedbinary.jnibench.jmhbench.GetJNIBenchmark.getIntoByteArrayCritical:getIntoByteArrayCritical·p0.90","sample",1,1,186.000000,NaN,"ns/op",1024,1,none,512
"com.evolvedbinary.jnibench.jmhbench.GetJNIBenchmark.getIntoByteArrayCritical:getIntoByteArrayCritical·p0.95","sample",1,1,191.000000,NaN,"ns/op",1024,1,none,512
"com.evolvedbinary.jnibench.jmhbench.GetJNIBenchmark.getIntoByteArrayCritical:getIntoByteArrayCritical·p0.99","sample",1,1,271.000000,NaN,"ns/op",1024,1,none,512
"com.evolvedbinary.jnibench.jmhbench.GetJNIBenchmark.getIntoByteArrayCritical:getIntoByteArrayCritical·p0.999","sample",1,1,3896.000000,NaN,"ns/op",1024,1,none,512
"com.evolvedbinary.jnibench.jmhbench.GetJNIBenchmark.getIntoByteArrayCritical:getIntoByteArrayCritical·p0.9999","sample",1,1,11232.000000,NaN,"ns/op",1024,1,none,512
"com.evolvedbinary.jnibench.jmhbench.GetJNIBenchmark.getIntoByteArrayCritical:getIntoByteArrayCritical·p1.00","sample",1,1,4112384.000000,NaN,"ns/op",1024,1,none,512
"com.evolvedbinary.jnibench.jmhbench.GetJNIBenchmark.getIntoByteArrayCritical","sample",1,3209591,192.977860,4.214900,"ns/op",1024,1,none,1024
"com.evolvedbinary.jnibench.jmhbench.GetJNIBenchmark.getIntoByteArrayCritical:getIntoByteArrayCritical·p0.00","sample",1,1,153.000000,NaN,"ns/op",1024,1,none,1024
"com.evolvedbinary.jnibench.jmhbench.GetJNIBenchmark.getIntoByteArrayCritical:getIntoByteArrayCritical·p0.50","sample",1,1,173.000000,NaN,"ns/op",1024,1,none,1024
"com.evolvedbinary.jnibench.jmhbench.GetJNIBenchmark.getIntoByteArrayCritical:getIntoByteArrayCritical·p0.90","sample",1,1,183.000000,NaN,"ns/op",1024,1,none,1024
"com.evolvedbinary.jnibench.jmhbench.GetJNIBenchmark.getIntoByteArrayCritical:getIntoByteArrayCritical·p0.95","sample",1,1,189.000000,NaN,"ns/op",1024,1,none,1024
"com.evolvedbinary.jnibench.jmhbench.GetJNIBenchmark.getIntoByteArrayCritical:getIntoByteArrayCritical·p0.99","sample",1,1,260.000000,NaN,"ns/op",1024,1,none,1024
"com.evolvedbinary.jnibench.jmhbench.GetJNIBenchmark.getIntoByteArrayCritical:getIntoByteArrayCritical·p0.999","sample",1,1,3828.000000,NaN,"ns/op",1024,1,none,1024
"com.evolvedbinary.jnibench.jmhbench.GetJNIBenchmark.getIntoByteArrayCritical:getIntoByteArrayCritical·p0.9999","sample",1,1,11232.000000,NaN,"ns/op",1024,1,none,1024
"com.evolvedbinary.jnibench.jmhbench.GetJNIBenchmark.getIntoByteArrayCritical:getIntoByteArrayCritical·p1.00","sample",1,1,4034560.000000,NaN,"ns/op",1024,1,none,1024
"com.evolvedbinary.jnibench.jmhbench.GetJNIBenchmark.getIntoByteArrayCritical","sample",1,3286243,234.648229,0.824624,"ns/op",1024,1,none,4096
"com.evolvedbinary.jnibench.jmhbench.GetJNIBenchmark.getIntoByteArrayCritical:getIntoByteArrayCritical·p0.00","sample",1,1,182.000000,NaN,"ns/op",1024,1,none,4096
"com.evolvedbinary.jnibench.jmhbench.GetJNIBenchmark.getIntoByteArrayCritical:getIntoByteArrayCritical·p0.50","sample",1,1,210.000000,NaN,"ns/op",1024,1,none,4096
"com.evolvedbinary.jnibench.jmhbench.GetJNIBenchmark.getIntoByteArrayCritical:getIntoByteArrayCritical·p0.90","sample",1,1,231.000000,NaN,"ns/op",1024,1,none,4096
"com.evolvedbinary.jnibench.jmhbench.GetJNIBenchmark.getIntoByteArrayCritical:getIntoByteArrayCritical·p0.95","sample",1,1,239.000000,NaN,"ns/op",1024,1,none,4096
"com.evolvedbinary.jnibench.jmhbench.GetJNIBenchmark.getIntoByteArrayCritical:getIntoByteArrayCritical·p0.99","sample",1,1,396.000000,NaN,"ns/op",1024,1,none,4096
"com.evolvedbinary.jnibench.jmhbench.GetJNIBenchmark.getIntoByteArrayCritical:getIntoByteArrayCritical·p0.999","sample",1,1,4102.048000,NaN,"ns/op",1024,1,none,4096
"com.evolvedbinary.jnibench.jmhbench.GetJNIBenchmark.getIntoByteArrayCritical:getIntoByteArrayCritical·p0.9999","sample",1,1,11312.000000,NaN,"ns/op",1024,1,none,4096
"com.evolvedbinary.jnibench.jmhbench.GetJNIBenchmark.getIntoByteArrayCritical:getIntoByteArrayCritical·p1.00","sample",1,1,181248.000000,NaN,"ns/op",1024,1,none,4096
"com.evolvedbinary.jnibench.jmhbench.GetJNIBenchmark.getIntoByteArrayCritical","sample",1,3340686,637.256889,3.512922,"ns/op",1024,1,none,16384
"com.evolvedbinary.jnibench.jmhbench.GetJNIBenchmark.getIntoByteArrayCritical:getIntoByteArrayCritical·p0.00","sample",1,1,466.000000,NaN,"ns/op",1024,1,none,16384
"com.evolvedbinary.jnibench.jmhbench.GetJNIBenchmark.getIntoByteArrayCritical:getIntoByteArrayCritical·p0.50","sample",1,1,600.000000,NaN,"ns/op",1024,1,none,16384
"com.evolvedbinary.jnibench.jmhbench.GetJNIBenchmark.getIntoByteArrayCritical:getIntoByteArrayCritical·p0.90","sample",1,1,642.000000,NaN,"ns/op",1024,1,none,16384
"com.evolvedbinary.jnibench.jmhbench.GetJNIBenchmark.getIntoByteArrayCritical:getIntoByteArrayCritical·p0.95","sample",1,1,656.000000,NaN,"ns/op",1024,1,none,16384
"com.evolvedbinary.jnibench.jmhbench.GetJNIBenchmark.getIntoByteArrayCritical:getIntoByteArrayCritical·p0.99","sample",1,1,1856.000000,NaN,"ns/op",1024,1,none,16384
"com.evolvedbinary.jnibench.jmhbench.GetJNIBenchmark.getIntoByteArrayCritical:getIntoByteArrayCritical·p0.999","sample",1,1,10629.008000,NaN,"ns/op",1024,1,none,16384
"com.evolvedbinary.jnibench.jmhbench.GetJNIBenchmark.getIntoByteArrayCritical:getIntoByteArrayCritical·p0.9999","sample",1,1,11840.000000,NaN,"ns/op",1024,1,none,16384
"com.evolvedbinary.jnibench.jmhbench.GetJNIBenchmark.getIntoByteArrayCritical:getIntoByteArrayCritical·p1.00","sample",1,1,2932736.000000,NaN,"ns/op",1024,1,none,16384
"com.evolvedbinary.jnibench.jmhbench.GetJNIBenchmark.getIntoByteArrayCritical","sample",1,3061011,1332.607963,1.983705,"ns/op",1024,1,none,32768
"com.evolvedbinary.jnibench.jmhbench.GetJNIBenchmark.getIntoByteArrayCritical:getIntoByteArrayCritical·p0.00","sample",1,1,1142.000000,NaN,"ns/op",1024,1,none,32768
"com.evolvedbinary.jnibench.jmhbench.GetJNIBenchmark.getIntoByteArrayCritical:getIntoByteArrayCritical·p0.50","sample",1,1,1280.000000,NaN,"ns/op",1024,1,none,32768
"com.evolvedbinary.jnibench.jmhbench.GetJNIBenchmark.getIntoByteArrayCritical:getIntoByteArrayCritical·p0.90","sample",1,1,1322.000000,NaN,"ns/op",1024,1,none,32768
"com.evolvedbinary.jnibench.jmhbench.GetJNIBenchmark.getIntoByteArrayCritical:getIntoByteArrayCritical·p0.95","sample",1,1,1352.000000,NaN,"ns/op",1024,1,none,32768
"com.evolvedbinary.jnibench.jmhbench.GetJNIBenchmark.getIntoByteArrayCritical:getIntoByteArrayCritical·p0.99","sample",1,1,2740.000000,NaN,"ns/op",1024,1,none,32768
"com.evolvedbinary.jnibench.jmhbench.GetJNIBenchmark.getIntoByteArrayCritical:getIntoByteArrayCritical·p0.999","sample",1,1,11776.000000,NaN,"ns/op",1024,1,none,32768
"com.evolvedbinary.jnibench.jmhbench.GetJNIBenchmark.getIntoByteArrayCritical:getIntoByteArrayCritical·p0.9999","sample",1,1,13088.000000,NaN,"ns/op",1024,1,none,32768
"com.evolvedbinary.jnibench.jmhbench.GetJNIBenchmark.getIntoByteArrayCritical:getIntoByteArrayCritical·p1.00","sample",1,1,1114112.000000,NaN,"ns/op",1024,1,none,32768
"com.evolvedbinary.jnibench.jmhbench.GetJNIBenchmark.getIntoByteArrayCritical","sample",1,3271125,2453.120509,2.050829,"ns/op",1024,1,none,65536
"com.evolvedbinary.jnibench.jmhbench.GetJNIBenchmark.getIntoByteArrayCritical:getIntoByteArrayCritical·p0.00","sample",1,1,2244.000000,NaN,"ns/op",1024,1,none,65536
"com.evolvedbinary.jnibench.jmhbench.GetJNIBenchmark.getIntoByteArrayCritical:getIntoByteArrayCritical·p0.50","sample",1,1,2380.000000,NaN,"ns/op",1024,1,none,65536
"com.evolvedbinary.jnibench.jmhbench.GetJNIBenchmark.getIntoByteArrayCritical:getIntoByteArrayCritical·p0.90","sample",1,1,2472.000000,NaN,"ns/op",1024,1,none,65536
"com.evolvedbinary.jnibench.jmhbench.GetJNIBenchmark.getIntoByteArrayCritical:getIntoByteArrayCritical·p0.95","sample",1,1,2520.000000,NaN,"ns/op",1024,1,none,65536
"com.evolvedbinary.jnibench.jmhbench.GetJNIBenchmark.getIntoByteArrayCritical:getIntoByteArrayCritical·p0.99","sample",1,1,4072.000000,NaN,"ns/op",1024,1,none,65536
"com.evolvedbinary.jnibench.jmhbench.GetJNIBenchmark.getIntoByteArrayCritical:getIntoByteArrayCritical·p0.999","sample",1,1,13200.000000,NaN,"ns/op",1024,1,none,65536
"com.evolvedbinary.jnibench.jmhbench.GetJNIBenchmark.getIntoByteArrayCritical:getIntoByteArrayCritical·p0.9999","sample",1,1,16668.396800,NaN,"ns/op",1024,1,none,65536
"com.evolvedbinary.jnibench.jmhbench.GetJNIBenchmark.getIntoByteArrayCritical:getIntoByteArrayCritical·p1.00","sample",1,1,1020928.000000,NaN,"ns/op",1024,1,none,65536
"com.evolvedbinary.jnibench.jmhbench.GetJNIBenchmark.getIntoByteArrayCritical","sample",1,2893016,214.278157,0.895149,"ns/op",1024,1,copyout,10
"com.evolvedbinary.jnibench.jmhbench.GetJNIBenchmark.getIntoByteArrayCritical:getIntoByteArrayCritical·p0.00","sample",1,1,165.000000,NaN,"ns/op",1024,1,copyout,10
"com.evolvedbinary.jnibench.jmhbench.GetJNIBenchmark.getIntoByteArrayCritical:getIntoByteArrayCritical·p0.50","sample",1,1,190.000000,NaN,"ns/op",1024,1,copyout,10
"com.evolvedbinary.jnibench.jmhbench.GetJNIBenchmark.getIntoByteArrayCritical:getIntoByteArrayCritical·p0.90","sample",1,1,210.000000,NaN,"ns/op",1024,1,copyout,10
"com.evolvedbinary.jnibench.jmhbench.GetJNIBenchmark.getIntoByteArrayCritical:getIntoByteArrayCritical·p0.95","sample",1,1,217.000000,NaN,"ns/op",1024,1,copyout,10
"com.evolvedbinary.jnibench.jmhbench.GetJNIBenchmark.getIntoByteArrayCritical:getIntoByteArrayCritical·p0.99","sample",1,1,344.000000,NaN,"ns/op",1024,1,copyout,10
"com.evolvedbinary.jnibench.jmhbench.GetJNIBenchmark.getIntoByteArrayCritical:getIntoByteArrayCritical·p0.999","sample",1,1,4535.864000,NaN,"ns/op",1024,1,copyout,10
"com.evolvedbinary.jnibench.jmhbench.GetJNIBenchmark.getIntoByteArrayCritical:getIntoByteArrayCritical·p0.9999","sample",1,1,11312.000000,NaN,"ns/op",1024,1,copyout,10
"com.evolvedbinary.jnibench.jmhbench.GetJNIBenchmark.getIntoByteArrayCritical:getIntoByteArrayCritical·p1.00","sample",1,1,178944.000000,NaN,"ns/op",1024,1,copyout,10
"com.evolvedbinary.jnibench.jmhbench.GetJNIBenchmark.getIntoByteArrayCritical","sample",1,2923676,209.753588,0.920417,"ns/op",1024,1,copyout,50
"com.evolvedbinary.jnibench.jmhbench.GetJNIBenchmark.getIntoByteArrayCritical:getIntoByteArrayCritical·p0.00","sample",1,1,166.000000,NaN,"ns/op",1024,1,copyout,50
"com.evolvedbinary.jnibench.jmhbench.GetJNIBenchmark.getIntoByteArrayCritical:getIntoByteArrayCritical·p0.50","sample",1,1,188.000000,NaN,"ns/op",1024,1,copyout,50
"com.evolvedbinary.jnibench.jmhbench.GetJNIBenchmark.getIntoByteArrayCritical:getIntoByteArrayCritical·p0.90","sample",1,1,202.000000,NaN,"ns/op",1024,1,copyout,50
"com.evolvedbinary.jnibench.jmhbench.GetJNIBenchmark.getIntoByteArrayCritical:getIntoByteArrayCritical·p0.95","sample",1,1,207.000000,NaN,"ns/op",1024,1,copyout,50
"com.evolvedbinary.jnibench.jmhbench.GetJNIBenchmark.getIntoByteArrayCritical:getIntoByteArrayCritical·p0.99","sample",1,1,309.000000,NaN,"ns/op",1024,1,copyout,50
"com.evolvedbinary.jnibench.jmhbench.GetJNIBenchmark.getIntoByteArrayCritical:getIntoByteArrayCritical·p0.999","sample",1,1,4640.000000,NaN,"ns/op",1024,1,copyout,50
"com.evolvedbinary.jnibench.jmhbench.GetJNIBenchmark.getIntoByteArrayCritical:getIntoByteArrayCritical·p0.9999","sample",1,1,11344.000000,NaN,"ns/op",1024,1,copyout,50
"com.evolvedbinary.jnibench.jmhbench.GetJNIBenchmark.getIntoByteArrayCritical:getIntoByteArrayCritical·p1.00","sample",1,1,204032.000000,NaN,"ns/op",1024,1,copyout,50
"com.evolvedbinary.jnibench.jmhbench.GetJNIBenchmark.getIntoByteArrayCritical","sample",1,2879200,220.226301,0.914353,"ns/op",1024,1,copyout,512
"com.evolvedbinary.jnibench.jmhbench.GetJNIBenchmark.getIntoByteArrayCritical:getIntoByteArrayCritical·p0.00","sample",1,1,173.000000,NaN,"ns/op",1024,1,copyout,512
"com.evolvedbinary.jnibench.jmhbench.GetJNIBenchmark.getIntoByteArrayCritical:getIntoByteArrayCritical·p0.50","sample",1,1,196.000000,NaN,"ns/op",1024,1,copyout,512
"com.evolvedbinary.jnibench.jmhbench.GetJNIBenchmark.getIntoByteArrayCritical:getIntoByteArrayCritical·p0.90","sample",1,1,212.000000,NaN,"ns/op",1024,1,copyout,512
"com.evolvedbinary.jnibench.jmhbench.GetJNIBenchmark.getIntoByteArrayCritical:getIntoByteArrayCritical·p0.95","sample",1,1,222.000000,NaN,"ns/op",1024,1,copyout,512
"com.evolvedbinary.jnibench.jmhbench.GetJNIBenchmark.getIntoByteArrayCritical:getIntoByteArrayCritical·p0.99","sample",1,1,343.000000,NaN,"ns/op",1024,1,copyout,512
"com.evolvedbinary.jnibench.jmhbench.GetJNIBenchmark.getIntoByteArrayCritical:getIntoByteArrayCritical·p0.999","sample",1,1,6774.392000,NaN,"ns/op",1024,1,copyout,512
"com.evolvedbinary.jnibench.jmhbench.GetJNIBenchmark.getIntoByteArrayCritical:getIntoByteArrayCritical·p0.9999","sample",1,1,11344.000000,NaN,"ns/op",1024,1,copyout,512
"com.evolvedbinary.jnibench.jmhbench.GetJNIBenchmark.getIntoByteArrayCritical:getIntoByteArrayCritical·p1.00","sample",1,1,180480.000000,NaN,"ns/op",1024,1,copyout,512
"com.evolvedbinary.jnibench.jmhbench.GetJNIBenchmark.getIntoByteArrayCritical","sample",1,2979089,227.126575,0.870907,"ns/op",1024,1,copyout,1024
"com.evolvedbinary.jnibench.jmhbench.GetJNIBenchmark.getIntoByteArrayCritical:getIntoByteArrayCritical·p0.00","sample",1,1,181.000000,NaN,"ns/op",1024,1,copyout,1024
"com.evolvedbinary.jnibench.jmhbench.GetJNIBenchmark.getIntoByteArrayCritical:getIntoByteArrayCritical·p0.50","sample",1,1,204.000000,NaN,"ns/op",1024,1,copyout,1024
"com.evolvedbinary.jnibench.jmhbench.GetJNIBenchmark.getIntoByteArrayCritical:getIntoByteArrayCritical·p0.90","sample",1,1,218.000000,NaN,"ns/op",1024,1,copyout,1024
"com.evolvedbinary.jnibench.jmhbench.GetJNIBenchmark.getIntoByteArrayCritical:getIntoByteArrayCritical·p0.95","sample",1,1,225.000000,NaN,"ns/op",1024,1,copyout,1024
"com.evolvedbinary.jnibench.jmhbench.GetJNIBenchmark.getIntoByteArrayCritical:getIntoByteArrayCritical·p0.99","sample",1,1,339.000000,NaN,"ns/op",1024,1,copyout,1024
"com.evolvedbinary.jnibench.jmhbench.GetJNIBenchmark.getIntoByteArrayCritical:getIntoByteArrayCritical·p0.999","sample",1,1,4199.280000,NaN,"ns/op",1024,1,copyout,1024
"com.evolvedbinary.jnibench.jmhbench.GetJNIBenchmark.getIntoByteArrayCritical:getIntoByteArrayCritical·p0.9999","sample",1,1,11296.000000,NaN,"ns/op",1024,1,copyout,1024
"com.evolvedbinary.jnibench.jmhbench.GetJNIBenchmark.getIntoByteArrayCritical:getIntoByteArrayCritical·p1.00","sample",1,1,157696.000000,NaN,"ns/op",1024,1,copyout,1024
"com.evolvedbinary.jnibench.jmhbench.GetJNIBenchmark.getIntoByteArrayCritical","sample",1,3510164,330.277942,3.783315,"ns/op",1024,1,copyout,4096
"com.evolvedbinary.jnibench.jmhbench.GetJNIBenchmark.getIntoByteArrayCritical:getIntoByteArrayCritical·p0.00","sample",1,1,244.000000,NaN,"ns/op",1024,1,copyout,4096
"com.evolvedbinary.jnibench.jmhbench.GetJNIBenchmark.getIntoByteArrayCritical:getIntoByteArrayCritical·p0.50","sample",1,1,300.000000,NaN,"ns/op",1024,1,copyout,4096
"com.evolvedbinary.jnibench.jmhbench.GetJNIBenchmark.getIntoByteArrayCritical:getIntoByteArrayCritical·p0.90","sample",1,1,324.000000,NaN,"ns/op",1024,1,copyout,4096
"com.evolvedbinary.jnibench.jmhbench.GetJNIBenchmark.getIntoByteArrayCritical:getIntoByteArrayCritical·p0.95","sample",1,1,339.000000,NaN,"ns/op",1024,1,copyout,4096
"com.evolvedbinary.jnibench.jmhbench.GetJNIBenchmark.getIntoByteArrayCritical:getIntoByteArrayCritical·p0.99","sample",1,1,509.000000,NaN,"ns/op",1024,1,copyout,4096
"com.evolvedbinary.jnibench.jmhbench.GetJNIBenchmark.getIntoByteArrayCritical:getIntoByteArrayCritical·p0.999","sample",1,1,7605.360000,NaN,"ns/op",1024,1,copyout,4096
"com.evolvedbinary.jnibench.jmhbench.GetJNIBenchmark.getIntoByteArrayCritical:getIntoByteArrayCritical·p0.9999","sample",1,1,11488.000000,NaN,"ns/op",1024,1,copyout,4096
"com.evolvedbinary.jnibench.jmhbench.GetJNIBenchmark.getIntoByteArrayCritical:getIntoByteArrayCritical·p1.00","sample",1,1,3403776.000000,NaN,"ns/op",1024,1,copyout,4096
"com.evolvedbinary.jnibench.jmhbench.GetJNIBenchmark.getIntoByteArrayCritical","sample",1,3173962,1441.983045,5.927469,"ns/op",1024,1,copyout,16384
"com.evolvedbinary.jnibench.jmhbench.GetJNIBenchmark.getIntoByteArrayCritical:getIntoByteArrayCritical·p0.00","sample",1,1,1036.000000,NaN,"ns/op",1024,1,copyout,16384
"com.evolvedbinary.jnibench.jmhbench.GetJNIBenchmark.getIntoByteArrayCritical:getIntoByteArrayCritical·p0.50","sample",1,1,1348.000000,NaN,"ns/op",1024,1,copyout,16384
"com.evolvedbinary.jnibench.jmhbench.GetJNIBenchmark.getIntoByteArrayCritical:getIntoByteArrayCritical·p0.90","sample",1,1,1686.000000,NaN,"ns/op",1024,1,copyout,16384
"com.evolvedbinary.jnibench.jmhbench.GetJNIBenchmark.getIntoByteArrayCritical:getIntoByteArrayCritical·p0.95","sample",1,1,1724.000000,NaN,"ns/op",1024,1,copyout,16384
"com.evolvedbinary.jnibench.jmhbench.GetJNIBenchmark.getIntoByteArrayCritical:getIntoByteArrayCritical·p0.99","sample",1,1,3028.000000,NaN,"ns/op",1024,1,copyout,16384
"com.evolvedbinary.jnibench.jmhbench.GetJNIBenchmark.getIntoByteArrayCritical:getIntoByteArrayCritical·p0.999","sample",1,1,12080.000000,NaN,"ns/op",1024,1,copyout,16384
"com.evolvedbinary.jnibench.jmhbench.GetJNIBenchmark.getIntoByteArrayCritical:getIntoByteArrayCritical·p0.9999","sample",1,1,15737.659200,NaN,"ns/op",1024,1,copyout,16384
"com.evolvedbinary.jnibench.jmhbench.GetJNIBenchmark.getIntoByteArrayCritical:getIntoByteArrayCritical·p1.00","sample",1,1,4141056.000000,NaN,"ns/op",1024,1,copyout,16384
"com.evolvedbinary.jnibench.jmhbench.GetJNIBenchmark.getIntoByteArrayCritical","sample",1,3127570,2564.172093,2.909398,"ns/op",1024,1,copyout,32768
"com.evolvedbinary.jnibench.jmhbench.GetJNIBenchmark.getIntoByteArrayCritical:getIntoByteArrayCritical·p0.00","sample",1,1,2296.000000,NaN,"ns/op",1024,1,copyout,32768
"com.evolvedbinary.jnibench.jmhbench.GetJNIBenchmark.getIntoByteArrayCritical:getIntoByteArrayCritical·p0.50","sample",1,1,2464.000000,NaN,"ns/op",1024,1,copyout,32768
"com.evolvedbinary.jnibench.jmhbench.GetJNIBenchmark.getIntoByteArrayCritical:getIntoByteArrayCritical·p0.90","sample",1,1,2596.000000,NaN,"ns/op",1024,1,copyout,32768
"com.evolvedbinary.jnibench.jmhbench.GetJNIBenchmark.getIntoByteArrayCritical:getIntoByteArrayCritical·p0.95","sample",1,1,2840.000000,NaN,"ns/op",1024,1,copyout,32768
"com.evolvedbinary.jnibench.jmhbench.GetJNIBenchmark.getIntoByteArrayCritical:getIntoByteArrayCritical·p0.99","sample",1,1,4504.000000,NaN,"ns/op",1024,1,copyout,32768
"com.evolvedbinary.jnibench.jmhbench.GetJNIBenchmark.getIntoByteArrayCritical:getIntoByteArrayCritical·p0.999","sample",1,1,13360.000000,NaN,"ns/op",1024,1,copyout,32768
"com.evolvedbinary.jnibench.jmhbench.GetJNIBenchmark.getIntoByteArrayCritical:getIntoByteArrayCritical·p0.9999","sample",1,1,19047.772800,NaN,"ns/op",1024,1,copyout,32768
"com.evolvedbinary.jnibench.jmhbench.GetJNIBenchmark.getIntoByteArrayCritical:getIntoByteArrayCritical·p1.00","sample",1,1,1038336.000000,NaN,"ns/op",1024,1,copyout,32768
"com.evolvedbinary.jnibench.jmhbench.GetJNIBenchmark.getIntoByteArrayCritical","sample",1,3063667,5183.334505,6.429627,"ns/op",1024,1,copyout,65536
"com.evolvedbinary.jnibench.jmhbench.GetJNIBenchmark.getIntoByteArrayCritical:getIntoByteArrayCritical·p0.00","sample",1,1,4696.000000,NaN,"ns/op",1024,1,copyout,65536
"com.evolvedbinary.jnibench.jmhbench.GetJNIBenchmark.getIntoByteArrayCritical:getIntoByteArrayCritical·p0.50","sample",1,1,4992.000000,NaN,"ns/op",1024,1,copyout,65536
"com.evolvedbinary.jnibench.jmhbench.GetJNIBenchmark.getIntoByteArrayCritical:getIntoByteArrayCritical·p0.90","sample",1,1,5560.000000,NaN,"ns/op",1024,1,copyout,65536
"com.evolvedbinary.jnibench.jmhbench.GetJNIBenchmark.getIntoByteArrayCritical:getIntoByteArrayCritical·p0.95","sample",1,1,5664.000000,NaN,"ns/op",1024,1,copyout,65536
"com.evolvedbinary.jnibench.jmhbench.GetJNIBenchmark.getIntoByteArrayCritical:getIntoByteArrayCritical·p0.99","sample",1,1,7960.000000,NaN,"ns/op",1024,1,copyout,65536
"com.evolvedbinary.jnibench.jmhbench.GetJNIBenchmark.getIntoByteArrayCritical:getIntoByteArrayCritical·p0.999","sample",1,1,16608.000000,NaN,"ns/op",1024,1,copyout,65536
"com.evolvedbinary.jnibench.jmhbench.GetJNIBenchmark.getIntoByteArrayCritical:getIntoByteArrayCritical·p0.9999","sample",1,1,26784.000000,NaN,"ns/op",1024,1,copyout,65536
"com.evolvedbinary.jnibench.jmhbench.GetJNIBenchmark.getIntoByteArrayCritical:getIntoByteArrayCritical·p1.00","sample",1,1,5087232.000000,NaN,"ns/op",1024,1,copyout,65536
"com.evolvedbinary.jnibench.jmhbench.GetJNIBenchmark.getIntoByteArrayGetElements","sample",1,2978690,206.925640,1.385984,"ns/op",1024,1,none,10
"com.evolvedbinary.jnibench.jmhbench.GetJNIBenchmark.getIntoByteArrayGetElements:getIntoByteArrayGetElements·p0.00","sample",1,1,162.000000,NaN,"ns/op",1024,1,none,10
"com.evolvedbinary.jnibench.jmhbench.GetJNIBenchmark.getIntoByteArrayGetElements:getIntoByteArrayGetElements·p0.50","sample",1,1,183.000000,NaN,"ns/op",1024,1,none,10
"com.evolvedbinary.jnibench.jmhbench.GetJNIBenchmark.getIntoByteArrayGetElements:getIntoByteArrayGetElements·p0.90","sample",1,1,197.000000,NaN,"ns/op",1024,1,none,10
"com.evolvedbinary.jnibench.jmhbench.GetJNIBenchmark.getIntoByteArrayGetElements:getIntoByteArrayGetElements·p0.95","sample",1,1,202.000000,NaN,"ns/op",1024,1,none,10
"com.evolvedbinary.jnibench.jmhbench.GetJNIBenchmark.getIntoByteArrayGetElements:getIntoByteArrayGetElements·p0.99","sample",1,1,374.000000,NaN,"ns/op",1024,1,none,10
"com.evolvedbinary.jnibench.jmhbench.GetJNIBenchmark.getIntoByteArrayGetElements:getIntoByteArrayGetElements·p0.999","sample",1,1,5090.472000,NaN,"ns/op",1024,1,none,10
"com.evolvedbinary.jnibench.jmhbench.GetJNIBenchmark.getIntoByteArrayGetElements:getIntoByteArrayGetElements·p0.9999","sample",1,1,11328.000000,NaN,"ns/op",1024,1,none,10
"com.evolvedbinary.jnibench.jmhbench.GetJNIBenchmark.getIntoByteArrayGetElements:getIntoByteArrayGetElements·p1.00","sample",1,1,964608.000000,NaN,"ns/op",1024,1,none,10
"com.evolvedbinary.jnibench.jmhbench.GetJNIBenchmark.getIntoByteArrayGetElements","sample",1,2987479,206.499205,0.847060,"ns/op",1024,1,none,50
"com.evolvedbinary.jnibench.jmhbench.GetJNIBenchmark.getIntoByteArrayGetElements:getIntoByteArrayGetElements·p0.00","sample",1,1,161.000000,NaN,"ns/op",1024,1,none,50
"com.evolvedbinary.jnibench.jmhbench.GetJNIBenchmark.getIntoByteArrayGetElements:getIntoByteArrayGetElements·p0.50","sample",1,1,183.000000,NaN,"ns/op",1024,1,none,50
"com.evolvedbinary.jnibench.jmhbench.GetJNIBenchmark.getIntoByteArrayGetElements:getIntoByteArrayGetElements·p0.90","sample",1,1,200.000000,NaN,"ns/op",1024,1,none,50
"com.evolvedbinary.jnibench.jmhbench.GetJNIBenchmark.getIntoByteArrayGetElements:getIntoByteArrayGetElements·p0.95","sample",1,1,204.000000,NaN,"ns/op",1024,1,none,50
"com.evolvedbinary.jnibench.jmhbench.GetJNIBenchmark.getIntoByteArrayGetElements:getIntoByteArrayGetElements·p0.99","sample",1,1,360.000000,NaN,"ns/op",1024,1,none,50
"com.evolvedbinary.jnibench.jmhbench.GetJNIBenchmark.getIntoByteArrayGetElements:getIntoByteArrayGetElements·p0.999","sample",1,1,4304.000000,NaN,"ns/op",1024,1,none,50
"com.evolvedbinary.jnibench.jmhbench.GetJNIBenchmark.getIntoByteArrayGetElements:getIntoByteArrayGetElements·p0.9999","sample",1,1,11280.000000,NaN,"ns/op",1024,1,none,50
"com.evolvedbinary.jnibench.jmhbench.GetJNIBenchmark.getIntoByteArrayGetElements:getIntoByteArrayGetElements·p1.00","sample",1,1,171264.000000,NaN,"ns/op",1024,1,none,50
"com.evolvedbinary.jnibench.jmhbench.GetJNIBenchmark.getIntoByteArrayGetElements","sample",1,2857341,213.961780,0.944349,"ns/op",1024,1,none,512
"com.evolvedbinary.jnibench.jmhbench.GetJNIBenchmark.getIntoByteArrayGetElements:getIntoByteArrayGetElements·p0.00","sample",1,1,169.000000,NaN,"ns/op",1024,1,none,512
"com.evolvedbinary.jnibench.jmhbench.GetJNIBenchmark.getIntoByteArrayGetElements:getIntoByteArrayGetElements·p0.50","sample",1,1,189.000000,NaN,"ns/op",1024,1,none,512
"com.evolvedbinary.jnibench.jmhbench.GetJNIBenchmark.getIntoByteArrayGetElements:getIntoByteArrayGetElements·p0.90","sample",1,1,205.000000,NaN,"ns/op",1024,1,none,512
"com.evolvedbinary.jnibench.jmhbench.GetJNIBenchmark.getIntoByteArrayGetElements:getIntoByteArrayGetElements·p0.95","sample",1,1,211.000000,NaN,"ns/op",1024,1,none,512
"com.evolvedbinary.jnibench.jmhbench.GetJNIBenchmark.getIntoByteArrayGetElements:getIntoByteArrayGetElements·p0.99","sample",1,1,354.000000,NaN,"ns/op",1024,1,none,512
"com.evolvedbinary.jnibench.jmhbench.GetJNIBenchmark.getIntoByteArrayGetElements:getIntoByteArrayGetElements·p0.999","sample",1,1,5424.000000,NaN,"ns/op",1024,1,none,512
"com.evolvedbinary.jnibench.jmhbench.GetJNIBenchmark.getIntoByteArrayGetElements:getIntoByteArrayGetElements·p0.9999","sample",1,1,11344.000000,NaN,"ns/op",1024,1,none,512
"com.evolvedbinary.jnibench.jmhbench.GetJNIBenchmark.getIntoByteArrayGetElements:getIntoByteArrayGetElements·p1.00","sample",1,1,148480.000000,NaN,"ns/op",1024,1,none,512
"com.evolvedbinary.jnibench.jmhbench.GetJNIBenchmark.getIntoByteArrayGetElements","sample",1,2776443,219.584885,1.589018,"ns/op",1024,1,none,1024
"com.evolvedbinary.jnibench.jmhbench.GetJNIBenchmark.getIntoByteArrayGetElements:getIntoByteArrayGetElements·p0.00","sample",1,1,174.000000,NaN,"ns/op",1024,1,none,1024
"com.evolvedbinary.jnibench.jmhbench.GetJNIBenchmark.getIntoByteArrayGetElements:getIntoByteArrayGetElements·p0.50","sample",1,1,197.000000,NaN,"ns/op",1024,1,none,1024
"com.evolvedbinary.jnibench.jmhbench.GetJNIBenchmark.getIntoByteArrayGetElements:getIntoByteArrayGetElements·p0.90","sample",1,1,210.000000,NaN,"ns/op",1024,1,none,1024
"com.evolvedbinary.jnibench.jmhbench.GetJNIBenchmark.getIntoByteArrayGetElements:getIntoByteArrayGetElements·p0.95","sample",1,1,215.000000,NaN,"ns/op",1024,1,none,1024
"com.evolvedbinary.jnibench.jmhbench.GetJNIBenchmark.getIntoByteArrayGetElements:getIntoByteArrayGetElements·p0.99","sample",1,1,362.000000,NaN,"ns/op",1024,1,none,1024
"com.evolvedbinary.jnibench.jmhbench.GetJNIBenchmark.getIntoByteArrayGetElements:getIntoByteArrayGetElements·p0.999","sample",1,1,4416.000000,NaN,"ns/op",1024,1,none,1024
"com.evolvedbinary.jnibench.jmhbench.GetJNIBenchmark.getIntoByteArrayGetElements:getIntoByteArrayGetElements·p0.9999","sample",1,1,11344.000000,NaN,"ns/op",1024,1,none,1024
"com.evolvedbinary.jnibench.jmhbench.GetJNIBenchmark.getIntoByteArrayGetElements:getIntoByteArrayGetElements·p1.00","sample",1,1,1110016.000000,NaN,"ns/op",1024,1,none,1024
"com.evolvedbinary.jnibench.jmhbench.GetJNIBenchmark.getIntoByteArrayGetElements","sample",1,3259506,347.977697,3.447458,"ns/op",1024,1,none,4096
"com.evolvedbinary.jnibench.jmhbench.GetJNIBenchmark.getIntoByteArrayGetElements:getIntoByteArrayGetElements·p0.00","sample",1,1,262.000000,NaN,"ns/op",1024,1,none,4096
"com.evolvedbinary.jnibench.jmhbench.GetJNIBenchmark.getIntoByteArrayGetElements:getIntoByteArrayGetElements·p0.50","sample",1,1,321.000000,NaN,"ns/op",1024,1,none,4096
"com.evolvedbinary.jnibench.jmhbench.GetJNIBenchmark.getIntoByteArrayGetElements:getIntoByteArrayGetElements·p0.90","sample",1,1,348.000000,NaN,"ns/op",1024,1,none,4096
"com.evolvedbinary.jnibench.jmhbench.GetJNIBenchmark.getIntoByteArrayGetElements:getIntoByteArrayGetElements·p0.95","sample",1,1,357.000000,NaN,"ns/op",1024,1,none,4096
"com.evolvedbinary.jnibench.jmhbench.GetJNIBenchmark.getIntoByteArrayGetElements:getIntoByteArrayGetElements·p0.99","sample",1,1,611.000000,NaN,"ns/op",1024,1,none,4096
"com.evolvedbinary.jnibench.jmhbench.GetJNIBenchmark.getIntoByteArrayGetElements:getIntoByteArrayGetElements·p0.999","sample",1,1,7859.944000,NaN,"ns/op",1024,1,none,4096
"com.evolvedbinary.jnibench.jmhbench.GetJNIBenchmark.getIntoByteArrayGetElements:getIntoByteArrayGetElements·p0.9999","sample",1,1,11504.000000,NaN,"ns/op",1024,1,none,4096
"com.evolvedbinary.jnibench.jmhbench.GetJNIBenchmark.getIntoByteArrayGetElements:getIntoByteArrayGetElements·p1.00","sample",1,1,3309568.000000,NaN,"ns/op",1024,1,none,4096
"com.evolvedbinary.jnibench.jmhbench.GetJNIBenchmark.getIntoByteArrayGetElements","sample",1,3660400,1111.240628,1.605596,"ns/op",1024,1,none,16384
"com.evolvedbinary.jnibench.jmhbench.GetJNIBenchmark.getIntoByteArrayGetElements:getIntoByteArrayGetElements·p0.00","sample",1,1,923.000000,NaN,"ns/op",1024,1,none,16384
"com.evolvedbinary.jnibench.jmhbench.GetJNIBenchmark.getIntoByteArrayGetElements:getIntoByteArrayGetElements·p0.50","sample",1,1,1064.000000,NaN,"ns/op",1024,1,none,16384
"com.evolvedbinary.jnibench.jmhbench.GetJNIBenchmark.getIntoByteArrayGetElements:getIntoByteArrayGetElements·p0.90","sample",1,1,1160.000000,NaN,"ns/op",1024,1,none,16384
"com.evolvedbinary.jnibench.jmhbench.GetJNIBenchmark.getIntoByteArrayGetElements:getIntoByteArrayGetElements·p0.95","sample",1,1,1182.000000,NaN,"ns/op",1024,1,none,16384
"com.evolvedbinary.jnibench.jmhbench.GetJNIBenchmark.getIntoByteArrayGetElements:getIntoByteArrayGetElements·p0.99","sample",1,1,2376.000000,NaN,"ns/op",1024,1,none,16384
"com.evolvedbinary.jnibench.jmhbench.GetJNIBenchmark.getIntoByteArrayGetElements:getIntoByteArrayGetElements·p0.999","sample",1,1,11296.000000,NaN,"ns/op",1024,1,none,16384
"com.evolvedbinary.jnibench.jmhbench.GetJNIBenchmark.getIntoByteArrayGetElements:getIntoByteArrayGetElements·p0.9999","sample",1,1,12512.000000,NaN,"ns/op",1024,1,none,16384
"com.evolvedbinary.jnibench.jmhbench.GetJNIBenchmark.getIntoByteArrayGetElements:getIntoByteArrayGetElements·p1.00","sample",1,1,1035264.000000,NaN,"ns/op",1024,1,none,16384
"com.evolvedbinary.jnibench.jmhbench.GetJNIBenchmark.getIntoByteArrayGetElements","sample",1,3110851,2576.787752,5.553138,"ns/op",1024,1,none,32768
"com.evolvedbinary.jnibench.jmhbench.GetJNIBenchmark.getIntoByteArrayGetElements:getIntoByteArrayGetElements·p0.00","sample",1,1,2308.000000,NaN,"ns/op",1024,1,none,32768
"com.evolvedbinary.jnibench.jmhbench.GetJNIBenchmark.getIntoByteArrayGetElements:getIntoByteArrayGetElements·p0.50","sample",1,1,2512.000000,NaN,"ns/op",1024,1,none,32768
"com.evolvedbinary.jnibench.jmhbench.GetJNIBenchmark.getIntoByteArrayGetElements:getIntoByteArrayGetElements·p0.90","sample",1,1,2596.000000,NaN,"ns/op",1024,1,none,32768
"com.evolvedbinary.jnibench.jmhbench.GetJNIBenchmark.getIntoByteArrayGetElements:getIntoByteArrayGetElements·p0.95","sample",1,1,2652.000000,NaN,"ns/op",1024,1,none,32768
"com.evolvedbinary.jnibench.jmhbench.GetJNIBenchmark.getIntoByteArrayGetElements:getIntoByteArrayGetElements·p0.99","sample",1,1,4128.000000,NaN,"ns/op",1024,1,none,32768
"com.evolvedbinary.jnibench.jmhbench.GetJNIBenchmark.getIntoByteArrayGetElements:getIntoByteArrayGetElements·p0.999","sample",1,1,13248.000000,NaN,"ns/op",1024,1,none,32768
"com.evolvedbinary.jnibench.jmhbench.GetJNIBenchmark.getIntoByteArrayGetElements:getIntoByteArrayGetElements·p0.9999","sample",1,1,17277.273600,NaN,"ns/op",1024,1,none,32768
"com.evolvedbinary.jnibench.jmhbench.GetJNIBenchmark.getIntoByteArrayGetElements:getIntoByteArrayGetElements·p1.00","sample",1,1,4767744.000000,NaN,"ns/op",1024,1,none,32768
"com.evolvedbinary.jnibench.jmhbench.GetJNIBenchmark.getIntoByteArrayGetElements","sample",1,3190647,4969.016571,7.357480,"ns/op",1024,1,none,65536
"com.evolvedbinary.jnibench.jmhbench.GetJNIBenchmark.getIntoByteArrayGetElements:getIntoByteArrayGetElements·p0.00","sample",1,1,4632.000000,NaN,"ns/op",1024,1,none,65536
"com.evolvedbinary.jnibench.jmhbench.GetJNIBenchmark.getIntoByteArrayGetElements:getIntoByteArrayGetElements·p0.50","sample",1,1,4872.000000,NaN,"ns/op",1024,1,none,65536
"com.evolvedbinary.jnibench.jmhbench.GetJNIBenchmark.getIntoByteArrayGetElements:getIntoByteArrayGetElements·p0.90","sample",1,1,5064.000000,NaN,"ns/op",1024,1,none,65536
"com.evolvedbinary.jnibench.jmhbench.GetJNIBenchmark.getIntoByteArrayGetElements:getIntoByteArrayGetElements·p0.95","sample",1,1,5144.000000,NaN,"ns/op",1024,1,none,65536
"com.evolvedbinary.jnibench.jmhbench.GetJNIBenchmark.getIntoByteArrayGetElements:getIntoByteArrayGetElements·p0.99","sample",1,1,7472.000000,NaN,"ns/op",1024,1,none,65536
"com.evolvedbinary.jnibench.jmhbench.GetJNIBenchmark.getIntoByteArrayGetElements:getIntoByteArrayGetElements·p0.999","sample",1,1,15936.000000,NaN,"ns/op",1024,1,none,65536
"com.evolvedbinary.jnibench.jmhbench.GetJNIBenchmark.getIntoByteArrayGetElements:getIntoByteArrayGetElements·p0.9999","sample",1,1,24445.926400,NaN,"ns/op",1024,1,none,65536
"com.evolvedbinary.jnibench.jmhbench.GetJNIBenchmark.getIntoByteArrayGetElements:getIntoByteArrayGetElements·p1.00","sample",1,1,4767744.000000,NaN,"ns/op",1024,1,none,65536
"com.evolvedbinary.jnibench.jmhbench.GetJNIBenchmark.getIntoByteArrayGetElements","sample",1,3119027,226.398685,1.386047,"ns/op",1024,1,copyout,10
"com.evolvedbinary.jnibench.jmhbench.GetJNIBenchmark.getIntoByteArrayGetElements:getIntoByteArrayGetElements·p0.00","sample",1,1,179.000000,NaN,"ns/op",1024,1,copyout,10
"com.evolvedbinary.jnibench.jmhbench.GetJNIBenchmark.getIntoByteArrayGetElements:getIntoByteArrayGetElements·p0.50","sample",1,1,203.000000,NaN,"ns/op",1024,1,copyout,10
"com.evolvedbinary.jnibench.jmhbench.GetJNIBenchmark.getIntoByteArrayGetElements:getIntoByteArrayGetElements·p0.90","sample",1,1,219.000000,NaN,"ns/op",1024,1,copyout,10
"com.evolvedbinary.jnibench.jmhbench.GetJNIBenchmark.getIntoByteArrayGetElements:getIntoByteArrayGetElements·p0.95","sample",1,1,223.000000,NaN,"ns/op",1024,1,copyout,10
"com.evolvedbinary.jnibench.jmhbench.GetJNIBenchmark.getIntoByteArrayGetElements:getIntoByteArrayGetElements·p0.99","sample",1,1,396.000000,NaN,"ns/op",1024,1,copyout,10
"com.evolvedbinary.jnibench.jmhbench.GetJNIBenchmark.getIntoByteArrayGetElements:getIntoByteArrayGetElements·p0.999","sample",1,1,4004.000000,NaN,"ns/op",1024,1,copyout,10
"com.evolvedbinary.jnibench.jmhbench.GetJNIBenchmark.getIntoByteArrayGetElements:getIntoByteArrayGetElements·p0.9999","sample",1,1,11328.000000,NaN,"ns/op",1024,1,copyout,10
"com.evolvedbinary.jnibench.jmhbench.GetJNIBenchmark.getIntoByteArrayGetElements:getIntoByteArrayGetElements·p1.00","sample",1,1,1079296.000000,NaN,"ns/op",1024,1,copyout,10
"com.evolvedbinary.jnibench.jmhbench.GetJNIBenchmark.getIntoByteArrayGetElements","sample",1,3615215,241.350319,5.857495,"ns/op",1024,1,copyout,50
"com.evolvedbinary.jnibench.jmhbench.GetJNIBenchmark.getIntoByteArrayGetElements:getIntoByteArrayGetElements·p0.00","sample",1,1,175.000000,NaN,"ns/op",1024,1,copyout,50
"com.evolvedbinary.jnibench.jmhbench.GetJNIBenchmark.getIntoByteArrayGetElements:getIntoByteArrayGetElements·p0.50","sample",1,1,206.000000,NaN,"ns/op",1024,1,copyout,50
"com.evolvedbinary.jnibench.jmhbench.GetJNIBenchmark.getIntoByteArrayGetElements:getIntoByteArrayGetElements·p0.90","sample",1,1,249.000000,NaN,"ns/op",1024,1,copyout,50
"com.evolvedbinary.jnibench.jmhbench.GetJNIBenchmark.getIntoByteArrayGetElements:getIntoByteArrayGetElements·p0.95","sample",1,1,264.000000,NaN,"ns/op",1024,1,copyout,50
"com.evolvedbinary.jnibench.jmhbench.GetJNIBenchmark.getIntoByteArrayGetElements:getIntoByteArrayGetElements·p0.99","sample",1,1,426.000000,NaN,"ns/op",1024,1,copyout,50
"com.evolvedbinary.jnibench.jmhbench.GetJNIBenchmark.getIntoByteArrayGetElements:getIntoByteArrayGetElements·p0.999","sample",1,1,4166.272000,NaN,"ns/op",1024,1,copyout,50
"com.evolvedbinary.jnibench.jmhbench.GetJNIBenchmark.getIntoByteArrayGetElements:getIntoByteArrayGetElements·p0.9999","sample",1,1,11424.000000,NaN,"ns/op",1024,1,copyout,50
"com.evolvedbinary.jnibench.jmhbench.GetJNIBenchmark.getIntoByteArrayGetElements:getIntoByteArrayGetElements·p1.00","sample",1,1,3964928.000000,NaN,"ns/op",1024,1,copyout,50
"com.evolvedbinary.jnibench.jmhbench.GetJNIBenchmark.getIntoByteArrayGetElements","sample",1,4004203,239.258205,3.770369,"ns/op",1024,1,copyout,512
"com.evolvedbinary.jnibench.jmhbench.GetJNIBenchmark.getIntoByteArrayGetElements:getIntoByteArrayGetElements·p0.00","sample",1,1,192.000000,NaN,"ns/op",1024,1,copyout,512
"com.evolvedbinary.jnibench.jmhbench.GetJNIBenchmark.getIntoByteArrayGetElements:getIntoByteArrayGetElements·p0.50","sample",1,1,218.000000,NaN,"ns/op",1024,1,copyout,512
"com.evolvedbinary.jnibench.jmhbench.GetJNIBenchmark.getIntoByteArrayGetElements:getIntoByteArrayGetElements·p0.90","sample",1,1,236.000000,NaN,"ns/op",1024,1,copyout,512
"com.evolvedbinary.jnibench.jmhbench.GetJNIBenchmark.getIntoByteArrayGetElements:getIntoByteArrayGetElements·p0.95","sample",1,1,242.000000,NaN,"ns/op",1024,1,copyout,512
"com.evolvedbinary.jnibench.jmhbench.GetJNIBenchmark.getIntoByteArrayGetElements:getIntoByteArrayGetElements·p0.99","sample",1,1,346.000000,NaN,"ns/op",1024,1,copyout,512
"com.evolvedbinary.jnibench.jmhbench.GetJNIBenchmark.getIntoByteArrayGetElements:getIntoByteArrayGetElements·p0.999","sample",1,1,3792.000000,NaN,"ns/op",1024,1,copyout,512
"com.evolvedbinary.jnibench.jmhbench.GetJNIBenchmark.getIntoByteArrayGetElements:getIntoByteArrayGetElements·p0.9999","sample",1,1,11289.273600,NaN,"ns/op",1024,1,copyout,512
"com.evolvedbinary.jnibench.jmhbench.GetJNIBenchmark.getIntoByteArrayGetElements:getIntoByteArrayGetElements·p1.00","sample",1,1,4497408.000000,NaN,"ns/op",1024,1,copyout,512
"com.evolvedbinary.jnibench.jmhbench.GetJNIBenchmark.getIntoByteArrayGetElements","sample",1,4561897,249.497344,0.655455,"ns/op",1024,1,copyout,1024
"com.evolvedbinary.jnibench.jmhbench.GetJNIBenchmark.getIntoByteArrayGetElements:getIntoByteArrayGetElements·p0.00","sample",1,1,201.000000,NaN,"ns/op",1024,1,copyout,1024
"com.evolvedbinary.jnibench.jmhbench.GetJNIBenchmark.getIntoByteArrayGetElements:getIntoByteArrayGetElements·p0.50","sample",1,1,227.000000,NaN,"ns/op",1024,1,copyout,1024
"com.evolvedbinary.jnibench.jmhbench.GetJNIBenchmark.getIntoByteArrayGetElements:getIntoByteArrayGetElements·p0.90","sample",1,1,254.000000,NaN,"ns/op",1024,1,copyout,1024
"com.evolvedbinary.jnibench.jmhbench.GetJNIBenchmark.getIntoByteArrayGetElements:getIntoByteArrayGetElements·p0.95","sample",1,1,284.000000,NaN,"ns/op",1024,1,copyout,1024
"com.evolvedbinary.jnibench.jmhbench.GetJNIBenchmark.getIntoByteArrayGetElements:getIntoByteArrayGetElements·p0.99","sample",1,1,365.000000,NaN,"ns/op",1024,1,copyout,1024
"com.evolvedbinary.jnibench.jmhbench.GetJNIBenchmark.getIntoByteArrayGetElements:getIntoByteArrayGetElements·p0.999","sample",1,1,3736.000000,NaN,"ns/op",1024,1,copyout,1024
"com.evolvedbinary.jnibench.jmhbench.GetJNIBenchmark.getIntoByteArrayGetElements:getIntoByteArrayGetElements·p0.9999","sample",1,1,11296.000000,NaN,"ns/op",1024,1,copyout,1024
"com.evolvedbinary.jnibench.jmhbench.GetJNIBenchmark.getIntoByteArrayGetElements:getIntoByteArrayGetElements·p1.00","sample",1,1,175360.000000,NaN,"ns/op",1024,1,copyout,1024
"com.evolvedbinary.jnibench.jmhbench.GetJNIBenchmark.getIntoByteArrayGetElements","sample",1,3997248,457.479234,3.501755,"ns/op",1024,1,copyout,4096
"com.evolvedbinary.jnibench.jmhbench.GetJNIBenchmark.getIntoByteArrayGetElements:getIntoByteArrayGetElements·p0.00","sample",1,1,344.000000,NaN,"ns/op",1024,1,copyout,4096
"com.evolvedbinary.jnibench.jmhbench.GetJNIBenchmark.getIntoByteArrayGetElements:getIntoByteArrayGetElements·p0.50","sample",1,1,426.000000,NaN,"ns/op",1024,1,copyout,4096
"com.evolvedbinary.jnibench.jmhbench.GetJNIBenchmark.getIntoByteArrayGetElements:getIntoByteArrayGetElements·p0.90","sample",1,1,459.000000,NaN,"ns/op",1024,1,copyout,4096
"com.evolvedbinary.jnibench.jmhbench.GetJNIBenchmark.getIntoByteArrayGetElements:getIntoByteArrayGetElements·p0.95","sample",1,1,508.000000,NaN,"ns/op",1024,1,copyout,4096
"com.evolvedbinary.jnibench.jmhbench.GetJNIBenchmark.getIntoByteArrayGetElements:getIntoByteArrayGetElements·p0.99","sample",1,1,1370.000000,NaN,"ns/op",1024,1,copyout,4096
"com.evolvedbinary.jnibench.jmhbench.GetJNIBenchmark.getIntoByteArrayGetElements:getIntoByteArrayGetElements·p0.999","sample",1,1,5976.000000,NaN,"ns/op",1024,1,copyout,4096
"com.evolvedbinary.jnibench.jmhbench.GetJNIBenchmark.getIntoByteArrayGetElements:getIntoByteArrayGetElements·p0.9999","sample",1,1,11604.401600,NaN,"ns/op",1024,1,copyout,4096
"com.evolvedbinary.jnibench.jmhbench.GetJNIBenchmark.getIntoByteArrayGetElements:getIntoByteArrayGetElements·p1.00","sample",1,1,4112384.000000,NaN,"ns/op",1024,1,copyout,4096
"com.evolvedbinary.jnibench.jmhbench.GetJNIBenchmark.getIntoByteArrayGetElements","sample",1,4485764,1778.890562,3.549164,"ns/op",1024,1,copyout,16384
"com.evolvedbinary.jnibench.jmhbench.GetJNIBenchmark.getIntoByteArrayGetElements:getIntoByteArrayGetElements·p0.00","sample",1,1,1542.000000,NaN,"ns/op",1024,1,copyout,16384
"com.evolvedbinary.jnibench.jmhbench.GetJNIBenchmark.getIntoByteArrayGetElements:getIntoByteArrayGetElements·p0.50","sample",1,1,1732.000000,NaN,"ns/op",1024,1,copyout,16384
"com.evolvedbinary.jnibench.jmhbench.GetJNIBenchmark.getIntoByteArrayGetElements:getIntoByteArrayGetElements·p0.90","sample",1,1,1844.000000,NaN,"ns/op",1024,1,copyout,16384
"com.evolvedbinary.jnibench.jmhbench.GetJNIBenchmark.getIntoByteArrayGetElements:getIntoByteArrayGetElements·p0.95","sample",1,1,1866.000000,NaN,"ns/op",1024,1,copyout,16384
"com.evolvedbinary.jnibench.jmhbench.GetJNIBenchmark.getIntoByteArrayGetElements:getIntoByteArrayGetElements·p0.99","sample",1,1,3140.000000,NaN,"ns/op",1024,1,copyout,16384
"com.evolvedbinary.jnibench.jmhbench.GetJNIBenchmark.getIntoByteArrayGetElements:getIntoByteArrayGetElements·p0.999","sample",1,1,12016.000000,NaN,"ns/op",1024,1,copyout,16384
"com.evolvedbinary.jnibench.jmhbench.GetJNIBenchmark.getIntoByteArrayGetElements:getIntoByteArrayGetElements·p0.9999","sample",1,1,13888.000000,NaN,"ns/op",1024,1,copyout,16384
"com.evolvedbinary.jnibench.jmhbench.GetJNIBenchmark.getIntoByteArrayGetElements:getIntoByteArrayGetElements·p1.00","sample",1,1,4382720.000000,NaN,"ns/op",1024,1,copyout,16384
"com.evolvedbinary.jnibench.jmhbench.GetJNIBenchmark.getIntoByteArrayGetElements","sample",1,4149351,3810.913929,6.852398,"ns/op",1024,1,copyout,32768
"com.evolvedbinary.jnibench.jmhbench.GetJNIBenchmark.getIntoByteArrayGetElements:getIntoByteArrayGetElements·p0.00","sample",1,1,3436.000000,NaN,"ns/op",1024,1,copyout,32768
"com.evolvedbinary.jnibench.jmhbench.GetJNIBenchmark.getIntoByteArrayGetElements:getIntoByteArrayGetElements·p0.50","sample",1,1,3732.000000,NaN,"ns/op",1024,1,copyout,32768
"com.evolvedbinary.jnibench.jmhbench.GetJNIBenchmark.getIntoByteArrayGetElements:getIntoByteArrayGetElements·p0.90","sample",1,1,3864.000000,NaN,"ns/op",1024,1,copyout,32768
"com.evolvedbinary.jnibench.jmhbench.GetJNIBenchmark.getIntoByteArrayGetElements:getIntoByteArrayGetElements·p0.95","sample",1,1,3956.000000,NaN,"ns/op",1024,1,copyout,32768
"com.evolvedbinary.jnibench.jmhbench.GetJNIBenchmark.getIntoByteArrayGetElements:getIntoByteArrayGetElements·p0.99","sample",1,1,5696.000000,NaN,"ns/op",1024,1,copyout,32768
"com.evolvedbinary.jnibench.jmhbench.GetJNIBenchmark.getIntoByteArrayGetElements:getIntoByteArrayGetElements·p0.999","sample",1,1,14576.000000,NaN,"ns/op",1024,1,copyout,32768
"com.evolvedbinary.jnibench.jmhbench.GetJNIBenchmark.getIntoByteArrayGetElements:getIntoByteArrayGetElements·p0.9999","sample",1,1,19712.000000,NaN,"ns/op",1024,1,copyout,32768
"com.evolvedbinary.jnibench.jmhbench.GetJNIBenchmark.getIntoByteArrayGetElements:getIntoByteArrayGetElements·p1.00","sample",1,1,4800512.000000,NaN,"ns/op",1024,1,copyout,32768
"com.evolvedbinary.jnibench.jmhbench.GetJNIBenchmark.getIntoByteArrayGetElements","sample",1,3946339,7947.073559,8.100471,"ns/op",1024,1,copyout,65536
"com.evolvedbinary.jnibench.jmhbench.GetJNIBenchmark.getIntoByteArrayGetElements:getIntoByteArrayGetElements·p0.00","sample",1,1,7384.000000,NaN,"ns/op",1024,1,copyout,65536
"com.evolvedbinary.jnibench.jmhbench.GetJNIBenchmark.getIntoByteArrayGetElements:getIntoByteArrayGetElements·p0.50","sample",1,1,7824.000000,NaN,"ns/op",1024,1,copyout,65536
"com.evolvedbinary.jnibench.jmhbench.GetJNIBenchmark.getIntoByteArrayGetElements:getIntoByteArrayGetElements·p0.90","sample",1,1,8176.000000,NaN,"ns/op",1024,1,copyout,65536
"com.evolvedbinary.jnibench.jmhbench.GetJNIBenchmark.getIntoByteArrayGetElements:getIntoByteArrayGetElements·p0.95","sample",1,1,8304.000000,NaN,"ns/op",1024,1,copyout,65536
"com.evolvedbinary.jnibench.jmhbench.GetJNIBenchmark.getIntoByteArrayGetElements:getIntoByteArrayGetElements·p0.99","sample",1,1,10832.000000,NaN,"ns/op",1024,1,copyout,65536
"com.evolvedbinary.jnibench.jmhbench.GetJNIBenchmark.getIntoByteArrayGetElements:getIntoByteArrayGetElements·p0.999","sample",1,1,19456.000000,NaN,"ns/op",1024,1,copyout,65536
"com.evolvedbinary.jnibench.jmhbench.GetJNIBenchmark.getIntoByteArrayGetElements:getIntoByteArrayGetElements·p0.9999","sample",1,1,29027.136000,NaN,"ns/op",1024,1,copyout,65536
"com.evolvedbinary.jnibench.jmhbench.GetJNIBenchmark.getIntoByteArrayGetElements:getIntoByteArrayGetElements·p1.00","sample",1,1,5005312.000000,NaN,"ns/op",1024,1,copyout,65536
"com.evolvedbinary.jnibench.jmhbench.GetJNIBenchmark.getIntoByteArraySetRegion","sample",1,3668452,170.556821,0.664734,"ns/op",1024,1,none,10
"com.evolvedbinary.jnibench.jmhbench.GetJNIBenchmark.getIntoByteArraySetRegion:getIntoByteArraySetRegion·p0.00","sample",1,1,134.000000,NaN,"ns/op",1024,1,none,10
"com.evolvedbinary.jnibench.jmhbench.GetJNIBenchmark.getIntoByteArraySetRegion:getIntoByteArraySetRegion·p0.50","sample",1,1,155.000000,NaN,"ns/op",1024,1,none,10
"com.evolvedbinary.jnibench.jmhbench.GetJNIBenchmark.getIntoByteArraySetRegion:getIntoByteArraySetRegion·p0.90","sample",1,1,168.000000,NaN,"ns/op",1024,1,none,10
"com.evolvedbinary.jnibench.jmhbench.GetJNIBenchmark.getIntoByteArraySetRegion:getIntoByteArraySetRegion·p0.95","sample",1,1,173.000000,NaN,"ns/op",1024,1,none,10
"com.evolvedbinary.jnibench.jmhbench.GetJNIBenchmark.getIntoByteArraySetRegion:getIntoByteArraySetRegion·p0.99","sample",1,1,213.000000,NaN,"ns/op",1024,1,none,10
"com.evolvedbinary.jnibench.jmhbench.GetJNIBenchmark.getIntoByteArraySetRegion:getIntoByteArraySetRegion·p0.999","sample",1,1,3520.000000,NaN,"ns/op",1024,1,none,10
"com.evolvedbinary.jnibench.jmhbench.GetJNIBenchmark.getIntoByteArraySetRegion:getIntoByteArraySetRegion·p0.9999","sample",1,1,11136.000000,NaN,"ns/op",1024,1,none,10
"com.evolvedbinary.jnibench.jmhbench.GetJNIBenchmark.getIntoByteArraySetRegion:getIntoByteArraySetRegion·p1.00","sample",1,1,157952.000000,NaN,"ns/op",1024,1,none,10
"com.evolvedbinary.jnibench.jmhbench.GetJNIBenchmark.getIntoByteArraySetRegion","sample",1,3728399,167.737667,0.599000,"ns/op",1024,1,none,50
"com.evolvedbinary.jnibench.jmhbench.GetJNIBenchmark.getIntoByteArraySetRegion:getIntoByteArraySetRegion·p0.00","sample",1,1,132.000000,NaN,"ns/op",1024,1,none,50
"com.evolvedbinary.jnibench.jmhbench.GetJNIBenchmark.getIntoByteArraySetRegion:getIntoByteArraySetRegion·p0.50","sample",1,1,151.000000,NaN,"ns/op",1024,1,none,50
"com.evolvedbinary.jnibench.jmhbench.GetJNIBenchmark.getIntoByteArraySetRegion:getIntoByteArraySetRegion·p0.90","sample",1,1,167.000000,NaN,"ns/op",1024,1,none,50
"com.evolvedbinary.jnibench.jmhbench.GetJNIBenchmark.getIntoByteArraySetRegion:getIntoByteArraySetRegion·p0.95","sample",1,1,171.000000,NaN,"ns/op",1024,1,none,50
"com.evolvedbinary.jnibench.jmhbench.GetJNIBenchmark.getIntoByteArraySetRegion:getIntoByteArraySetRegion·p0.99","sample",1,1,254.000000,NaN,"ns/op",1024,1,none,50
"com.evolvedbinary.jnibench.jmhbench.GetJNIBenchmark.getIntoByteArraySetRegion:getIntoByteArraySetRegion·p0.999","sample",1,1,3300.000000,NaN,"ns/op",1024,1,none,50
"com.evolvedbinary.jnibench.jmhbench.GetJNIBenchmark.getIntoByteArraySetRegion:getIntoByteArraySetRegion·p0.9999","sample",1,1,11152.000000,NaN,"ns/op",1024,1,none,50
"com.evolvedbinary.jnibench.jmhbench.GetJNIBenchmark.getIntoByteArraySetRegion:getIntoByteArraySetRegion·p1.00","sample",1,1,107008.000000,NaN,"ns/op",1024,1,none,50
"com.evolvedbinary.jnibench.jmhbench.GetJNIBenchmark.getIntoByteArraySetRegion","sample",1,3651099,169.093349,0.695549,"ns/op",1024,1,none,512
"com.evolvedbinary.jnibench.jmhbench.GetJNIBenchmark.getIntoByteArraySetRegion:getIntoByteArraySetRegion·p0.00","sample",1,1,136.000000,NaN,"ns/op",1024,1,none,512
"com.evolvedbinary.jnibench.jmhbench.GetJNIBenchmark.getIntoByteArraySetRegion:getIntoByteArraySetRegion·p0.50","sample",1,1,153.000000,NaN,"ns/op",1024,1,none,512
"com.evolvedbinary.jnibench.jmhbench.GetJNIBenchmark.getIntoByteArraySetRegion:getIntoByteArraySetRegion·p0.90","sample",1,1,165.000000,NaN,"ns/op",1024,1,none,512
"com.evolvedbinary.jnibench.jmhbench.GetJNIBenchmark.getIntoByteArraySetRegion:getIntoByteArraySetRegion·p0.95","sample",1,1,171.000000,NaN,"ns/op",1024,1,none,512
"com.evolvedbinary.jnibench.jmhbench.GetJNIBenchmark.getIntoByteArraySetRegion:getIntoByteArraySetRegion·p0.99","sample",1,1,199.000000,NaN,"ns/op",1024,1,none,512
"com.evolvedbinary.jnibench.jmhbench.GetJNIBenchmark.getIntoByteArraySetRegion:getIntoByteArraySetRegion·p0.999","sample",1,1,3588.000000,NaN,"ns/op",1024,1,none,512
"com.evolvedbinary.jnibench.jmhbench.GetJNIBenchmark.getIntoByteArraySetRegion:getIntoByteArraySetRegion·p0.9999","sample",1,1,11182.240000,NaN,"ns/op",1024,1,none,512
"com.evolvedbinary.jnibench.jmhbench.GetJNIBenchmark.getIntoByteArraySetRegion:getIntoByteArraySetRegion·p1.00","sample",1,1,167936.000000,NaN,"ns/op",1024,1,none,512
"com.evolvedbinary.jnibench.jmhbench.GetJNIBenchmark.getIntoByteArraySetRegion","sample",1,3604653,172.765659,2.815930,"ns/op",1024,1,none,1024
"com.evolvedbinary.jnibench.jmhbench.GetJNIBenchmark.getIntoByteArraySetRegion:getIntoByteArraySetRegion·p0.00","sample",1,1,139.000000,NaN,"ns/op",1024,1,none,1024
"com.evolvedbinary.jnibench.jmhbench.GetJNIBenchmark.getIntoByteArraySetRegion:getIntoByteArraySetRegion·p0.50","sample",1,1,156.000000,NaN,"ns/op",1024,1,none,1024
"com.evolvedbinary.jnibench.jmhbench.GetJNIBenchmark.getIntoByteArraySetRegion:getIntoByteArraySetRegion·p0.90","sample",1,1,165.000000,NaN,"ns/op",1024,1,none,1024
"com.evolvedbinary.jnibench.jmhbench.GetJNIBenchmark.getIntoByteArraySetRegion:getIntoByteArraySetRegion·p0.95","sample",1,1,173.000000,NaN,"ns/op",1024,1,none,1024
"com.evolvedbinary.jnibench.jmhbench.GetJNIBenchmark.getIntoByteArraySetRegion:getIntoByteArraySetRegion·p0.99","sample",1,1,248.000000,NaN,"ns/op",1024,1,none,1024
"com.evolvedbinary.jnibench.jmhbench.GetJNIBenchmark.getIntoByteArraySetRegion:getIntoByteArraySetRegion·p0.999","sample",1,1,3636.000000,NaN,"ns/op",1024,1,none,1024
"com.evolvedbinary.jnibench.jmhbench.GetJNIBenchmark.getIntoByteArraySetRegion:getIntoByteArraySetRegion·p0.9999","sample",1,1,11200.000000,NaN,"ns/op",1024,1,none,1024
"com.evolvedbinary.jnibench.jmhbench.GetJNIBenchmark.getIntoByteArraySetRegion:getIntoByteArraySetRegion·p1.00","sample",1,1,3002368.000000,NaN,"ns/op",1024,1,none,1024
"com.evolvedbinary.jnibench.jmhbench.GetJNIBenchmark.getIntoByteArraySetRegion","sample",1,2886509,211.422110,1.379780,"ns/op",1024,1,none,4096
"com.evolvedbinary.jnibench.jmhbench.GetJNIBenchmark.getIntoByteArraySetRegion:getIntoByteArraySetRegion·p0.00","sample",1,1,164.000000,NaN,"ns/op",1024,1,none,4096
"com.evolvedbinary.jnibench.jmhbench.GetJNIBenchmark.getIntoByteArraySetRegion:getIntoByteArraySetRegion·p0.50","sample",1,1,189.000000,NaN,"ns/op",1024,1,none,4096
"com.evolvedbinary.jnibench.jmhbench.GetJNIBenchmark.getIntoByteArraySetRegion:getIntoByteArraySetRegion·p0.90","sample",1,1,204.000000,NaN,"ns/op",1024,1,none,4096
"com.evolvedbinary.jnibench.jmhbench.GetJNIBenchmark.getIntoByteArraySetRegion:getIntoByteArraySetRegion·p0.95","sample",1,1,210.000000,NaN,"ns/op",1024,1,none,4096
"com.evolvedbinary.jnibench.jmhbench.GetJNIBenchmark.getIntoByteArraySetRegion:getIntoByteArraySetRegion·p0.99","sample",1,1,301.000000,NaN,"ns/op",1024,1,none,4096
"com.evolvedbinary.jnibench.jmhbench.GetJNIBenchmark.getIntoByteArraySetRegion:getIntoByteArraySetRegion·p0.999","sample",1,1,4056.000000,NaN,"ns/op",1024,1,none,4096
"com.evolvedbinary.jnibench.jmhbench.GetJNIBenchmark.getIntoByteArraySetRegion:getIntoByteArraySetRegion·p0.9999","sample",1,1,11248.000000,NaN,"ns/op",1024,1,none,4096
"com.evolvedbinary.jnibench.jmhbench.GetJNIBenchmark.getIntoByteArraySetRegion:getIntoByteArraySetRegion·p1.00","sample",1,1,976896.000000,NaN,"ns/op",1024,1,none,4096
"com.evolvedbinary.jnibench.jmhbench.GetJNIBenchmark.getIntoByteArraySetRegion","sample",1,3579987,595.163446,4.938231,"ns/op",1024,1,none,16384
"com.evolvedbinary.jnibench.jmhbench.GetJNIBenchmark.getIntoByteArraySetRegion:getIntoByteArraySetRegion·p0.00","sample",1,1,416.000000,NaN,"ns/op",1024,1,none,16384
"com.evolvedbinary.jnibench.jmhbench.GetJNIBenchmark.getIntoByteArraySetRegion:getIntoByteArraySetRegion·p0.50","sample",1,1,561.000000,NaN,"ns/op",1024,1,none,16384
"com.evolvedbinary.jnibench.jmhbench.GetJNIBenchmark.getIntoByteArraySetRegion:getIntoByteArraySetRegion·p0.90","sample",1,1,605.000000,NaN,"ns/op",1024,1,none,16384
"com.evolvedbinary.jnibench.jmhbench.GetJNIBenchmark.getIntoByteArraySetRegion:getIntoByteArraySetRegion·p0.95","sample",1,1,620.000000,NaN,"ns/op",1024,1,none,16384
"com.evolvedbinary.jnibench.jmhbench.GetJNIBenchmark.getIntoByteArraySetRegion:getIntoByteArraySetRegion·p0.99","sample",1,1,1046.000000,NaN,"ns/op",1024,1,none,16384
"com.evolvedbinary.jnibench.jmhbench.GetJNIBenchmark.getIntoByteArraySetRegion:getIntoByteArraySetRegion·p0.999","sample",1,1,10608.000000,NaN,"ns/op",1024,1,none,16384
"com.evolvedbinary.jnibench.jmhbench.GetJNIBenchmark.getIntoByteArraySetRegion:getIntoByteArraySetRegion·p0.9999","sample",1,1,11840.000000,NaN,"ns/op",1024,1,none,16384
"com.evolvedbinary.jnibench.jmhbench.GetJNIBenchmark.getIntoByteArraySetRegion:getIntoByteArraySetRegion·p1.00","sample",1,1,3756032.000000,NaN,"ns/op",1024,1,none,16384
"com.evolvedbinary.jnibench.jmhbench.GetJNIBenchmark.getIntoByteArraySetRegion","sample",1,3101871,1318.717429,5.436561,"ns/op",1024,1,none,32768
"com.evolvedbinary.jnibench.jmhbench.GetJNIBenchmark.getIntoByteArraySetRegion:getIntoByteArraySetRegion·p0.00","sample",1,1,1116.000000,NaN,"ns/op",1024,1,none,32768
"com.evolvedbinary.jnibench.jmhbench.GetJNIBenchmark.getIntoByteArraySetRegion:getIntoByteArraySetRegion·p0.50","sample",1,1,1262.000000,NaN,"ns/op",1024,1,none,32768
"com.evolvedbinary.jnibench.jmhbench.GetJNIBenchmark.getIntoByteArraySetRegion:getIntoByteArraySetRegion·p0.90","sample",1,1,1308.000000,NaN,"ns/op",1024,1,none,32768
"com.evolvedbinary.jnibench.jmhbench.GetJNIBenchmark.getIntoByteArraySetRegion:getIntoByteArraySetRegion·p0.95","sample",1,1,1338.000000,NaN,"ns/op",1024,1,none,32768
"com.evolvedbinary.jnibench.jmhbench.GetJNIBenchmark.getIntoByteArraySetRegion:getIntoByteArraySetRegion·p0.99","sample",1,1,2724.000000,NaN,"ns/op",1024,1,none,32768
"com.evolvedbinary.jnibench.jmhbench.GetJNIBenchmark.getIntoByteArraySetRegion:getIntoByteArraySetRegion·p0.999","sample",1,1,11808.000000,NaN,"ns/op",1024,1,none,32768
"com.evolvedbinary.jnibench.jmhbench.GetJNIBenchmark.getIntoByteArraySetRegion:getIntoByteArraySetRegion·p0.9999","sample",1,1,13392.000000,NaN,"ns/op",1024,1,none,32768
"com.evolvedbinary.jnibench.jmhbench.GetJNIBenchmark.getIntoByteArraySetRegion:getIntoByteArraySetRegion·p1.00","sample",1,1,4956160.000000,NaN,"ns/op",1024,1,none,32768
"com.evolvedbinary.jnibench.jmhbench.GetJNIBenchmark.getIntoByteArraySetRegion","sample",1,3301500,2429.008367,6.851469,"ns/op",1024,1,none,65536
"com.evolvedbinary.jnibench.jmhbench.GetJNIBenchmark.getIntoByteArraySetRegion:getIntoByteArraySetRegion·p0.00","sample",1,1,2212.000000,NaN,"ns/op",1024,1,none,65536
"com.evolvedbinary.jnibench.jmhbench.GetJNIBenchmark.getIntoByteArraySetRegion:getIntoByteArraySetRegion·p0.50","sample",1,1,2360.000000,NaN,"ns/op",1024,1,none,65536
"com.evolvedbinary.jnibench.jmhbench.GetJNIBenchmark.getIntoByteArraySetRegion:getIntoByteArraySetRegion·p0.90","sample",1,1,2440.000000,NaN,"ns/op",1024,1,none,65536
"com.evolvedbinary.jnibench.jmhbench.GetJNIBenchmark.getIntoByteArraySetRegion:getIntoByteArraySetRegion·p0.95","sample",1,1,2488.000000,NaN,"ns/op",1024,1,none,65536
"com.evolvedbinary.jnibench.jmhbench.GetJNIBenchmark.getIntoByteArraySetRegion:getIntoByteArraySetRegion·p0.99","sample",1,1,4000.000000,NaN,"ns/op",1024,1,none,65536
"com.evolvedbinary.jnibench.jmhbench.GetJNIBenchmark.getIntoByteArraySetRegion:getIntoByteArraySetRegion·p0.999","sample",1,1,13120.000000,NaN,"ns/op",1024,1,none,65536
"com.evolvedbinary.jnibench.jmhbench.GetJNIBenchmark.getIntoByteArraySetRegion:getIntoByteArraySetRegion·p0.9999","sample",1,1,16753.590400,NaN,"ns/op",1024,1,none,65536
"com.evolvedbinary.jnibench.jmhbench.GetJNIBenchmark.getIntoByteArraySetRegion:getIntoByteArraySetRegion·p1.00","sample",1,1,4677632.000000,NaN,"ns/op",1024,1,none,65536
"com.evolvedbinary.jnibench.jmhbench.GetJNIBenchmark.getIntoByteArraySetRegion","sample",1,3154886,193.429698,0.797636,"ns/op",1024,1,copyout,10
"com.evolvedbinary.jnibench.jmhbench.GetJNIBenchmark.getIntoByteArraySetRegion:getIntoByteArraySetRegion·p0.00","sample",1,1,150.000000,NaN,"ns/op",1024,1,copyout,10
"com.evolvedbinary.jnibench.jmhbench.GetJNIBenchmark.getIntoByteArraySetRegion:getIntoByteArraySetRegion·p0.50","sample",1,1,175.000000,NaN,"ns/op",1024,1,copyout,10
"com.evolvedbinary.jnibench.jmhbench.GetJNIBenchmark.getIntoByteArraySetRegion:getIntoByteArraySetRegion·p0.90","sample",1,1,187.000000,NaN,"ns/op",1024,1,copyout,10
"com.evolvedbinary.jnibench.jmhbench.GetJNIBenchmark.getIntoByteArraySetRegion:getIntoByteArraySetRegion·p0.95","sample",1,1,194.000000,NaN,"ns/op",1024,1,copyout,10
"com.evolvedbinary.jnibench.jmhbench.GetJNIBenchmark.getIntoByteArraySetRegion:getIntoByteArraySetRegion·p0.99","sample",1,1,273.000000,NaN,"ns/op",1024,1,copyout,10
"com.evolvedbinary.jnibench.jmhbench.GetJNIBenchmark.getIntoByteArraySetRegion:getIntoByteArraySetRegion·p0.999","sample",1,1,3820.000000,NaN,"ns/op",1024,1,copyout,10
"com.evolvedbinary.jnibench.jmhbench.GetJNIBenchmark.getIntoByteArraySetRegion:getIntoByteArraySetRegion·p0.9999","sample",1,1,11232.000000,NaN,"ns/op",1024,1,copyout,10
"com.evolvedbinary.jnibench.jmhbench.GetJNIBenchmark.getIntoByteArraySetRegion:getIntoByteArraySetRegion·p1.00","sample",1,1,172800.000000,NaN,"ns/op",1024,1,copyout,10
"com.evolvedbinary.jnibench.jmhbench.GetJNIBenchmark.getIntoByteArraySetRegion","sample",1,3185012,193.223705,3.472778,"ns/op",1024,1,copyout,50
"com.evolvedbinary.jnibench.jmhbench.GetJNIBenchmark.getIntoByteArraySetRegion:getIntoByteArraySetRegion·p0.00","sample",1,1,149.000000,NaN,"ns/op",1024,1,copyout,50
"com.evolvedbinary.jnibench.jmhbench.GetJNIBenchmark.getIntoByteArraySetRegion:getIntoByteArraySetRegion·p0.50","sample",1,1,173.000000,NaN,"ns/op",1024,1,copyout,50
"com.evolvedbinary.jnibench.jmhbench.GetJNIBenchmark.getIntoByteArraySetRegion:getIntoByteArraySetRegion·p0.90","sample",1,1,187.000000,NaN,"ns/op",1024,1,copyout,50
"com.evolvedbinary.jnibench.jmhbench.GetJNIBenchmark.getIntoByteArraySetRegion:getIntoByteArraySetRegion·p0.95","sample",1,1,193.000000,NaN,"ns/op",1024,1,copyout,50
"com.evolvedbinary.jnibench.jmhbench.GetJNIBenchmark.getIntoByteArraySetRegion:getIntoByteArraySetRegion·p0.99","sample",1,1,290.000000,NaN,"ns/op",1024,1,copyout,50
"com.evolvedbinary.jnibench.jmhbench.GetJNIBenchmark.getIntoByteArraySetRegion:getIntoByteArraySetRegion·p0.999","sample",1,1,3828.000000,NaN,"ns/op",1024,1,copyout,50
"com.evolvedbinary.jnibench.jmhbench.GetJNIBenchmark.getIntoByteArraySetRegion:getIntoByteArraySetRegion·p0.9999","sample",1,1,11248.000000,NaN,"ns/op",1024,1,copyout,50
"com.evolvedbinary.jnibench.jmhbench.GetJNIBenchmark.getIntoByteArraySetRegion:getIntoByteArraySetRegion·p1.00","sample",1,1,3088384.000000,NaN,"ns/op",1024,1,copyout,50
"com.evolvedbinary.jnibench.jmhbench.GetJNIBenchmark.getIntoByteArraySetRegion","sample",1,3019075,201.109253,0.819277,"ns/op",1024,1,copyout,512
"com.evolvedbinary.jnibench.jmhbench.GetJNIBenchmark.getIntoByteArraySetRegion:getIntoByteArraySetRegion·p0.00","sample",1,1,160.000000,NaN,"ns/op",1024,1,copyout,512
"com.evolvedbinary.jnibench.jmhbench.GetJNIBenchmark.getIntoByteArraySetRegion:getIntoByteArraySetRegion·p0.50","sample",1,1,180.000000,NaN,"ns/op",1024,1,copyout,512
"com.evolvedbinary.jnibench.jmhbench.GetJNIBenchmark.getIntoByteArraySetRegion:getIntoByteArraySetRegion·p0.90","sample",1,1,195.000000,NaN,"ns/op",1024,1,copyout,512
"com.evolvedbinary.jnibench.jmhbench.GetJNIBenchmark.getIntoByteArraySetRegion:getIntoByteArraySetRegion·p0.95","sample",1,1,201.000000,NaN,"ns/op",1024,1,copyout,512
"com.evolvedbinary.jnibench.jmhbench.GetJNIBenchmark.getIntoByteArraySetRegion:getIntoByteArraySetRegion·p0.99","sample",1,1,288.000000,NaN,"ns/op",1024,1,copyout,512
"com.evolvedbinary.jnibench.jmhbench.GetJNIBenchmark.getIntoByteArraySetRegion:getIntoByteArraySetRegion·p0.999","sample",1,1,4159.392000,NaN,"ns/op",1024,1,copyout,512
"com.evolvedbinary.jnibench.jmhbench.GetJNIBenchmark.getIntoByteArraySetRegion:getIntoByteArraySetRegion·p0.9999","sample",1,1,11344.000000,NaN,"ns/op",1024,1,copyout,512
"com.evolvedbinary.jnibench.jmhbench.GetJNIBenchmark.getIntoByteArraySetRegion:getIntoByteArraySetRegion·p1.00","sample",1,1,165376.000000,NaN,"ns/op",1024,1,copyout,512
"com.evolvedbinary.jnibench.jmhbench.GetJNIBenchmark.getIntoByteArraySetRegion","sample",1,3130351,218.767109,4.600959,"ns/op",1024,1,copyout,1024
"com.evolvedbinary.jnibench.jmhbench.GetJNIBenchmark.getIntoByteArraySetRegion:getIntoByteArraySetRegion·p0.00","sample",1,1,165.000000,NaN,"ns/op",1024,1,copyout,1024
"com.evolvedbinary.jnibench.jmhbench.GetJNIBenchmark.getIntoByteArraySetRegion:getIntoByteArraySetRegion·p0.50","sample",1,1,195.000000,NaN,"ns/op",1024,1,copyout,1024
"com.evolvedbinary.jnibench.jmhbench.GetJNIBenchmark.getIntoByteArraySetRegion:getIntoByteArraySetRegion·p0.90","sample",1,1,220.000000,NaN,"ns/op",1024,1,copyout,1024
"com.evolvedbinary.jnibench.jmhbench.GetJNIBenchmark.getIntoByteArraySetRegion:getIntoByteArraySetRegion·p0.95","sample",1,1,227.000000,NaN,"ns/op",1024,1,copyout,1024
"com.evolvedbinary.jnibench.jmhbench.GetJNIBenchmark.getIntoByteArraySetRegion:getIntoByteArraySetRegion·p0.99","sample",1,1,324.000000,NaN,"ns/op",1024,1,copyout,1024
"com.evolvedbinary.jnibench.jmhbench.GetJNIBenchmark.getIntoByteArraySetRegion:getIntoByteArraySetRegion·p0.999","sample",1,1,3904.000000,NaN,"ns/op",1024,1,copyout,1024
"com.evolvedbinary.jnibench.jmhbench.GetJNIBenchmark.getIntoByteArraySetRegion:getIntoByteArraySetRegion·p0.9999","sample",1,1,11231.436800,NaN,"ns/op",1024,1,copyout,1024
"com.evolvedbinary.jnibench.jmhbench.GetJNIBenchmark.getIntoByteArraySetRegion:getIntoByteArraySetRegion·p1.00","sample",1,1,4308992.000000,NaN,"ns/op",1024,1,copyout,1024
"com.evolvedbinary.jnibench.jmhbench.GetJNIBenchmark.getIntoByteArraySetRegion","sample",1,3711180,326.908790,0.811727,"ns/op",1024,1,copyout,4096
"com.evolvedbinary.jnibench.jmhbench.GetJNIBenchmark.getIntoByteArraySetRegion:getIntoByteArraySetRegion·p0.00","sample",1,1,229.000000,NaN,"ns/op",1024,1,copyout,4096
"com.evolvedbinary.jnibench.jmhbench.GetJNIBenchmark.getIntoByteArraySetRegion:getIntoByteArraySetRegion·p0.50","sample",1,1,284.000000,NaN,"ns/op",1024,1,copyout,4096
"com.evolvedbinary.jnibench.jmhbench.GetJNIBenchmark.getIntoByteArraySetRegion:getIntoByteArraySetRegion·p0.90","sample",1,1,478.000000,NaN,"ns/op",1024,1,copyout,4096
"com.evolvedbinary.jnibench.jmhbench.GetJNIBenchmark.getIntoByteArraySetRegion:getIntoByteArraySetRegion·p0.95","sample",1,1,520.000000,NaN,"ns/op",1024,1,copyout,4096
"com.evolvedbinary.jnibench.jmhbench.GetJNIBenchmark.getIntoByteArraySetRegion:getIntoByteArraySetRegion·p0.99","sample",1,1,567.000000,NaN,"ns/op",1024,1,copyout,4096
"com.evolvedbinary.jnibench.jmhbench.GetJNIBenchmark.getIntoByteArraySetRegion:getIntoByteArraySetRegion·p0.999","sample",1,1,4408.000000,NaN,"ns/op",1024,1,copyout,4096
"com.evolvedbinary.jnibench.jmhbench.GetJNIBenchmark.getIntoByteArraySetRegion:getIntoByteArraySetRegion·p0.9999","sample",1,1,11424.000000,NaN,"ns/op",1024,1,copyout,4096
"com.evolvedbinary.jnibench.jmhbench.GetJNIBenchmark.getIntoByteArraySetRegion:getIntoByteArraySetRegion·p1.00","sample",1,1,165888.000000,NaN,"ns/op",1024,1,copyout,4096
"com.evolvedbinary.jnibench.jmhbench.GetJNIBenchmark.getIntoByteArraySetRegion","sample",1,3119137,1304.079969,2.257201,"ns/op",1024,1,copyout,16384
"com.evolvedbinary.jnibench.jmhbench.GetJNIBenchmark.getIntoByteArraySetRegion:getIntoByteArraySetRegion·p0.00","sample",1,1,939.000000,NaN,"ns/op",1024,1,copyout,16384
"com.evolvedbinary.jnibench.jmhbench.GetJNIBenchmark.getIntoByteArraySetRegion:getIntoByteArraySetRegion·p0.50","sample",1,1,1240.000000,NaN,"ns/op",1024,1,copyout,16384
"com.evolvedbinary.jnibench.jmhbench.GetJNIBenchmark.getIntoByteArraySetRegion:getIntoByteArraySetRegion·p0.90","sample",1,1,1400.000000,NaN,"ns/op",1024,1,copyout,16384
"com.evolvedbinary.jnibench.jmhbench.GetJNIBenchmark.getIntoByteArraySetRegion:getIntoByteArraySetRegion·p0.95","sample",1,1,1422.000000,NaN,"ns/op",1024,1,copyout,16384
"com.evolvedbinary.jnibench.jmhbench.GetJNIBenchmark.getIntoByteArraySetRegion:getIntoByteArraySetRegion·p0.99","sample",1,1,2808.000000,NaN,"ns/op",1024,1,copyout,16384
"com.evolvedbinary.jnibench.jmhbench.GetJNIBenchmark.getIntoByteArraySetRegion:getIntoByteArraySetRegion·p0.999","sample",1,1,11648.000000,NaN,"ns/op",1024,1,copyout,16384
"com.evolvedbinary.jnibench.jmhbench.GetJNIBenchmark.getIntoByteArraySetRegion:getIntoByteArraySetRegion·p0.9999","sample",1,1,13904.000000,NaN,"ns/op",1024,1,copyout,16384
"com.evolvedbinary.jnibench.jmhbench.GetJNIBenchmark.getIntoByteArraySetRegion:getIntoByteArraySetRegion·p1.00","sample",1,1,1083392.000000,NaN,"ns/op",1024,1,copyout,16384
"com.evolvedbinary.jnibench.jmhbench.GetJNIBenchmark.getIntoByteArraySetRegion","sample",1,3186838,2509.165464,2.022142,"ns/op",1024,1,copyout,32768
"com.evolvedbinary.jnibench.jmhbench.GetJNIBenchmark.getIntoByteArraySetRegion:getIntoByteArraySetRegion·p0.00","sample",1,1,2296.000000,NaN,"ns/op",1024,1,copyout,32768
"com.evolvedbinary.jnibench.jmhbench.GetJNIBenchmark.getIntoByteArraySetRegion:getIntoByteArraySetRegion·p0.50","sample",1,1,2436.000000,NaN,"ns/op",1024,1,copyout,32768
"com.evolvedbinary.jnibench.jmhbench.GetJNIBenchmark.getIntoByteArraySetRegion:getIntoByteArraySetRegion·p0.90","sample",1,1,2516.000000,NaN,"ns/op",1024,1,copyout,32768
"com.evolvedbinary.jnibench.jmhbench.GetJNIBenchmark.getIntoByteArraySetRegion:getIntoByteArraySetRegion·p0.95","sample",1,1,2576.000000,NaN,"ns/op",1024,1,copyout,32768
"com.evolvedbinary.jnibench.jmhbench.GetJNIBenchmark.getIntoByteArraySetRegion:getIntoByteArraySetRegion·p0.99","sample",1,1,4200.000000,NaN,"ns/op",1024,1,copyout,32768
"com.evolvedbinary.jnibench.jmhbench.GetJNIBenchmark.getIntoByteArraySetRegion:getIntoByteArraySetRegion·p0.999","sample",1,1,13136.000000,NaN,"ns/op",1024,1,copyout,32768
"com.evolvedbinary.jnibench.jmhbench.GetJNIBenchmark.getIntoByteArraySetRegion:getIntoByteArraySetRegion·p0.9999","sample",1,1,17674.115200,NaN,"ns/op",1024,1,copyout,32768
"com.evolvedbinary.jnibench.jmhbench.GetJNIBenchmark.getIntoByteArraySetRegion:getIntoByteArraySetRegion·p1.00","sample",1,1,967680.000000,NaN,"ns/op",1024,1,copyout,32768
"com.evolvedbinary.jnibench.jmhbench.GetJNIBenchmark.getIntoByteArraySetRegion","sample",1,3189497,4969.275389,7.405208,"ns/op",1024,1,copyout,65536
"com.evolvedbinary.jnibench.jmhbench.GetJNIBenchmark.getIntoByteArraySetRegion:getIntoByteArraySetRegion·p0.00","sample",1,1,4480.000000,NaN,"ns/op",1024,1,copyout,65536
"com.evolvedbinary.jnibench.jmhbench.GetJNIBenchmark.getIntoByteArraySetRegion:getIntoByteArraySetRegion·p0.50","sample",1,1,4856.000000,NaN,"ns/op",1024,1,copyout,65536
"com.evolvedbinary.jnibench.jmhbench.GetJNIBenchmark.getIntoByteArraySetRegion:getIntoByteArraySetRegion·p0.90","sample",1,1,5080.000000,NaN,"ns/op",1024,1,copyout,65536
"com.evolvedbinary.jnibench.jmhbench.GetJNIBenchmark.getIntoByteArraySetRegion:getIntoByteArraySetRegion·p0.95","sample",1,1,5168.000000,NaN,"ns/op",1024,1,copyout,65536
"com.evolvedbinary.jnibench.jmhbench.GetJNIBenchmark.getIntoByteArraySetRegion:getIntoByteArraySetRegion·p0.99","sample",1,1,7672.000000,NaN,"ns/op",1024,1,copyout,65536
"com.evolvedbinary.jnibench.jmhbench.GetJNIBenchmark.getIntoByteArraySetRegion:getIntoByteArraySetRegion·p0.999","sample",1,1,15872.000000,NaN,"ns/op",1024,1,copyout,65536
"com.evolvedbinary.jnibench.jmhbench.GetJNIBenchmark.getIntoByteArraySetRegion:getIntoByteArraySetRegion·p0.9999","sample",1,1,24385.606400,NaN,"ns/op",1024,1,copyout,65536
"com.evolvedbinary.jnibench.jmhbench.GetJNIBenchmark.getIntoByteArraySetRegion:getIntoByteArraySetRegion·p1.00","sample",1,1,4980736.000000,NaN,"ns/op",1024,1,copyout,65536
"com.evolvedbinary.jnibench.jmhbench.GetJNIBenchmark.getIntoDirectByteBuffer","sample",1,2980983,205.384285,1.427008,"ns/op",1024,1,none,10
"com.evolvedbinary.jnibench.jmhbench.GetJNIBenchmark.getIntoDirectByteBuffer:getIntoDirectByteBuffer·p0.00","sample",1,1,164.000000,NaN,"ns/op",1024,1,none,10
"com.evolvedbinary.jnibench.jmhbench.GetJNIBenchmark.getIntoDirectByteBuffer:getIntoDirectByteBuffer·p0.50","sample",1,1,182.000000,NaN,"ns/op",1024,1,none,10
"com.evolvedbinary.jnibench.jmhbench.GetJNIBenchmark.getIntoDirectByteBuffer:getIntoDirectByteBuffer·p0.90","sample",1,1,191.000000,NaN,"ns/op",1024,1,none,10
"com.evolvedbinary.jnibench.jmhbench.GetJNIBenchmark.getIntoDirectByteBuffer:getIntoDirectByteBuffer·p0.95","sample",1,1,198.000000,NaN,"ns/op",1024,1,none,10
"com.evolvedbinary.jnibench.jmhbench.GetJNIBenchmark.getIntoDirectByteBuffer:getIntoDirectByteBuffer·p0.99","sample",1,1,328.000000,NaN,"ns/op",1024,1,none,10
"com.evolvedbinary.jnibench.jmhbench.GetJNIBenchmark.getIntoDirectByteBuffer:getIntoDirectByteBuffer·p0.999","sample",1,1,4256.000000,NaN,"ns/op",1024,1,none,10
"com.evolvedbinary.jnibench.jmhbench.GetJNIBenchmark.getIntoDirectByteBuffer:getIntoDirectByteBuffer·p0.9999","sample",1,1,11360.000000,NaN,"ns/op",1024,1,none,10
"com.evolvedbinary.jnibench.jmhbench.GetJNIBenchmark.getIntoDirectByteBuffer:getIntoDirectByteBuffer·p1.00","sample",1,1,994304.000000,NaN,"ns/op",1024,1,none,10
"com.evolvedbinary.jnibench.jmhbench.GetJNIBenchmark.getIntoDirectByteBuffer","sample",1,3012092,203.335139,4.252490,"ns/op",1024,1,none,50
"com.evolvedbinary.jnibench.jmhbench.GetJNIBenchmark.getIntoDirectByteBuffer:getIntoDirectByteBuffer·p0.00","sample",1,1,161.000000,NaN,"ns/op",1024,1,none,50
"com.evolvedbinary.jnibench.jmhbench.GetJNIBenchmark.getIntoDirectByteBuffer:getIntoDirectByteBuffer·p0.50","sample",1,1,181.000000,NaN,"ns/op",1024,1,none,50
"com.evolvedbinary.jnibench.jmhbench.GetJNIBenchmark.getIntoDirectByteBuffer:getIntoDirectByteBuffer·p0.90","sample",1,1,193.000000,NaN,"ns/op",1024,1,none,50
"com.evolvedbinary.jnibench.jmhbench.GetJNIBenchmark.getIntoDirectByteBuffer:getIntoDirectByteBuffer·p0.95","sample",1,1,199.000000,NaN,"ns/op",1024,1,none,50
"com.evolvedbinary.jnibench.jmhbench.GetJNIBenchmark.getIntoDirectByteBuffer:getIntoDirectByteBuffer·p0.99","sample",1,1,293.000000,NaN,"ns/op",1024,1,none,50
"com.evolvedbinary.jnibench.jmhbench.GetJNIBenchmark.getIntoDirectByteBuffer:getIntoDirectByteBuffer·p0.999","sample",1,1,3988.000000,NaN,"ns/op",1024,1,none,50
"com.evolvedbinary.jnibench.jmhbench.GetJNIBenchmark.getIntoDirectByteBuffer:getIntoDirectByteBuffer·p0.9999","sample",1,1,11280.000000,NaN,"ns/op",1024,1,none,50
"com.evolvedbinary.jnibench.jmhbench.GetJNIBenchmark.getIntoDirectByteBuffer:getIntoDirectByteBuffer·p1.00","sample",1,1,3805184.000000,NaN,"ns/op",1024,1,none,50
"com.evolvedbinary.jnibench.jmhbench.GetJNIBenchmark.getIntoDirectByteBuffer","sample",1,2959105,205.807998,0.817535,"ns/op",1024,1,none,512
"com.evolvedbinary.jnibench.jmhbench.GetJNIBenchmark.getIntoDirectByteBuffer:getIntoDirectByteBuffer·p0.00","sample",1,1,164.000000,NaN,"ns/op",1024,1,none,512
"com.evolvedbinary.jnibench.jmhbench.GetJNIBenchmark.getIntoDirectByteBuffer:getIntoDirectByteBuffer·p0.50","sample",1,1,184.000000,NaN,"ns/op",1024,1,none,512
"com.evolvedbinary.jnibench.jmhbench.GetJNIBenchmark.getIntoDirectByteBuffer:getIntoDirectByteBuffer·p0.90","sample",1,1,193.000000,NaN,"ns/op",1024,1,none,512
"com.evolvedbinary.jnibench.jmhbench.GetJNIBenchmark.getIntoDirectByteBuffer:getIntoDirectByteBuffer·p0.95","sample",1,1,201.000000,NaN,"ns/op",1024,1,none,512
"com.evolvedbinary.jnibench.jmhbench.GetJNIBenchmark.getIntoDirectByteBuffer:getIntoDirectByteBuffer·p0.99","sample",1,1,343.000000,NaN,"ns/op",1024,1,none,512
"com.evolvedbinary.jnibench.jmhbench.GetJNIBenchmark.getIntoDirectByteBuffer:getIntoDirectByteBuffer·p0.999","sample",1,1,4200.000000,NaN,"ns/op",1024,1,none,512
"com.evolvedbinary.jnibench.jmhbench.GetJNIBenchmark.getIntoDirectByteBuffer:getIntoDirectByteBuffer·p0.9999","sample",1,1,11280.000000,NaN,"ns/op",1024,1,none,512
"com.evolvedbinary.jnibench.jmhbench.GetJNIBenchmark.getIntoDirectByteBuffer:getIntoDirectByteBuffer·p1.00","sample",1,1,150016.000000,NaN,"ns/op",1024,1,none,512
"com.evolvedbinary.jnibench.jmhbench.GetJNIBenchmark.getIntoDirectByteBuffer","sample",1,2934763,207.894219,4.158053,"ns/op",1024,1,none,1024
"com.evolvedbinary.jnibench.jmhbench.GetJNIBenchmark.getIntoDirectByteBuffer:getIntoDirectByteBuffer·p0.00","sample",1,1,166.000000,NaN,"ns/op",1024,1,none,1024
"com.evolvedbinary.jnibench.jmhbench.GetJNIBenchmark.getIntoDirectByteBuffer:getIntoDirectByteBuffer·p0.50","sample",1,1,185.000000,NaN,"ns/op",1024,1,none,1024
"com.evolvedbinary.jnibench.jmhbench.GetJNIBenchmark.getIntoDirectByteBuffer:getIntoDirectByteBuffer·p0.90","sample",1,1,196.000000,NaN,"ns/op",1024,1,none,1024
"com.evolvedbinary.jnibench.jmhbench.GetJNIBenchmark.getIntoDirectByteBuffer:getIntoDirectByteBuffer·p0.95","sample",1,1,204.000000,NaN,"ns/op",1024,1,none,1024
"com.evolvedbinary.jnibench.jmhbench.GetJNIBenchmark.getIntoDirectByteBuffer:getIntoDirectByteBuffer·p0.99","sample",1,1,313.000000,NaN,"ns/op",1024,1,none,1024
"com.evolvedbinary.jnibench.jmhbench.GetJNIBenchmark.getIntoDirectByteBuffer:getIntoDirectByteBuffer·p0.999","sample",1,1,4028.000000,NaN,"ns/op",1024,1,none,1024
"com.evolvedbinary.jnibench.jmhbench.GetJNIBenchmark.getIntoDirectByteBuffer:getIntoDirectByteBuffer·p0.9999","sample",1,1,11232.000000,NaN,"ns/op",1024,1,none,1024
"com.evolvedbinary.jnibench.jmhbench.GetJNIBenchmark.getIntoDirectByteBuffer:getIntoDirectByteBuffer·p1.00","sample",1,1,3637248.000000,NaN,"ns/op",1024,1,none,1024
"com.evolvedbinary.jnibench.jmhbench.GetJNIBenchmark.getIntoDirectByteBuffer","sample",1,4410596,237.231007,0.641782,"ns/op",1024,1,none,4096
"com.evolvedbinary.jnibench.jmhbench.GetJNIBenchmark.getIntoDirectByteBuffer:getIntoDirectByteBuffer·p0.00","sample",1,1,193.000000,NaN,"ns/op",1024,1,none,4096
"com.evolvedbinary.jnibench.jmhbench.GetJNIBenchmark.getIntoDirectByteBuffer:getIntoDirectByteBuffer·p0.50","sample",1,1,218.000000,NaN,"ns/op",1024,1,none,4096
"com.evolvedbinary.jnibench.jmhbench.GetJNIBenchmark.getIntoDirectByteBuffer:getIntoDirectByteBuffer·p0.90","sample",1,1,234.000000,NaN,"ns/op",1024,1,none,4096
"com.evolvedbinary.jnibench.jmhbench.GetJNIBenchmark.getIntoDirectByteBuffer:getIntoDirectByteBuffer·p0.95","sample",1,1,239.000000,NaN,"ns/op",1024,1,none,4096
"com.evolvedbinary.jnibench.jmhbench.GetJNIBenchmark.getIntoDirectByteBuffer:getIntoDirectByteBuffer·p0.99","sample",1,1,334.000000,NaN,"ns/op",1024,1,none,4096
"com.evolvedbinary.jnibench.jmhbench.GetJNIBenchmark.getIntoDirectByteBuffer:getIntoDirectByteBuffer·p0.999","sample",1,1,3756.000000,NaN,"ns/op",1024,1,none,4096
"com.evolvedbinary.jnibench.jmhbench.GetJNIBenchmark.getIntoDirectByteBuffer:getIntoDirectByteBuffer·p0.9999","sample",1,1,11216.000000,NaN,"ns/op",1024,1,none,4096
"com.evolvedbinary.jnibench.jmhbench.GetJNIBenchmark.getIntoDirectByteBuffer:getIntoDirectByteBuffer·p1.00","sample",1,1,166912.000000,NaN,"ns/op",1024,1,none,4096
"com.evolvedbinary.jnibench.jmhbench.GetJNIBenchmark.getIntoDirectByteBuffer","sample",1,3110771,674.167045,1.818469,"ns/op",1024,1,none,16384
"com.evolvedbinary.jnibench.jmhbench.GetJNIBenchmark.getIntoDirectByteBuffer:getIntoDirectByteBuffer·p0.00","sample",1,1,513.000000,NaN,"ns/op",1024,1,none,16384
"com.evolvedbinary.jnibench.jmhbench.GetJNIBenchmark.getIntoDirectByteBuffer:getIntoDirectByteBuffer·p0.50","sample",1,1,639.000000,NaN,"ns/op",1024,1,none,16384
"com.evolvedbinary.jnibench.jmhbench.GetJNIBenchmark.getIntoDirectByteBuffer:getIntoDirectByteBuffer·p0.90","sample",1,1,668.000000,NaN,"ns/op",1024,1,none,16384
"com.evolvedbinary.jnibench.jmhbench.GetJNIBenchmark.getIntoDirectByteBuffer:getIntoDirectByteBuffer·p0.95","sample",1,1,681.000000,NaN,"ns/op",1024,1,none,16384
"com.evolvedbinary.jnibench.jmhbench.GetJNIBenchmark.getIntoDirectByteBuffer:getIntoDirectByteBuffer·p0.99","sample",1,1,1898.000000,NaN,"ns/op",1024,1,none,16384
"com.evolvedbinary.jnibench.jmhbench.GetJNIBenchmark.getIntoDirectByteBuffer:getIntoDirectByteBuffer·p0.999","sample",1,1,10864.000000,NaN,"ns/op",1024,1,none,16384
"com.evolvedbinary.jnibench.jmhbench.GetJNIBenchmark.getIntoDirectByteBuffer:getIntoDirectByteBuffer·p0.9999","sample",1,1,11920.000000,NaN,"ns/op",1024,1,none,16384
"com.evolvedbinary.jnibench.jmhbench.GetJNIBenchmark.getIntoDirectByteBuffer:getIntoDirectByteBuffer·p1.00","sample",1,1,985088.000000,NaN,"ns/op",1024,1,none,16384
"com.evolvedbinary.jnibench.jmhbench.GetJNIBenchmark.getIntoDirectByteBuffer","sample",1,2988297,1371.433412,6.553536,"ns/op",1024,1,none,32768
"com.evolvedbinary.jnibench.jmhbench.GetJNIBenchmark.getIntoDirectByteBuffer:getIntoDirectByteBuffer·p0.00","sample",1,1,1172.000000,NaN,"ns/op",1024,1,none,32768
"com.evolvedbinary.jnibench.jmhbench.GetJNIBenchmark.getIntoDirectByteBuffer:getIntoDirectByteBuffer·p0.50","sample",1,1,1314.000000,NaN,"ns/op",1024,1,none,32768
"com.evolvedbinary.jnibench.jmhbench.GetJNIBenchmark.getIntoDirectByteBuffer:getIntoDirectByteBuffer·p0.90","sample",1,1,1344.000000,NaN,"ns/op",1024,1,none,32768
"com.evolvedbinary.jnibench.jmhbench.GetJNIBenchmark.getIntoDirectByteBuffer:getIntoDirectByteBuffer·p0.95","sample",1,1,1384.000000,NaN,"ns/op",1024,1,none,32768
"com.evolvedbinary.jnibench.jmhbench.GetJNIBenchmark.getIntoDirectByteBuffer:getIntoDirectByteBuffer·p0.99","sample",1,1,2828.000000,NaN,"ns/op",1024,1,none,32768
"com.evolvedbinary.jnibench.jmhbench.GetJNIBenchmark.getIntoDirectByteBuffer:getIntoDirectByteBuffer·p0.999","sample",1,1,11888.000000,NaN,"ns/op",1024,1,none,32768
"com.evolvedbinary.jnibench.jmhbench.GetJNIBenchmark.getIntoDirectByteBuffer:getIntoDirectByteBuffer·p0.9999","sample",1,1,13557.446400,NaN,"ns/op",1024,1,none,32768
"com.evolvedbinary.jnibench.jmhbench.GetJNIBenchmark.getIntoDirectByteBuffer:getIntoDirectByteBuffer·p1.00","sample",1,1,4718592.000000,NaN,"ns/op",1024,1,none,32768
"com.evolvedbinary.jnibench.jmhbench.GetJNIBenchmark.getIntoDirectByteBuffer","sample",1,3252614,2470.370682,5.444638,"ns/op",1024,1,none,65536
"com.evolvedbinary.jnibench.jmhbench.GetJNIBenchmark.getIntoDirectByteBuffer:getIntoDirectByteBuffer·p0.00","sample",1,1,2236.000000,NaN,"ns/op",1024,1,none,65536
"com.evolvedbinary.jnibench.jmhbench.GetJNIBenchmark.getIntoDirectByteBuffer:getIntoDirectByteBuffer·p0.50","sample",1,1,2408.000000,NaN,"ns/op",1024,1,none,65536
"com.evolvedbinary.jnibench.jmhbench.GetJNIBenchmark.getIntoDirectByteBuffer:getIntoDirectByteBuffer·p0.90","sample",1,1,2468.000000,NaN,"ns/op",1024,1,none,65536
"com.evolvedbinary.jnibench.jmhbench.GetJNIBenchmark.getIntoDirectByteBuffer:getIntoDirectByteBuffer·p0.95","sample",1,1,2544.000000,NaN,"ns/op",1024,1,none,65536
"com.evolvedbinary.jnibench.jmhbench.GetJNIBenchmark.getIntoDirectByteBuffer:getIntoDirectByteBuffer·p0.99","sample",1,1,4136.000000,NaN,"ns/op",1024,1,none,65536
"com.evolvedbinary.jnibench.jmhbench.GetJNIBenchmark.getIntoDirectByteBuffer:getIntoDirectByteBuffer·p0.999","sample",1,1,13248.000000,NaN,"ns/op",1024,1,none,65536
"com.evolvedbinary.jnibench.jmhbench.GetJNIBenchmark.getIntoDirectByteBuffer:getIntoDirectByteBuffer·p0.9999","sample",1,1,17495.632000,NaN,"ns/op",1024,1,none,65536
"com.evolvedbinary.jnibench.jmhbench.GetJNIBenchmark.getIntoDirectByteBuffer:getIntoDirectByteBuffer·p1.00","sample",1,1,4980736.000000,NaN,"ns/op",1024,1,none,65536
"com.evolvedbinary.jnibench.jmhbench.GetJNIBenchmark.getIntoDirectByteBuffer","sample",1,3103287,225.594617,0.862653,"ns/op",1024,1,copyout,10
"com.evolvedbinary.jnibench.jmhbench.GetJNIBenchmark.getIntoDirectByteBuffer:getIntoDirectByteBuffer·p0.00","sample",1,1,182.000000,NaN,"ns/op",1024,1,copyout,10
"com.evolvedbinary.jnibench.jmhbench.GetJNIBenchmark.getIntoDirectByteBuffer:getIntoDirectByteBuffer·p0.50","sample",1,1,203.000000,NaN,"ns/op",1024,1,copyout,10
"com.evolvedbinary.jnibench.jmhbench.GetJNIBenchmark.getIntoDirectByteBuffer:getIntoDirectByteBuffer·p0.90","sample",1,1,213.000000,NaN,"ns/op",1024,1,copyout,10
"com.evolvedbinary.jnibench.jmhbench.GetJNIBenchmark.getIntoDirectByteBuffer:getIntoDirectByteBuffer·p0.95","sample",1,1,220.000000,NaN,"ns/op",1024,1,copyout,10
"com.evolvedbinary.jnibench.jmhbench.GetJNIBenchmark.getIntoDirectByteBuffer:getIntoDirectByteBuffer·p0.99","sample",1,1,343.000000,NaN,"ns/op",1024,1,copyout,10
"com.evolvedbinary.jnibench.jmhbench.GetJNIBenchmark.getIntoDirectByteBuffer:getIntoDirectByteBuffer·p0.999","sample",1,1,4528.000000,NaN,"ns/op",1024,1,copyout,10
"com.evolvedbinary.jnibench.jmhbench.GetJNIBenchmark.getIntoDirectByteBuffer:getIntoDirectByteBuffer·p0.9999","sample",1,1,11344.000000,NaN,"ns/op",1024,1,copyout,10
"com.evolvedbinary.jnibench.jmhbench.GetJNIBenchmark.getIntoDirectByteBuffer:getIntoDirectByteBuffer·p1.00","sample",1,1,154368.000000,NaN,"ns/op",1024,1,copyout,10
"com.evolvedbinary.jnibench.jmhbench.GetJNIBenchmark.getIntoDirectByteBuffer","sample",1,2904771,227.382901,6.175658,"ns/op",1024,1,copyout,50
"com.evolvedbinary.jnibench.jmhbench.GetJNIBenchmark.getIntoDirectByteBuffer:getIntoDirectByteBuffer·p0.00","sample",1,1,182.000000,NaN,"ns/op",1024,1,copyout,50
"com.evolvedbinary.jnibench.jmhbench.GetJNIBenchmark.getIntoDirectByteBuffer:getIntoDirectByteBuffer·p0.50","sample",1,1,201.000000,NaN,"ns/op",1024,1,copyout,50
"com.evolvedbinary.jnibench.jmhbench.GetJNIBenchmark.getIntoDirectByteBuffer:getIntoDirectByteBuffer·p0.90","sample",1,1,211.000000,NaN,"ns/op",1024,1,copyout,50
"com.evolvedbinary.jnibench.jmhbench.GetJNIBenchmark.getIntoDirectByteBuffer:getIntoDirectByteBuffer·p0.95","sample",1,1,219.000000,NaN,"ns/op",1024,1,copyout,50
"com.evolvedbinary.jnibench.jmhbench.GetJNIBenchmark.getIntoDirectByteBuffer:getIntoDirectByteBuffer·p0.99","sample",1,1,388.000000,NaN,"ns/op",1024,1,copyout,50
"com.evolvedbinary.jnibench.jmhbench.GetJNIBenchmark.getIntoDirectByteBuffer:getIntoDirectByteBuffer·p0.999","sample",1,1,4969.824000,NaN,"ns/op",1024,1,copyout,50
"com.evolvedbinary.jnibench.jmhbench.GetJNIBenchmark.getIntoDirectByteBuffer:getIntoDirectByteBuffer·p0.9999","sample",1,1,11376.000000,NaN,"ns/op",1024,1,copyout,50
"com.evolvedbinary.jnibench.jmhbench.GetJNIBenchmark.getIntoDirectByteBuffer:getIntoDirectByteBuffer·p1.00","sample",1,1,4300800.000000,NaN,"ns/op",1024,1,copyout,50
"com.evolvedbinary.jnibench.jmhbench.GetJNIBenchmark.getIntoDirectByteBuffer","sample",1,3184728,236.304769,3.771949,"ns/op",1024,1,copyout,512
"com.evolvedbinary.jnibench.jmhbench.GetJNIBenchmark.getIntoDirectByteBuffer:getIntoDirectByteBuffer·p0.00","sample",1,1,187.000000,NaN,"ns/op",1024,1,copyout,512
"com.evolvedbinary.jnibench.jmhbench.GetJNIBenchmark.getIntoDirectByteBuffer:getIntoDirectByteBuffer·p0.50","sample",1,1,211.000000,NaN,"ns/op",1024,1,copyout,512
"com.evolvedbinary.jnibench.jmhbench.GetJNIBenchmark.getIntoDirectByteBuffer:getIntoDirectByteBuffer·p0.90","sample",1,1,225.000000,NaN,"ns/op",1024,1,copyout,512
"com.evolvedbinary.jnibench.jmhbench.GetJNIBenchmark.getIntoDirectByteBuffer:getIntoDirectByteBuffer·p0.95","sample",1,1,231.000000,NaN,"ns/op",1024,1,copyout,512
"com.evolvedbinary.jnibench.jmhbench.GetJNIBenchmark.getIntoDirectByteBuffer:getIntoDirectByteBuffer·p0.99","sample",1,1,432.000000,NaN,"ns/op",1024,1,copyout,512
"com.evolvedbinary.jnibench.jmhbench.GetJNIBenchmark.getIntoDirectByteBuffer:getIntoDirectByteBuffer·p0.999","sample",1,1,4274.168000,NaN,"ns/op",1024,1,copyout,512
"com.evolvedbinary.jnibench.jmhbench.GetJNIBenchmark.getIntoDirectByteBuffer:getIntoDirectByteBuffer·p0.9999","sample",1,1,11424.000000,NaN,"ns/op",1024,1,copyout,512
"com.evolvedbinary.jnibench.jmhbench.GetJNIBenchmark.getIntoDirectByteBuffer:getIntoDirectByteBuffer·p1.00","sample",1,1,3538944.000000,NaN,"ns/op",1024,1,copyout,512
"com.evolvedbinary.jnibench.jmhbench.GetJNIBenchmark.getIntoDirectByteBuffer","sample",1,4584958,239.735798,1.001086,"ns/op",1024,1,copyout,1024
"com.evolvedbinary.jnibench.jmhbench.GetJNIBenchmark.getIntoDirectByteBuffer:getIntoDirectByteBuffer·p0.00","sample",1,1,196.000000,NaN,"ns/op",1024,1,copyout,1024
"com.evolvedbinary.jnibench.jmhbench.GetJNIBenchmark.getIntoDirectByteBuffer:getIntoDirectByteBuffer·p0.50","sample",1,1,220.000000,NaN,"ns/op",1024,1,copyout,1024
"com.evolvedbinary.jnibench.jmhbench.GetJNIBenchmark.getIntoDirectByteBuffer:getIntoDirectByteBuffer·p0.90","sample",1,1,241.000000,NaN,"ns/op",1024,1,copyout,1024
"com.evolvedbinary.jnibench.jmhbench.GetJNIBenchmark.getIntoDirectByteBuffer:getIntoDirectByteBuffer·p0.95","sample",1,1,249.000000,NaN,"ns/op",1024,1,copyout,1024
"com.evolvedbinary.jnibench.jmhbench.GetJNIBenchmark.getIntoDirectByteBuffer:getIntoDirectByteBuffer·p0.99","sample",1,1,291.000000,NaN,"ns/op",1024,1,copyout,1024
"com.evolvedbinary.jnibench.jmhbench.GetJNIBenchmark.getIntoDirectByteBuffer:getIntoDirectByteBuffer·p0.999","sample",1,1,3752.000000,NaN,"ns/op",1024,1,copyout,1024
"com.evolvedbinary.jnibench.jmhbench.GetJNIBenchmark.getIntoDirectByteBuffer:getIntoDirectByteBuffer·p0.9999","sample",1,1,11248.000000,NaN,"ns/op",1024,1,copyout,1024
"com.evolvedbinary.jnibench.jmhbench.GetJNIBenchmark.getIntoDirectByteBuffer:getIntoDirectByteBuffer·p1.00","sample",1,1,1116160.000000,NaN,"ns/op",1024,1,copyout,1024
"com.evolvedbinary.jnibench.jmhbench.GetJNIBenchmark.getIntoDirectByteBuffer","sample",1,3552152,378.411497,3.858357,"ns/op",1024,1,copyout,4096
"com.evolvedbinary.jnibench.jmhbench.GetJNIBenchmark.getIntoDirectByteBuffer:getIntoDirectByteBuffer·p0.00","sample",1,1,262.000000,NaN,"ns/op",1024,1,copyout,4096
"com.evolvedbinary.jnibench.jmhbench.GetJNIBenchmark.getIntoDirectByteBuffer:getIntoDirectByteBuffer·p0.50","sample",1,1,315.000000,NaN,"ns/op",1024,1,copyout,4096
"com.evolvedbinary.jnibench.jmhbench.GetJNIBenchmark.getIntoDirectByteBuffer:getIntoDirectByteBuffer·p0.90","sample",1,1,509.000000,NaN,"ns/op",1024,1,copyout,4096
"com.evolvedbinary.jnibench.jmhbench.GetJNIBenchmark.getIntoDirectByteBuffer:getIntoDirectByteBuffer·p0.95","sample",1,1,550.000000,NaN,"ns/op",1024,1,copyout,4096
"com.evolvedbinary.jnibench.jmhbench.GetJNIBenchmark.getIntoDirectByteBuffer:getIntoDirectByteBuffer·p0.99","sample",1,1,609.000000,NaN,"ns/op",1024,1,copyout,4096
"com.evolvedbinary.jnibench.jmhbench.GetJNIBenchmark.getIntoDirectByteBuffer:getIntoDirectByteBuffer·p0.999","sample",1,1,6620.328000,NaN,"ns/op",1024,1,copyout,4096
"com.evolvedbinary.jnibench.jmhbench.GetJNIBenchmark.getIntoDirectByteBuffer:getIntoDirectByteBuffer·p0.9999","sample",1,1,11504.000000,NaN,"ns/op",1024,1,copyout,4096
"com.evolvedbinary.jnibench.jmhbench.GetJNIBenchmark.getIntoDirectByteBuffer:getIntoDirectByteBuffer·p1.00","sample",1,1,4046848.000000,NaN,"ns/op",1024,1,copyout,4096
"com.evolvedbinary.jnibench.jmhbench.GetJNIBenchmark.getIntoDirectByteBuffer","sample",1,3132477,1301.800145,7.435756,"ns/op",1024,1,copyout,16384
"com.evolvedbinary.jnibench.jmhbench.GetJNIBenchmark.getIntoDirectByteBuffer:getIntoDirectByteBuffer·p0.00","sample",1,1,1010.000000,NaN,"ns/op",1024,1,copyout,16384
"com.evolvedbinary.jnibench.jmhbench.GetJNIBenchmark.getIntoDirectByteBuffer:getIntoDirectByteBuffer·p0.50","sample",1,1,1232.000000,NaN,"ns/op",1024,1,copyout,16384
"com.evolvedbinary.jnibench.jmhbench.GetJNIBenchmark.getIntoDirectByteBuffer:getIntoDirectByteBuffer·p0.90","sample",1,1,1320.000000,NaN,"ns/op",1024,1,copyout,16384
"com.evolvedbinary.jnibench.jmhbench.GetJNIBenchmark.getIntoDirectByteBuffer:getIntoDirectByteBuffer·p0.95","sample",1,1,1344.000000,NaN,"ns/op",1024,1,copyout,16384
"com.evolvedbinary.jnibench.jmhbench.GetJNIBenchmark.getIntoDirectByteBuffer:getIntoDirectByteBuffer·p0.99","sample",1,1,2868.000000,NaN,"ns/op",1024,1,copyout,16384
"com.evolvedbinary.jnibench.jmhbench.GetJNIBenchmark.getIntoDirectByteBuffer:getIntoDirectByteBuffer·p0.999","sample",1,1,11696.000000,NaN,"ns/op",1024,1,copyout,16384
"com.evolvedbinary.jnibench.jmhbench.GetJNIBenchmark.getIntoDirectByteBuffer:getIntoDirectByteBuffer·p0.9999","sample",1,1,13788.035200,NaN,"ns/op",1024,1,copyout,16384
"com.evolvedbinary.jnibench.jmhbench.GetJNIBenchmark.getIntoDirectByteBuffer:getIntoDirectByteBuffer·p1.00","sample",1,1,3993600.000000,NaN,"ns/op",1024,1,copyout,16384
"com.evolvedbinary.jnibench.jmhbench.GetJNIBenchmark.getIntoDirectByteBuffer","sample",1,3142527,2543.283990,6.203411,"ns/op",1024,1,copyout,32768
"com.evolvedbinary.jnibench.jmhbench.GetJNIBenchmark.getIntoDirectByteBuffer:getIntoDirectByteBuffer·p0.00","sample",1,1,2320.000000,NaN,"ns/op",1024,1,copyout,32768
"com.evolvedbinary.jnibench.jmhbench.GetJNIBenchmark.getIntoDirectByteBuffer:getIntoDirectByteBuffer·p0.50","sample",1,1,2460.000000,NaN,"ns/op",1024,1,copyout,32768
"com.evolvedbinary.jnibench.jmhbench.GetJNIBenchmark.getIntoDirectByteBuffer:getIntoDirectByteBuffer·p0.90","sample",1,1,2564.000000,NaN,"ns/op",1024,1,copyout,32768
"com.evolvedbinary.jnibench.jmhbench.GetJNIBenchmark.getIntoDirectByteBuffer:getIntoDirectByteBuffer·p0.95","sample",1,1,2604.000000,NaN,"ns/op",1024,1,copyout,32768
"com.evolvedbinary.jnibench.jmhbench.GetJNIBenchmark.getIntoDirectByteBuffer:getIntoDirectByteBuffer·p0.99","sample",1,1,4296.000000,NaN,"ns/op",1024,1,copyout,32768
"com.evolvedbinary.jnibench.jmhbench.GetJNIBenchmark.getIntoDirectByteBuffer:getIntoDirectByteBuffer·p0.999","sample",1,1,13280.000000,NaN,"ns/op",1024,1,copyout,32768
"com.evolvedbinary.jnibench.jmhbench.GetJNIBenchmark.getIntoDirectByteBuffer:getIntoDirectByteBuffer·p0.9999","sample",1,1,17952.000000,NaN,"ns/op",1024,1,copyout,32768
"com.evolvedbinary.jnibench.jmhbench.GetJNIBenchmark.getIntoDirectByteBuffer:getIntoDirectByteBuffer·p1.00","sample",1,1,3158016.000000,NaN,"ns/op",1024,1,copyout,32768
"com.evolvedbinary.jnibench.jmhbench.GetJNIBenchmark.getIntoDirectByteBuffer","sample",1,3229025,4915.267783,5.463416,"ns/op",1024,1,copyout,65536
"com.evolvedbinary.jnibench.jmhbench.GetJNIBenchmark.getIntoDirectByteBuffer:getIntoDirectByteBuffer·p0.00","sample",1,1,4544.000000,NaN,"ns/op",1024,1,copyout,65536
"com.evolvedbinary.jnibench.jmhbench.GetJNIBenchmark.getIntoDirectByteBuffer:getIntoDirectByteBuffer·p0.50","sample",1,1,4792.000000,NaN,"ns/op",1024,1,copyout,65536
"com.evolvedbinary.jnibench.jmhbench.GetJNIBenchmark.getIntoDirectByteBuffer:getIntoDirectByteBuffer·p0.90","sample",1,1,5080.000000,NaN,"ns/op",1024,1,copyout,65536
"com.evolvedbinary.jnibench.jmhbench.GetJNIBenchmark.getIntoDirectByteBuffer:getIntoDirectByteBuffer·p0.95","sample",1,1,5152.000000,NaN,"ns/op",1024,1,copyout,65536
"com.evolvedbinary.jnibench.jmhbench.GetJNIBenchmark.getIntoDirectByteBuffer:getIntoDirectByteBuffer·p0.99","sample",1,1,7632.000000,NaN,"ns/op",1024,1,copyout,65536
"com.evolvedbinary.jnibench.jmhbench.GetJNIBenchmark.getIntoDirectByteBuffer:getIntoDirectByteBuffer·p0.999","sample",1,1,15920.000000,NaN,"ns/op",1024,1,copyout,65536
"com.evolvedbinary.jnibench.jmhbench.GetJNIBenchmark.getIntoDirectByteBuffer:getIntoDirectByteBuffer·p0.9999","sample",1,1,25126.233600,NaN,"ns/op",1024,1,copyout,65536
"com.evolvedbinary.jnibench.jmhbench.GetJNIBenchmark.getIntoDirectByteBuffer:getIntoDirectByteBuffer·p1.00","sample",1,1,4612096.000000,NaN,"ns/op",1024,1,copyout,65536
"com.evolvedbinary.jnibench.jmhbench.GetJNIBenchmark.getIntoIndirectByteBufferGetCritical","sample",1,3318529,341.406179,5.235970,"ns/op",1024,1,none,10
"com.evolvedbinary.jnibench.jmhbench.GetJNIBenchmark.getIntoIndirectByteBufferGetCritical:getIntoIndirectByteBufferGetCritical·p0.00","sample",1,1,274.000000,NaN,"ns/op",1024,1,none,10
"com.evolvedbinary.jnibench.jmhbench.GetJNIBenchmark.getIntoIndirectByteBufferGetCritical:getIntoIndirectByteBufferGetCritical·p0.50","sample",1,1,302.000000,NaN,"ns/op",1024,1,none,10
"com.evolvedbinary.jnibench.jmhbench.GetJNIBenchmark.getIntoIndirectByteBufferGetCritical:getIntoIndirectByteBufferGetCritical·p0.90","sample",1,1,349.000000,NaN,"ns/op",1024,1,none,10
"com.evolvedbinary.jnibench.jmhbench.GetJNIBenchmark.getIntoIndirectByteBufferGetCritical:getIntoIndirectByteBufferGetCritical·p0.95","sample",1,1,358.000000,NaN,"ns/op",1024,1,none,10
"com.evolvedbinary.jnibench.jmhbench.GetJNIBenchmark.getIntoIndirectByteBufferGetCritical:getIntoIndirectByteBufferGetCritical·p0.99","sample",1,1,620.000000,NaN,"ns/op",1024,1,none,10
"com.evolvedbinary.jnibench.jmhbench.GetJNIBenchmark.getIntoIndirectByteBufferGetCritical:getIntoIndirectByteBufferGetCritical·p0.999","sample",1,1,5752.000000,NaN,"ns/op",1024,1,none,10
"com.evolvedbinary.jnibench.jmhbench.GetJNIBenchmark.getIntoIndirectByteBufferGetCritical:getIntoIndirectByteBufferGetCritical·p0.9999","sample",1,1,11552.000000,NaN,"ns/op",1024,1,none,10
"com.evolvedbinary.jnibench.jmhbench.GetJNIBenchmark.getIntoIndirectByteBufferGetCritical:getIntoIndirectByteBufferGetCritical·p1.00","sample",1,1,5210112.000000,NaN,"ns/op",1024,1,none,10
"com.evolvedbinary.jnibench.jmhbench.GetJNIBenchmark.getIntoIndirectByteBufferGetCritical","sample",1,3477016,326.377243,0.933116,"ns/op",1024,1,none,50
"com.evolvedbinary.jnibench.jmhbench.GetJNIBenchmark.getIntoIndirectByteBufferGetCritical:getIntoIndirectByteBufferGetCritical·p0.00","sample",1,1,272.000000,NaN,"ns/op",1024,1,none,50
"com.evolvedbinary.jnibench.jmhbench.GetJNIBenchmark.getIntoIndirectByteBufferGetCritical:getIntoIndirectByteBufferGetCritical·p0.50","sample",1,1,296.000000,NaN,"ns/op",1024,1,none,50
"com.evolvedbinary.jnibench.jmhbench.GetJNIBenchmark.getIntoIndirectByteBufferGetCritical:getIntoIndirectByteBufferGetCritical·p0.90","sample",1,1,315.000000,NaN,"ns/op",1024,1,none,50
"com.evolvedbinary.jnibench.jmhbench.GetJNIBenchmark.getIntoIndirectByteBufferGetCritical:getIntoIndirectByteBufferGetCritical·p0.95","sample",1,1,328.000000,NaN,"ns/op",1024,1,none,50
"com.evolvedbinary.jnibench.jmhbench.GetJNIBenchmark.getIntoIndirectByteBufferGetCritical:getIntoIndirectByteBufferGetCritical·p0.99","sample",1,1,672.000000,NaN,"ns/op",1024,1,none,50
"com.evolvedbinary.jnibench.jmhbench.GetJNIBenchmark.getIntoIndirectByteBufferGetCritical:getIntoIndirectByteBufferGetCritical·p0.999","sample",1,1,5527.864000,NaN,"ns/op",1024,1,none,50
"com.evolvedbinary.jnibench.jmhbench.GetJNIBenchmark.getIntoIndirectByteBufferGetCritical:getIntoIndirectByteBufferGetCritical·p0.9999","sample",1,1,11552.000000,NaN,"ns/op",1024,1,none,50
"com.evolvedbinary.jnibench.jmhbench.GetJNIBenchmark.getIntoIndirectByteBufferGetCritical:getIntoIndirectByteBufferGetCritical·p1.00","sample",1,1,198400.000000,NaN,"ns/op",1024,1,none,50
"com.evolvedbinary.jnibench.jmhbench.GetJNIBenchmark.getIntoIndirectByteBufferGetCritical","sample",1,3400160,333.287478,0.944802,"ns/op",1024,1,none,512
"com.evolvedbinary.jnibench.jmhbench.GetJNIBenchmark.getIntoIndirectByteBufferGetCritical:getIntoIndirectByteBufferGetCritical·p0.00","sample",1,1,276.000000,NaN,"ns/op",1024,1,none,512
"com.evolvedbinary.jnibench.jmhbench.GetJNIBenchmark.getIntoIndirectByteBufferGetCritical:getIntoIndirectByteBufferGetCritical·p0.50","sample",1,1,302.000000,NaN,"ns/op",1024,1,none,512
"com.evolvedbinary.jnibench.jmhbench.GetJNIBenchmark.getIntoIndirectByteBufferGetCritical:getIntoIndirectByteBufferGetCritical·p0.90","sample",1,1,325.000000,NaN,"ns/op",1024,1,none,512
"com.evolvedbinary.jnibench.jmhbench.GetJNIBenchmark.getIntoIndirectByteBufferGetCritical:getIntoIndirectByteBufferGetCritical·p0.95","sample",1,1,335.000000,NaN,"ns/op",1024,1,none,512
"com.evolvedbinary.jnibench.jmhbench.GetJNIBenchmark.getIntoIndirectByteBufferGetCritical:getIntoIndirectByteBufferGetCritical·p0.99","sample",1,1,616.000000,NaN,"ns/op",1024,1,none,512
"com.evolvedbinary.jnibench.jmhbench.GetJNIBenchmark.getIntoIndirectByteBufferGetCritical:getIntoIndirectByteBufferGetCritical·p0.999","sample",1,1,5516.136000,NaN,"ns/op",1024,1,none,512
"com.evolvedbinary.jnibench.jmhbench.GetJNIBenchmark.getIntoIndirectByteBufferGetCritical:getIntoIndirectByteBufferGetCritical·p0.9999","sample",1,1,11456.000000,NaN,"ns/op",1024,1,none,512
"com.evolvedbinary.jnibench.jmhbench.GetJNIBenchmark.getIntoIndirectByteBufferGetCritical:getIntoIndirectByteBufferGetCritical·p1.00","sample",1,1,196352.000000,NaN,"ns/op",1024,1,none,512
"com.evolvedbinary.jnibench.jmhbench.GetJNIBenchmark.getIntoIndirectByteBufferGetCritical","sample",1,3396296,332.690339,3.887650,"ns/op",1024,1,none,1024
"com.evolvedbinary.jnibench.jmhbench.GetJNIBenchmark.getIntoIndirectByteBufferGetCritical:getIntoIndirectByteBufferGetCritical·p0.00","sample",1,1,281.000000,NaN,"ns/op",1024,1,none,1024
"com.evolvedbinary.jnibench.jmhbench.GetJNIBenchmark.getIntoIndirectByteBufferGetCritical:getIntoIndirectByteBufferGetCritical·p0.50","sample",1,1,301.000000,NaN,"ns/op",1024,1,none,1024
"com.evolvedbinary.jnibench.jmhbench.GetJNIBenchmark.getIntoIndirectByteBufferGetCritical:getIntoIndirectByteBufferGetCritical·p0.90","sample",1,1,330.000000,NaN,"ns/op",1024,1,none,1024
"com.evolvedbinary.jnibench.jmhbench.GetJNIBenchmark.getIntoIndirectByteBufferGetCritical:getIntoIndirectByteBufferGetCritical·p0.95","sample",1,1,337.000000,NaN,"ns/op",1024,1,none,1024
"com.evolvedbinary.jnibench.jmhbench.GetJNIBenchmark.getIntoIndirectByteBufferGetCritical:getIntoIndirectByteBufferGetCritical·p0.99","sample",1,1,662.000000,NaN,"ns/op",1024,1,none,1024
"com.evolvedbinary.jnibench.jmhbench.GetJNIBenchmark.getIntoIndirectByteBufferGetCritical:getIntoIndirectByteBufferGetCritical·p0.999","sample",1,1,5013.624000,NaN,"ns/op",1024,1,none,1024
"com.evolvedbinary.jnibench.jmhbench.GetJNIBenchmark.getIntoIndirectByteBufferGetCritical:getIntoIndirectByteBufferGetCritical·p0.9999","sample",1,1,11504.000000,NaN,"ns/op",1024,1,none,1024
"com.evolvedbinary.jnibench.jmhbench.GetJNIBenchmark.getIntoIndirectByteBufferGetCritical:getIntoIndirectByteBufferGetCritical·p1.00","sample",1,1,3907584.000000,NaN,"ns/op",1024,1,none,1024
"com.evolvedbinary.jnibench.jmhbench.GetJNIBenchmark.getIntoIndirectByteBufferGetCritical","sample",1,3373187,396.513208,1.267783,"ns/op",1024,1,none,4096
"com.evolvedbinary.jnibench.jmhbench.GetJNIBenchmark.getIntoIndirectByteBufferGetCritical:getIntoIndirectByteBufferGetCritical·p0.00","sample",1,1,310.000000,NaN,"ns/op",1024,1,none,4096
"com.evolvedbinary.jnibench.jmhbench.GetJNIBenchmark.getIntoIndirectByteBufferGetCritical:getIntoIndirectByteBufferGetCritical·p0.50","sample",1,1,353.000000,NaN,"ns/op",1024,1,none,4096
"com.evolvedbinary.jnibench.jmhbench.GetJNIBenchmark.getIntoIndirectByteBufferGetCritical:getIntoIndirectByteBufferGetCritical·p0.90","sample",1,1,426.000000,NaN,"ns/op",1024,1,none,4096
"com.evolvedbinary.jnibench.jmhbench.GetJNIBenchmark.getIntoIndirectByteBufferGetCritical:getIntoIndirectByteBufferGetCritical·p0.95","sample",1,1,433.000000,NaN,"ns/op",1024,1,none,4096
"com.evolvedbinary.jnibench.jmhbench.GetJNIBenchmark.getIntoIndirectByteBufferGetCritical:getIntoIndirectByteBufferGetCritical·p0.99","sample",1,1,714.000000,NaN,"ns/op",1024,1,none,4096
"com.evolvedbinary.jnibench.jmhbench.GetJNIBenchmark.getIntoIndirectByteBufferGetCritical:getIntoIndirectByteBufferGetCritical·p0.999","sample",1,1,9248.000000,NaN,"ns/op",1024,1,none,4096
"com.evolvedbinary.jnibench.jmhbench.GetJNIBenchmark.getIntoIndirectByteBufferGetCritical:getIntoIndirectByteBufferGetCritical·p0.9999","sample",1,1,11658.899200,NaN,"ns/op",1024,1,none,4096
"com.evolvedbinary.jnibench.jmhbench.GetJNIBenchmark.getIntoIndirectByteBufferGetCritical:getIntoIndirectByteBufferGetCritical·p1.00","sample",1,1,976896.000000,NaN,"ns/op",1024,1,none,4096
"com.evolvedbinary.jnibench.jmhbench.GetJNIBenchmark.getIntoIndirectByteBufferGetCritical","sample",1,4366578,847.131262,1.049074,"ns/op",1024,1,none,16384
"com.evolvedbinary.jnibench.jmhbench.GetJNIBenchmark.getIntoIndirectByteBufferGetCritical:getIntoIndirectByteBufferGetCritical·p0.00","sample",1,1,727.000000,NaN,"ns/op",1024,1,none,16384
"com.evolvedbinary.jnibench.jmhbench.GetJNIBenchmark.getIntoIndirectByteBufferGetCritical:getIntoIndirectByteBufferGetCritical·p0.50","sample",1,1,814.000000,NaN,"ns/op",1024,1,none,16384
"com.evolvedbinary.jnibench.jmhbench.GetJNIBenchmark.getIntoIndirectByteBufferGetCritical:getIntoIndirectByteBufferGetCritical·p0.90","sample",1,1,858.000000,NaN,"ns/op",1024,1,none,16384
"com.evolvedbinary.jnibench.jmhbench.GetJNIBenchmark.getIntoIndirectByteBufferGetCritical:getIntoIndirectByteBufferGetCritical·p0.95","sample",1,1,876.000000,NaN,"ns/op",1024,1,none,16384
"com.evolvedbinary.jnibench.jmhbench.GetJNIBenchmark.getIntoIndirectByteBufferGetCritical:getIntoIndirectByteBufferGetCritical·p0.99","sample",1,1,1202.000000,NaN,"ns/op",1024,1,none,16384
"com.evolvedbinary.jnibench.jmhbench.GetJNIBenchmark.getIntoIndirectByteBufferGetCritical:getIntoIndirectByteBufferGetCritical·p0.999","sample",1,1,9936.000000,NaN,"ns/op",1024,1,none,16384
"com.evolvedbinary.jnibench.jmhbench.GetJNIBenchmark.getIntoIndirectByteBufferGetCritical:getIntoIndirectByteBufferGetCritical·p0.9999","sample",1,1,12064.000000,NaN,"ns/op",1024,1,none,16384
"com.evolvedbinary.jnibench.jmhbench.GetJNIBenchmark.getIntoIndirectByteBufferGetCritical:getIntoIndirectByteBufferGetCritical·p1.00","sample",1,1,968704.000000,NaN,"ns/op",1024,1,none,16384
"com.evolvedbinary.jnibench.jmhbench.GetJNIBenchmark.getIntoIndirectByteBufferGetCritical","sample",1,2762115,1484.141156,5.756287,"ns/op",1024,1,none,32768
"com.evolvedbinary.jnibench.jmhbench.GetJNIBenchmark.getIntoIndirectByteBufferGetCritical:getIntoIndirectByteBufferGetCritical·p0.00","sample",1,1,1284.000000,NaN,"ns/op",1024,1,none,32768
"com.evolvedbinary.jnibench.jmhbench.GetJNIBenchmark.getIntoIndirectByteBufferGetCritical:getIntoIndirectByteBufferGetCritical·p0.50","sample",1,1,1424.000000,NaN,"ns/op",1024,1,none,32768
"com.evolvedbinary.jnibench.jmhbench.GetJNIBenchmark.getIntoIndirectByteBufferGetCritical:getIntoIndirectByteBufferGetCritical·p0.90","sample",1,1,1468.000000,NaN,"ns/op",1024,1,none,32768
"com.evolvedbinary.jnibench.jmhbench.GetJNIBenchmark.getIntoIndirectByteBufferGetCritical:getIntoIndirectByteBufferGetCritical·p0.95","sample",1,1,1508.000000,NaN,"ns/op",1024,1,none,32768
"com.evolvedbinary.jnibench.jmhbench.GetJNIBenchmark.getIntoIndirectByteBufferGetCritical:getIntoIndirectByteBufferGetCritical·p0.99","sample",1,1,3024.000000,NaN,"ns/op",1024,1,none,32768
"com.evolvedbinary.jnibench.jmhbench.GetJNIBenchmark.getIntoIndirectByteBufferGetCritical:getIntoIndirectByteBufferGetCritical·p0.999","sample",1,1,12000.000000,NaN,"ns/op",1024,1,none,32768
"com.evolvedbinary.jnibench.jmhbench.GetJNIBenchmark.getIntoIndirectByteBufferGetCritical:getIntoIndirectByteBufferGetCritical·p0.9999","sample",1,1,14400.000000,NaN,"ns/op",1024,1,none,32768
"com.evolvedbinary.jnibench.jmhbench.GetJNIBenchmark.getIntoIndirectByteBufferGetCritical:getIntoIndirectByteBufferGetCritical·p1.00","sample",1,1,4538368.000000,NaN,"ns/op",1024,1,none,32768
"com.evolvedbinary.jnibench.jmhbench.GetJNIBenchmark.getIntoIndirectByteBufferGetCritical","sample",1,3078595,2609.814131,5.686692,"ns/op",1024,1,none,65536
"com.evolvedbinary.jnibench.jmhbench.GetJNIBenchmark.getIntoIndirectByteBufferGetCritical:getIntoIndirectByteBufferGetCritical·p0.00","sample",1,1,2376.000000,NaN,"ns/op",1024,1,none,65536
"com.evolvedbinary.jnibench.jmhbench.GetJNIBenchmark.getIntoIndirectByteBufferGetCritical:getIntoIndirectByteBufferGetCritical·p0.50","sample",1,1,2536.000000,NaN,"ns/op",1024,1,none,65536
"com.evolvedbinary.jnibench.jmhbench.GetJNIBenchmark.getIntoIndirectByteBufferGetCritical:getIntoIndirectByteBufferGetCritical·p0.90","sample",1,1,2628.000000,NaN,"ns/op",1024,1,none,65536
"com.evolvedbinary.jnibench.jmhbench.GetJNIBenchmark.getIntoIndirectByteBufferGetCritical:getIntoIndirectByteBufferGetCritical·p0.95","sample",1,1,2692.000000,NaN,"ns/op",1024,1,none,65536
"com.evolvedbinary.jnibench.jmhbench.GetJNIBenchmark.getIntoIndirectByteBufferGetCritical:getIntoIndirectByteBufferGetCritical·p0.99","sample",1,1,4424.000000,NaN,"ns/op",1024,1,none,65536
"com.evolvedbinary.jnibench.jmhbench.GetJNIBenchmark.getIntoIndirectByteBufferGetCritical:getIntoIndirectByteBufferGetCritical·p0.999","sample",1,1,13424.000000,NaN,"ns/op",1024,1,none,65536
"com.evolvedbinary.jnibench.jmhbench.GetJNIBenchmark.getIntoIndirectByteBufferGetCritical:getIntoIndirectByteBufferGetCritical·p0.9999","sample",1,1,18272.000000,NaN,"ns/op",1024,1,none,65536
"com.evolvedbinary.jnibench.jmhbench.GetJNIBenchmark.getIntoIndirectByteBufferGetCritical:getIntoIndirectByteBufferGetCritical·p1.00","sample",1,1,4562944.000000,NaN,"ns/op",1024,1,none,65536
"com.evolvedbinary.jnibench.jmhbench.GetJNIBenchmark.getIntoIndirectByteBufferGetCritical","sample",1,3070108,370.629285,1.119913,"ns/op",1024,1,copyout,10
"com.evolvedbinary.jnibench.jmhbench.GetJNIBenchmark.getIntoIndirectByteBufferGetCritical:getIntoIndirectByteBufferGetCritical·p0.00","sample",1,1,295.000000,NaN,"ns/op",1024,1,copyout,10
"com.evolvedbinary.jnibench.jmhbench.GetJNIBenchmark.getIntoIndirectByteBufferGetCritical:getIntoIndirectByteBufferGetCritical·p0.50","sample",1,1,339.000000,NaN,"ns/op",1024,1,copyout,10
"com.evolvedbinary.jnibench.jmhbench.GetJNIBenchmark.getIntoIndirectByteBufferGetCritical:getIntoIndirectByteBufferGetCritical·p0.90","sample",1,1,369.000000,NaN,"ns/op",1024,1,copyout,10
"com.evolvedbinary.jnibench.jmhbench.GetJNIBenchmark.getIntoIndirectByteBufferGetCritical:getIntoIndirectByteBufferGetCritical·p0.95","sample",1,1,376.000000,NaN,"ns/op",1024,1,copyout,10
"com.evolvedbinary.jnibench.jmhbench.GetJNIBenchmark.getIntoIndirectByteBufferGetCritical:getIntoIndirectByteBufferGetCritical·p0.99","sample",1,1,723.000000,NaN,"ns/op",1024,1,copyout,10
"com.evolvedbinary.jnibench.jmhbench.GetJNIBenchmark.getIntoIndirectByteBufferGetCritical:getIntoIndirectByteBufferGetCritical·p0.999","sample",1,1,9520.000000,NaN,"ns/op",1024,1,copyout,10
"com.evolvedbinary.jnibench.jmhbench.GetJNIBenchmark.getIntoIndirectByteBufferGetCritical:getIntoIndirectByteBufferGetCritical·p0.9999","sample",1,1,11648.000000,NaN,"ns/op",1024,1,copyout,10
"com.evolvedbinary.jnibench.jmhbench.GetJNIBenchmark.getIntoIndirectByteBufferGetCritical:getIntoIndirectByteBufferGetCritical·p1.00","sample",1,1,211456.000000,NaN,"ns/op",1024,1,copyout,10
"com.evolvedbinary.jnibench.jmhbench.GetJNIBenchmark.getIntoIndirectByteBufferGetCritical","sample",1,3072824,368.779343,1.447534,"ns/op",1024,1,copyout,50
"com.evolvedbinary.jnibench.jmhbench.GetJNIBenchmark.getIntoIndirectByteBufferGetCritical:getIntoIndirectByteBufferGetCritical·p0.00","sample",1,1,292.000000,NaN,"ns/op",1024,1,copyout,50
"com.evolvedbinary.jnibench.jmhbench.GetJNIBenchmark.getIntoIndirectByteBufferGetCritical:getIntoIndirectByteBufferGetCritical·p0.50","sample",1,1,338.000000,NaN,"ns/op",1024,1,copyout,50
"com.evolvedbinary.jnibench.jmhbench.GetJNIBenchmark.getIntoIndirectByteBufferGetCritical:getIntoIndirectByteBufferGetCritical·p0.90","sample",1,1,370.000000,NaN,"ns/op",1024,1,copyout,50
"com.evolvedbinary.jnibench.jmhbench.GetJNIBenchmark.getIntoIndirectByteBufferGetCritical:getIntoIndirectByteBufferGetCritical·p0.95","sample",1,1,376.000000,NaN,"ns/op",1024,1,copyout,50
"com.evolvedbinary.jnibench.jmhbench.GetJNIBenchmark.getIntoIndirectByteBufferGetCritical:getIntoIndirectByteBufferGetCritical·p0.99","sample",1,1,705.000000,NaN,"ns/op",1024,1,copyout,50
"com.evolvedbinary.jnibench.jmhbench.GetJNIBenchmark.getIntoIndirectByteBufferGetCritical:getIntoIndirectByteBufferGetCritical·p0.999","sample",1,1,9552.000000,NaN,"ns/op",1024,1,copyout,50
"com.evolvedbinary.jnibench.jmhbench.GetJNIBenchmark.getIntoIndirectByteBufferGetCritical:getIntoIndirectByteBufferGetCritical·p0.9999","sample",1,1,11648.000000,NaN,"ns/op",1024,1,copyout,50
"com.evolvedbinary.jnibench.jmhbench.GetJNIBenchmark.getIntoIndirectByteBufferGetCritical:getIntoIndirectByteBufferGetCritical·p1.00","sample",1,1,983040.000000,NaN,"ns/op",1024,1,copyout,50
"com.evolvedbinary.jnibench.jmhbench.GetJNIBenchmark.getIntoIndirectByteBufferGetCritical","sample",1,2997842,376.709234,1.067953,"ns/op",1024,1,copyout,512
"com.evolvedbinary.jnibench.jmhbench.GetJNIBenchmark.getIntoIndirectByteBufferGetCritical:getIntoIndirectByteBufferGetCritical·p0.00","sample",1,1,302.000000,NaN,"ns/op",1024,1,copyout,512
"com.evolvedbinary.jnibench.jmhbench.GetJNIBenchmark.getIntoIndirectByteBufferGetCritical:getIntoIndirectByteBufferGetCritical·p0.50","sample",1,1,348.000000,NaN,"ns/op",1024,1,copyout,512
"com.evolvedbinary.jnibench.jmhbench.GetJNIBenchmark.getIntoIndirectByteBufferGetCritical:getIntoIndirectByteBufferGetCritical·p0.90","sample",1,1,374.000000,NaN,"ns/op",1024,1,copyout,512
"com.evolvedbinary.jnibench.jmhbench.GetJNIBenchmark.getIntoIndirectByteBufferGetCritical:getIntoIndirectByteBufferGetCritical·p0.95","sample",1,1,380.000000,NaN,"ns/op",1024,1,copyout,512
"com.evolvedbinary.jnibench.jmhbench.GetJNIBenchmark.getIntoIndirectByteBufferGetCritical:getIntoIndirectByteBufferGetCritical·p0.99","sample",1,1,738.000000,NaN,"ns/op",1024,1,copyout,512
"com.evolvedbinary.jnibench.jmhbench.GetJNIBenchmark.getIntoIndirectByteBufferGetCritical:getIntoIndirectByteBufferGetCritical·p0.999","sample",1,1,9376.000000,NaN,"ns/op",1024,1,copyout,512
"com.evolvedbinary.jnibench.jmhbench.GetJNIBenchmark.getIntoIndirectByteBufferGetCritical:getIntoIndirectByteBufferGetCritical·p0.9999","sample",1,1,11760.000000,NaN,"ns/op",1024,1,copyout,512
"com.evolvedbinary.jnibench.jmhbench.GetJNIBenchmark.getIntoIndirectByteBufferGetCritical:getIntoIndirectByteBufferGetCritical·p1.00","sample",1,1,147200.000000,NaN,"ns/op",1024,1,copyout,512
"com.evolvedbinary.jnibench.jmhbench.GetJNIBenchmark.getIntoIndirectByteBufferGetCritical","sample",1,2984327,385.546417,6.842740,"ns/op",1024,1,copyout,1024
"com.evolvedbinary.jnibench.jmhbench.GetJNIBenchmark.getIntoIndirectByteBufferGetCritical:getIntoIndirectByteBufferGetCritical·p0.00","sample",1,1,306.000000,NaN,"ns/op",1024,1,copyout,1024
"com.evolvedbinary.jnibench.jmhbench.GetJNIBenchmark.getIntoIndirectByteBufferGetCritical:getIntoIndirectByteBufferGetCritical·p0.50","sample",1,1,352.000000,NaN,"ns/op",1024,1,copyout,1024
"com.evolvedbinary.jnibench.jmhbench.GetJNIBenchmark.getIntoIndirectByteBufferGetCritical:getIntoIndirectByteBufferGetCritical·p0.90","sample",1,1,374.000000,NaN,"ns/op",1024,1,copyout,1024
"com.evolvedbinary.jnibench.jmhbench.GetJNIBenchmark.getIntoIndirectByteBufferGetCritical:getIntoIndirectByteBufferGetCritical·p0.95","sample",1,1,383.000000,NaN,"ns/op",1024,1,copyout,1024
"com.evolvedbinary.jnibench.jmhbench.GetJNIBenchmark.getIntoIndirectByteBufferGetCritical:getIntoIndirectByteBufferGetCritical·p0.99","sample",1,1,804.000000,NaN,"ns/op",1024,1,copyout,1024
"com.evolvedbinary.jnibench.jmhbench.GetJNIBenchmark.getIntoIndirectByteBufferGetCritical:getIntoIndirectByteBufferGetCritical·p0.999","sample",1,1,9456.000000,NaN,"ns/op",1024,1,copyout,1024
"com.evolvedbinary.jnibench.jmhbench.GetJNIBenchmark.getIntoIndirectByteBufferGetCritical:getIntoIndirectByteBufferGetCritical·p0.9999","sample",1,1,11680.000000,NaN,"ns/op",1024,1,copyout,1024
"com.evolvedbinary.jnibench.jmhbench.GetJNIBenchmark.getIntoIndirectByteBufferGetCritical:getIntoIndirectByteBufferGetCritical·p1.00","sample",1,1,4325376.000000,NaN,"ns/op",1024,1,copyout,1024
"com.evolvedbinary.jnibench.jmhbench.GetJNIBenchmark.getIntoIndirectByteBufferGetCritical","sample",1,4478243,479.209686,4.368750,"ns/op",1024,1,copyout,4096
"com.evolvedbinary.jnibench.jmhbench.GetJNIBenchmark.getIntoIndirectByteBufferGetCritical:getIntoIndirectByteBufferGetCritical·p0.00","sample",1,1,380.000000,NaN,"ns/op",1024,1,copyout,4096
"com.evolvedbinary.jnibench.jmhbench.GetJNIBenchmark.getIntoIndirectByteBufferGetCritical:getIntoIndirectByteBufferGetCritical·p0.50","sample",1,1,447.000000,NaN,"ns/op",1024,1,copyout,4096
"com.evolvedbinary.jnibench.jmhbench.GetJNIBenchmark.getIntoIndirectByteBufferGetCritical:getIntoIndirectByteBufferGetCritical·p0.90","sample",1,1,481.000000,NaN,"ns/op",1024,1,copyout,4096
"com.evolvedbinary.jnibench.jmhbench.GetJNIBenchmark.getIntoIndirectByteBufferGetCritical:getIntoIndirectByteBufferGetCritical·p0.95","sample",1,1,493.000000,NaN,"ns/op",1024,1,copyout,4096
"com.evolvedbinary.jnibench.jmhbench.GetJNIBenchmark.getIntoIndirectByteBufferGetCritical:getIntoIndirectByteBufferGetCritical·p0.99","sample",1,1,899.000000,NaN,"ns/op",1024,1,copyout,4096
"com.evolvedbinary.jnibench.jmhbench.GetJNIBenchmark.getIntoIndirectByteBufferGetCritical:getIntoIndirectByteBufferGetCritical·p0.999","sample",1,1,5176.000000,NaN,"ns/op",1024,1,copyout,4096
"com.evolvedbinary.jnibench.jmhbench.GetJNIBenchmark.getIntoIndirectByteBufferGetCritical:getIntoIndirectByteBufferGetCritical·p0.9999","sample",1,1,11696.000000,NaN,"ns/op",1024,1,copyout,4096
"com.evolvedbinary.jnibench.jmhbench.GetJNIBenchmark.getIntoIndirectByteBufferGetCritical:getIntoIndirectByteBufferGetCritical·p1.00","sample",1,1,4030464.000000,NaN,"ns/op",1024,1,copyout,4096
"com.evolvedbinary.jnibench.jmhbench.GetJNIBenchmark.getIntoIndirectByteBufferGetCritical","sample",1,2844294,1595.684223,4.576322,"ns/op",1024,1,copyout,16384
"com.evolvedbinary.jnibench.jmhbench.GetJNIBenchmark.getIntoIndirectByteBufferGetCritical:getIntoIndirectByteBufferGetCritical·p0.00","sample",1,1,1106.000000,NaN,"ns/op",1024,1,copyout,16384
"com.evolvedbinary.jnibench.jmhbench.GetJNIBenchmark.getIntoIndirectByteBufferGetCritical:getIntoIndirectByteBufferGetCritical·p0.50","sample",1,1,1448.000000,NaN,"ns/op",1024,1,copyout,16384
"com.evolvedbinary.jnibench.jmhbench.GetJNIBenchmark.getIntoIndirectByteBufferGetCritical:getIntoIndirectByteBufferGetCritical·p0.90","sample",1,1,2068.000000,NaN,"ns/op",1024,1,copyout,16384
"com.evolvedbinary.jnibench.jmhbench.GetJNIBenchmark.getIntoIndirectByteBufferGetCritical:getIntoIndirectByteBufferGetCritical·p0.95","sample",1,1,2112.000000,NaN,"ns/op",1024,1,copyout,16384
"com.evolvedbinary.jnibench.jmhbench.GetJNIBenchmark.getIntoIndirectByteBufferGetCritical:getIntoIndirectByteBufferGetCritical·p0.99","sample",1,1,3460.000000,NaN,"ns/op",1024,1,copyout,16384
"com.evolvedbinary.jnibench.jmhbench.GetJNIBenchmark.getIntoIndirectByteBufferGetCritical:getIntoIndirectByteBufferGetCritical·p0.999","sample",1,1,12176.000000,NaN,"ns/op",1024,1,copyout,16384
"com.evolvedbinary.jnibench.jmhbench.GetJNIBenchmark.getIntoIndirectByteBufferGetCritical:getIntoIndirectByteBufferGetCritical·p0.9999","sample",1,1,16009.128000,NaN,"ns/op",1024,1,copyout,16384
"com.evolvedbinary.jnibench.jmhbench.GetJNIBenchmark.getIntoIndirectByteBufferGetCritical:getIntoIndirectByteBufferGetCritical·p1.00","sample",1,1,3411968.000000,NaN,"ns/op",1024,1,copyout,16384
"com.evolvedbinary.jnibench.jmhbench.GetJNIBenchmark.getIntoIndirectByteBufferGetCritical","sample",1,2876298,2786.209753,5.978557,"ns/op",1024,1,copyout,32768
"com.evolvedbinary.jnibench.jmhbench.GetJNIBenchmark.getIntoIndirectByteBufferGetCritical:getIntoIndirectByteBufferGetCritical·p0.00","sample",1,1,2456.000000,NaN,"ns/op",1024,1,copyout,32768
"com.evolvedbinary.jnibench.jmhbench.GetJNIBenchmark.getIntoIndirectByteBufferGetCritical:getIntoIndirectByteBufferGetCritical·p0.50","sample",1,1,2604.000000,NaN,"ns/op",1024,1,copyout,32768
"com.evolvedbinary.jnibench.jmhbench.GetJNIBenchmark.getIntoIndirectByteBufferGetCritical:getIntoIndirectByteBufferGetCritical·p0.90","sample",1,1,3220.000000,NaN,"ns/op",1024,1,copyout,32768
"com.evolvedbinary.jnibench.jmhbench.GetJNIBenchmark.getIntoIndirectByteBufferGetCritical:getIntoIndirectByteBufferGetCritical·p0.95","sample",1,1,3276.000000,NaN,"ns/op",1024,1,copyout,32768
"com.evolvedbinary.jnibench.jmhbench.GetJNIBenchmark.getIntoIndirectByteBufferGetCritical:getIntoIndirectByteBufferGetCritical·p0.99","sample",1,1,4936.000000,NaN,"ns/op",1024,1,copyout,32768
"com.evolvedbinary.jnibench.jmhbench.GetJNIBenchmark.getIntoIndirectByteBufferGetCritical:getIntoIndirectByteBufferGetCritical·p0.999","sample",1,1,13536.000000,NaN,"ns/op",1024,1,copyout,32768
"com.evolvedbinary.jnibench.jmhbench.GetJNIBenchmark.getIntoIndirectByteBufferGetCritical:getIntoIndirectByteBufferGetCritical·p0.9999","sample",1,1,20899.529600,NaN,"ns/op",1024,1,copyout,32768
"com.evolvedbinary.jnibench.jmhbench.GetJNIBenchmark.getIntoIndirectByteBufferGetCritical:getIntoIndirectByteBufferGetCritical·p1.00","sample",1,1,4644864.000000,NaN,"ns/op",1024,1,copyout,32768
"com.evolvedbinary.jnibench.jmhbench.GetJNIBenchmark.getIntoIndirectByteBufferGetCritical","sample",1,2946064,5386.498107,11.528017,"ns/op",1024,1,copyout,65536
"com.evolvedbinary.jnibench.jmhbench.GetJNIBenchmark.getIntoIndirectByteBufferGetCritical:getIntoIndirectByteBufferGetCritical·p0.00","sample",1,1,4744.000000,NaN,"ns/op",1024,1,copyout,65536
"com.evolvedbinary.jnibench.jmhbench.GetJNIBenchmark.getIntoIndirectByteBufferGetCritical:getIntoIndirectByteBufferGetCritical·p0.50","sample",1,1,5096.000000,NaN,"ns/op",1024,1,copyout,65536
"com.evolvedbinary.jnibench.jmhbench.GetJNIBenchmark.getIntoIndirectByteBufferGetCritical:getIntoIndirectByteBufferGetCritical·p0.90","sample",1,1,6072.000000,NaN,"ns/op",1024,1,copyout,65536
"com.evolvedbinary.jnibench.jmhbench.GetJNIBenchmark.getIntoIndirectByteBufferGetCritical:getIntoIndirectByteBufferGetCritical·p0.95","sample",1,1,6160.000000,NaN,"ns/op",1024,1,copyout,65536
"com.evolvedbinary.jnibench.jmhbench.GetJNIBenchmark.getIntoIndirectByteBufferGetCritical:getIntoIndirectByteBufferGetCritical·p0.99","sample",1,1,8104.000000,NaN,"ns/op",1024,1,copyout,65536
"com.evolvedbinary.jnibench.jmhbench.GetJNIBenchmark.getIntoIndirectByteBufferGetCritical:getIntoIndirectByteBufferGetCritical·p0.999","sample",1,1,16896.000000,NaN,"ns/op",1024,1,copyout,65536
"com.evolvedbinary.jnibench.jmhbench.GetJNIBenchmark.getIntoIndirectByteBufferGetCritical:getIntoIndirectByteBufferGetCritical·p0.9999","sample",1,1,27372.592000,NaN,"ns/op",1024,1,copyout,65536
"com.evolvedbinary.jnibench.jmhbench.GetJNIBenchmark.getIntoIndirectByteBufferGetCritical:getIntoIndirectByteBufferGetCritical·p1.00","sample",1,1,5267456.000000,NaN,"ns/op",1024,1,copyout,65536
"com.evolvedbinary.jnibench.jmhbench.GetJNIBenchmark.getIntoIndirectByteBufferGetElements","sample",1,3291891,342.324169,0.966014,"ns/op",1024,1,none,10
"com.evolvedbinary.jnibench.jmhbench.GetJNIBenchmark.getIntoIndirectByteBufferGetElements:getIntoIndirectByteBufferGetElements·p0.00","sample",1,1,289.000000,NaN,"ns/op",1024,1,none,10
"com.evolvedbinary.jnibench.jmhbench.GetJNIBenchmark.getIntoIndirectByteBufferGetElements:getIntoIndirectByteBufferGetElements·p0.50","sample",1,1,313.000000,NaN,"ns/op",1024,1,none,10
"com.evolvedbinary.jnibench.jmhbench.GetJNIBenchmark.getIntoIndirectByteBufferGetElements:getIntoIndirectByteBufferGetElements·p0.90","sample",1,1,330.000000,NaN,"ns/op",1024,1,none,10
"com.evolvedbinary.jnibench.jmhbench.GetJNIBenchmark.getIntoIndirectByteBufferGetElements:getIntoIndirectByteBufferGetElements·p0.95","sample",1,1,334.000000,NaN,"ns/op",1024,1,none,10
"com.evolvedbinary.jnibench.jmhbench.GetJNIBenchmark.getIntoIndirectByteBufferGetElements:getIntoIndirectByteBufferGetElements·p0.99","sample",1,1,669.000000,NaN,"ns/op",1024,1,none,10
"com.evolvedbinary.jnibench.jmhbench.GetJNIBenchmark.getIntoIndirectByteBufferGetElements:getIntoIndirectByteBufferGetElements·p0.999","sample",1,1,7472.864000,NaN,"ns/op",1024,1,none,10
"com.evolvedbinary.jnibench.jmhbench.GetJNIBenchmark.getIntoIndirectByteBufferGetElements:getIntoIndirectByteBufferGetElements·p0.9999","sample",1,1,11584.000000,NaN,"ns/op",1024,1,none,10
"com.evolvedbinary.jnibench.jmhbench.GetJNIBenchmark.getIntoIndirectByteBufferGetElements:getIntoIndirectByteBufferGetElements·p1.00","sample",1,1,215552.000000,NaN,"ns/op",1024,1,none,10
"com.evolvedbinary.jnibench.jmhbench.GetJNIBenchmark.getIntoIndirectByteBufferGetElements","sample",1,3298159,341.809435,3.741694,"ns/op",1024,1,none,50
"com.evolvedbinary.jnibench.jmhbench.GetJNIBenchmark.getIntoIndirectByteBufferGetElements:getIntoIndirectByteBufferGetElements·p0.00","sample",1,1,285.000000,NaN,"ns/op",1024,1,none,50
"com.evolvedbinary.jnibench.jmhbench.GetJNIBenchmark.getIntoIndirectByteBufferGetElements:getIntoIndirectByteBufferGetElements·p0.50","sample",1,1,311.000000,NaN,"ns/op",1024,1,none,50
"com.evolvedbinary.jnibench.jmhbench.GetJNIBenchmark.getIntoIndirectByteBufferGetElements:getIntoIndirectByteBufferGetElements·p0.90","sample",1,1,333.000000,NaN,"ns/op",1024,1,none,50
"com.evolvedbinary.jnibench.jmhbench.GetJNIBenchmark.getIntoIndirectByteBufferGetElements:getIntoIndirectByteBufferGetElements·p0.95","sample",1,1,341.000000,NaN,"ns/op",1024,1,none,50
"com.evolvedbinary.jnibench.jmhbench.GetJNIBenchmark.getIntoIndirectByteBufferGetElements:getIntoIndirectByteBufferGetElements·p0.99","sample",1,1,638.000000,NaN,"ns/op",1024,1,none,50
"com.evolvedbinary.jnibench.jmhbench.GetJNIBenchmark.getIntoIndirectByteBufferGetElements:getIntoIndirectByteBufferGetElements·p0.999","sample",1,1,5038.720000,NaN,"ns/op",1024,1,none,50
"com.evolvedbinary.jnibench.jmhbench.GetJNIBenchmark.getIntoIndirectByteBufferGetElements:getIntoIndirectByteBufferGetElements·p0.9999","sample",1,1,11552.000000,NaN,"ns/op",1024,1,none,50
"com.evolvedbinary.jnibench.jmhbench.GetJNIBenchmark.getIntoIndirectByteBufferGetElements:getIntoIndirectByteBufferGetElements·p1.00","sample",1,1,3633152.000000,NaN,"ns/op",1024,1,none,50
"com.evolvedbinary.jnibench.jmhbench.GetJNIBenchmark.getIntoIndirectByteBufferGetElements","sample",1,3225108,349.545984,0.915923,"ns/op",1024,1,none,512
"com.evolvedbinary.jnibench.jmhbench.GetJNIBenchmark.getIntoIndirectByteBufferGetElements:getIntoIndirectByteBufferGetElements·p0.00","sample",1,1,292.000000,NaN,"ns/op",1024,1,none,512
"com.evolvedbinary.jnibench.jmhbench.GetJNIBenchmark.getIntoIndirectByteBufferGetElements:getIntoIndirectByteBufferGetElements·p0.50","sample",1,1,319.000000,NaN,"ns/op",1024,1,none,512
"com.evolvedbinary.jnibench.jmhbench.GetJNIBenchmark.getIntoIndirectByteBufferGetElements:getIntoIndirectByteBufferGetElements·p0.90","sample",1,1,338.000000,NaN,"ns/op",1024,1,none,512
"com.evolvedbinary.jnibench.jmhbench.GetJNIBenchmark.getIntoIndirectByteBufferGetElements:getIntoIndirectByteBufferGetElements·p0.95","sample",1,1,348.000000,NaN,"ns/op",1024,1,none,512
"com.evolvedbinary.jnibench.jmhbench.GetJNIBenchmark.getIntoIndirectByteBufferGetElements:getIntoIndirectByteBufferGetElements·p0.99","sample",1,1,721.000000,NaN,"ns/op",1024,1,none,512
"com.evolvedbinary.jnibench.jmhbench.GetJNIBenchmark.getIntoIndirectByteBufferGetElements:getIntoIndirectByteBufferGetElements·p0.999","sample",1,1,6319.128000,NaN,"ns/op",1024,1,none,512
"com.evolvedbinary.jnibench.jmhbench.GetJNIBenchmark.getIntoIndirectByteBufferGetElements:getIntoIndirectByteBufferGetElements·p0.9999","sample",1,1,11623.825600,NaN,"ns/op",1024,1,none,512
"com.evolvedbinary.jnibench.jmhbench.GetJNIBenchmark.getIntoIndirectByteBufferGetElements:getIntoIndirectByteBufferGetElements·p1.00","sample",1,1,116864.000000,NaN,"ns/op",1024,1,none,512
"com.evolvedbinary.jnibench.jmhbench.GetJNIBenchmark.getIntoIndirectByteBufferGetElements","sample",1,3100058,364.290819,4.113726,"ns/op",1024,1,none,1024
"com.evolvedbinary.jnibench.jmhbench.GetJNIBenchmark.getIntoIndirectByteBufferGetElements:getIntoIndirectByteBufferGetElements·p0.00","sample",1,1,300.000000,NaN,"ns/op",1024,1,none,1024
"com.evolvedbinary.jnibench.jmhbench.GetJNIBenchmark.getIntoIndirectByteBufferGetElements:getIntoIndirectByteBufferGetElements·p0.50","sample",1,1,333.000000,NaN,"ns/op",1024,1,none,1024
"com.evolvedbinary.jnibench.jmhbench.GetJNIBenchmark.getIntoIndirectByteBufferGetElements:getIntoIndirectByteBufferGetElements·p0.90","sample",1,1,360.000000,NaN,"ns/op",1024,1,none,1024
"com.evolvedbinary.jnibench.jmhbench.GetJNIBenchmark.getIntoIndirectByteBufferGetElements:getIntoIndirectByteBufferGetElements·p0.95","sample",1,1,366.000000,NaN,"ns/op",1024,1,none,1024
"com.evolvedbinary.jnibench.jmhbench.GetJNIBenchmark.getIntoIndirectByteBufferGetElements:getIntoIndirectByteBufferGetElements·p0.99","sample",1,1,692.410000,NaN,"ns/op",1024,1,none,1024
"com.evolvedbinary.jnibench.jmhbench.GetJNIBenchmark.getIntoIndirectByteBufferGetElements:getIntoIndirectByteBufferGetElements·p0.999","sample",1,1,8431.056000,NaN,"ns/op",1024,1,none,1024
"com.evolvedbinary.jnibench.jmhbench.GetJNIBenchmark.getIntoIndirectByteBufferGetElements:getIntoIndirectByteBufferGetElements·p0.9999","sample",1,1,11520.000000,NaN,"ns/op",1024,1,none,1024
"com.evolvedbinary.jnibench.jmhbench.GetJNIBenchmark.getIntoIndirectByteBufferGetElements:getIntoIndirectByteBufferGetElements·p1.00","sample",1,1,3772416.000000,NaN,"ns/op",1024,1,none,1024
"com.evolvedbinary.jnibench.jmhbench.GetJNIBenchmark.getIntoIndirectByteBufferGetElements","sample",1,4460754,478.403388,0.666895,"ns/op",1024,1,none,4096
"com.evolvedbinary.jnibench.jmhbench.GetJNIBenchmark.getIntoIndirectByteBufferGetElements:getIntoIndirectByteBufferGetElements·p0.00","sample",1,1,394.000000,NaN,"ns/op",1024,1,none,4096
"com.evolvedbinary.jnibench.jmhbench.GetJNIBenchmark.getIntoIndirectByteBufferGetElements:getIntoIndirectByteBufferGetElements·p0.50","sample",1,1,460.000000,NaN,"ns/op",1024,1,none,4096
"com.evolvedbinary.jnibench.jmhbench.GetJNIBenchmark.getIntoIndirectByteBufferGetElements:getIntoIndirectByteBufferGetElements·p0.90","sample",1,1,487.000000,NaN,"ns/op",1024,1,none,4096
"com.evolvedbinary.jnibench.jmhbench.GetJNIBenchmark.getIntoIndirectByteBufferGetElements:getIntoIndirectByteBufferGetElements·p0.95","sample",1,1,501.000000,NaN,"ns/op",1024,1,none,4096
"com.evolvedbinary.jnibench.jmhbench.GetJNIBenchmark.getIntoIndirectByteBufferGetElements:getIntoIndirectByteBufferGetElements·p0.99","sample",1,1,664.000000,NaN,"ns/op",1024,1,none,4096
"com.evolvedbinary.jnibench.jmhbench.GetJNIBenchmark.getIntoIndirectByteBufferGetElements:getIntoIndirectByteBufferGetElements·p0.999","sample",1,1,4865.960000,NaN,"ns/op",1024,1,none,4096
"com.evolvedbinary.jnibench.jmhbench.GetJNIBenchmark.getIntoIndirectByteBufferGetElements:getIntoIndirectByteBufferGetElements·p0.9999","sample",1,1,11616.000000,NaN,"ns/op",1024,1,none,4096
"com.evolvedbinary.jnibench.jmhbench.GetJNIBenchmark.getIntoIndirectByteBufferGetElements:getIntoIndirectByteBufferGetElements·p1.00","sample",1,1,169984.000000,NaN,"ns/op",1024,1,none,4096
"com.evolvedbinary.jnibench.jmhbench.GetJNIBenchmark.getIntoIndirectByteBufferGetElements","sample",1,3255755,1257.170111,1.877078,"ns/op",1024,1,none,16384
"com.evolvedbinary.jnibench.jmhbench.GetJNIBenchmark.getIntoIndirectByteBufferGetElements:getIntoIndirectByteBufferGetElements·p0.00","sample",1,1,1066.000000,NaN,"ns/op",1024,1,none,16384
"com.evolvedbinary.jnibench.jmhbench.GetJNIBenchmark.getIntoIndirectByteBufferGetElements:getIntoIndirectByteBufferGetElements·p0.50","sample",1,1,1198.000000,NaN,"ns/op",1024,1,none,16384
"com.evolvedbinary.jnibench.jmhbench.GetJNIBenchmark.getIntoIndirectByteBufferGetElements:getIntoIndirectByteBufferGetElements·p0.90","sample",1,1,1276.000000,NaN,"ns/op",1024,1,none,16384
"com.evolvedbinary.jnibench.jmhbench.GetJNIBenchmark.getIntoIndirectByteBufferGetElements:getIntoIndirectByteBufferGetElements·p0.95","sample",1,1,1336.000000,NaN,"ns/op",1024,1,none,16384
"com.evolvedbinary.jnibench.jmhbench.GetJNIBenchmark.getIntoIndirectByteBufferGetElements:getIntoIndirectByteBufferGetElements·p0.99","sample",1,1,2684.000000,NaN,"ns/op",1024,1,none,16384
"com.evolvedbinary.jnibench.jmhbench.GetJNIBenchmark.getIntoIndirectByteBufferGetElements:getIntoIndirectByteBufferGetElements·p0.999","sample",1,1,11680.000000,NaN,"ns/op",1024,1,none,16384
"com.evolvedbinary.jnibench.jmhbench.GetJNIBenchmark.getIntoIndirectByteBufferGetElements:getIntoIndirectByteBufferGetElements·p0.9999","sample",1,1,13600.000000,NaN,"ns/op",1024,1,none,16384
"com.evolvedbinary.jnibench.jmhbench.GetJNIBenchmark.getIntoIndirectByteBufferGetElements:getIntoIndirectByteBufferGetElements·p1.00","sample",1,1,1030144.000000,NaN,"ns/op",1024,1,none,16384
"com.evolvedbinary.jnibench.jmhbench.GetJNIBenchmark.getIntoIndirectByteBufferGetElements","sample",1,2955313,2710.907838,2.910517,"ns/op",1024,1,none,32768
"com.evolvedbinary.jnibench.jmhbench.GetJNIBenchmark.getIntoIndirectByteBufferGetElements:getIntoIndirectByteBufferGetElements·p0.00","sample",1,1,2464.000000,NaN,"ns/op",1024,1,none,32768
"com.evolvedbinary.jnibench.jmhbench.GetJNIBenchmark.getIntoIndirectByteBufferGetElements:getIntoIndirectByteBufferGetElements·p0.50","sample",1,1,2648.000000,NaN,"ns/op",1024,1,none,32768
"com.evolvedbinary.jnibench.jmhbench.GetJNIBenchmark.getIntoIndirectByteBufferGetElements:getIntoIndirectByteBufferGetElements·p0.90","sample",1,1,2724.000000,NaN,"ns/op",1024,1,none,32768
"com.evolvedbinary.jnibench.jmhbench.GetJNIBenchmark.getIntoIndirectByteBufferGetElements:getIntoIndirectByteBufferGetElements·p0.95","sample",1,1,2784.000000,NaN,"ns/op",1024,1,none,32768
"com.evolvedbinary.jnibench.jmhbench.GetJNIBenchmark.getIntoIndirectByteBufferGetElements:getIntoIndirectByteBufferGetElements·p0.99","sample",1,1,4440.000000,NaN,"ns/op",1024,1,none,32768
"com.evolvedbinary.jnibench.jmhbench.GetJNIBenchmark.getIntoIndirectByteBufferGetElements:getIntoIndirectByteBufferGetElements·p0.999","sample",1,1,13536.000000,NaN,"ns/op",1024,1,none,32768
"com.evolvedbinary.jnibench.jmhbench.GetJNIBenchmark.getIntoIndirectByteBufferGetElements:getIntoIndirectByteBufferGetElements·p0.9999","sample",1,1,18478.995200,NaN,"ns/op",1024,1,none,32768
"com.evolvedbinary.jnibench.jmhbench.GetJNIBenchmark.getIntoIndirectByteBufferGetElements:getIntoIndirectByteBufferGetElements·p1.00","sample",1,1,1093632.000000,NaN,"ns/op",1024,1,none,32768
"com.evolvedbinary.jnibench.jmhbench.GetJNIBenchmark.getIntoIndirectByteBufferGetElements","sample",1,3088355,5140.151484,9.106053,"ns/op",1024,1,none,65536
"com.evolvedbinary.jnibench.jmhbench.GetJNIBenchmark.getIntoIndirectByteBufferGetElements:getIntoIndirectByteBufferGetElements·p0.00","sample",1,1,4816.000000,NaN,"ns/op",1024,1,none,65536
"com.evolvedbinary.jnibench.jmhbench.GetJNIBenchmark.getIntoIndirectByteBufferGetElements:getIntoIndirectByteBufferGetElements·p0.50","sample",1,1,5016.000000,NaN,"ns/op",1024,1,none,65536
"com.evolvedbinary.jnibench.jmhbench.GetJNIBenchmark.getIntoIndirectByteBufferGetElements:getIntoIndirectByteBufferGetElements·p0.90","sample",1,1,5208.000000,NaN,"ns/op",1024,1,none,65536
"com.evolvedbinary.jnibench.jmhbench.GetJNIBenchmark.getIntoIndirectByteBufferGetElements:getIntoIndirectByteBufferGetElements·p0.95","sample",1,1,5320.000000,NaN,"ns/op",1024,1,none,65536
"com.evolvedbinary.jnibench.jmhbench.GetJNIBenchmark.getIntoIndirectByteBufferGetElements:getIntoIndirectByteBufferGetElements·p0.99","sample",1,1,7864.000000,NaN,"ns/op",1024,1,none,65536
"com.evolvedbinary.jnibench.jmhbench.GetJNIBenchmark.getIntoIndirectByteBufferGetElements:getIntoIndirectByteBufferGetElements·p0.999","sample",1,1,16368.000000,NaN,"ns/op",1024,1,none,65536
"com.evolvedbinary.jnibench.jmhbench.GetJNIBenchmark.getIntoIndirectByteBufferGetElements:getIntoIndirectByteBufferGetElements·p0.9999","sample",1,1,26752.000000,NaN,"ns/op",1024,1,none,65536
"com.evolvedbinary.jnibench.jmhbench.GetJNIBenchmark.getIntoIndirectByteBufferGetElements:getIntoIndirectByteBufferGetElements·p1.00","sample",1,1,4997120.000000,NaN,"ns/op",1024,1,none,65536
"com.evolvedbinary.jnibench.jmhbench.GetJNIBenchmark.getIntoIndirectByteBufferGetElements","sample",1,2965048,382.141510,3.783634,"ns/op",1024,1,copyout,10
"com.evolvedbinary.jnibench.jmhbench.GetJNIBenchmark.getIntoIndirectByteBufferGetElements:getIntoIndirectByteBufferGetElements·p0.00","sample",1,1,308.000000,NaN,"ns/op",1024,1,copyout,10
"com.evolvedbinary.jnibench.jmhbench.GetJNIBenchmark.getIntoIndirectByteBufferGetElements:getIntoIndirectByteBufferGetElements·p0.50","sample",1,1,348.000000,NaN,"ns/op",1024,1,copyout,10
"com.evolvedbinary.jnibench.jmhbench.GetJNIBenchmark.getIntoIndirectByteBufferGetElements:getIntoIndirectByteBufferGetElements·p0.90","sample",1,1,378.000000,NaN,"ns/op",1024,1,copyout,10
"com.evolvedbinary.jnibench.jmhbench.GetJNIBenchmark.getIntoIndirectByteBufferGetElements:getIntoIndirectByteBufferGetElements·p0.95","sample",1,1,389.000000,NaN,"ns/op",1024,1,copyout,10
"com.evolvedbinary.jnibench.jmhbench.GetJNIBenchmark.getIntoIndirectByteBufferGetElements:getIntoIndirectByteBufferGetElements·p0.99","sample",1,1,785.000000,NaN,"ns/op",1024,1,copyout,10
"com.evolvedbinary.jnibench.jmhbench.GetJNIBenchmark.getIntoIndirectByteBufferGetElements:getIntoIndirectByteBufferGetElements·p0.999","sample",1,1,9632.000000,NaN,"ns/op",1024,1,copyout,10
"com.evolvedbinary.jnibench.jmhbench.GetJNIBenchmark.getIntoIndirectByteBufferGetElements:getIntoIndirectByteBufferGetElements·p0.9999","sample",1,1,11648.000000,NaN,"ns/op",1024,1,copyout,10
"com.evolvedbinary.jnibench.jmhbench.GetJNIBenchmark.getIntoIndirectByteBufferGetElements:getIntoIndirectByteBufferGetElements·p1.00","sample",1,1,3272704.000000,NaN,"ns/op",1024,1,copyout,10
"com.evolvedbinary.jnibench.jmhbench.GetJNIBenchmark.getIntoIndirectByteBufferGetElements","sample",1,3067342,371.939745,6.059269,"ns/op",1024,1,copyout,50
"com.evolvedbinary.jnibench.jmhbench.GetJNIBenchmark.getIntoIndirectByteBufferGetElements:getIntoIndirectByteBufferGetElements·p0.00","sample",1,1,308.000000,NaN,"ns/op",1024,1,copyout,50
"com.evolvedbinary.jnibench.jmhbench.GetJNIBenchmark.getIntoIndirectByteBufferGetElements:getIntoIndirectByteBufferGetElements·p0.50","sample",1,1,334.000000,NaN,"ns/op",1024,1,copyout,50
"com.evolvedbinary.jnibench.jmhbench.GetJNIBenchmark.getIntoIndirectByteBufferGetElements:getIntoIndirectByteBufferGetElements·p0.90","sample",1,1,362.000000,NaN,"ns/op",1024,1,copyout,50
"com.evolvedbinary.jnibench.jmhbench.GetJNIBenchmark.getIntoIndirectByteBufferGetElements:getIntoIndirectByteBufferGetElements·p0.95","sample",1,1,370.000000,NaN,"ns/op",1024,1,copyout,50
"com.evolvedbinary.jnibench.jmhbench.GetJNIBenchmark.getIntoIndirectByteBufferGetElements:getIntoIndirectByteBufferGetElements·p0.99","sample",1,1,800.000000,NaN,"ns/op",1024,1,copyout,50
"com.evolvedbinary.jnibench.jmhbench.GetJNIBenchmark.getIntoIndirectByteBufferGetElements:getIntoIndirectByteBufferGetElements·p0.999","sample",1,1,9440.000000,NaN,"ns/op",1024,1,copyout,50
"com.evolvedbinary.jnibench.jmhbench.GetJNIBenchmark.getIntoIndirectByteBufferGetElements:getIntoIndirectByteBufferGetElements·p0.9999","sample",1,1,11712.000000,NaN,"ns/op",1024,1,copyout,50
"com.evolvedbinary.jnibench.jmhbench.GetJNIBenchmark.getIntoIndirectByteBufferGetElements:getIntoIndirectByteBufferGetElements·p1.00","sample",1,1,4456448.000000,NaN,"ns/op",1024,1,copyout,50
"com.evolvedbinary.jnibench.jmhbench.GetJNIBenchmark.getIntoIndirectByteBufferGetElements","sample",1,2857701,394.633674,1.189186,"ns/op",1024,1,copyout,512
"com.evolvedbinary.jnibench.jmhbench.GetJNIBenchmark.getIntoIndirectByteBufferGetElements:getIntoIndirectByteBufferGetElements·p0.00","sample",1,1,319.000000,NaN,"ns/op",1024,1,copyout,512
"com.evolvedbinary.jnibench.jmhbench.GetJNIBenchmark.getIntoIndirectByteBufferGetElements:getIntoIndirectByteBufferGetElements·p0.50","sample",1,1,361.000000,NaN,"ns/op",1024,1,copyout,512
"com.evolvedbinary.jnibench.jmhbench.GetJNIBenchmark.getIntoIndirectByteBufferGetElements:getIntoIndirectByteBufferGetElements·p0.90","sample",1,1,384.000000,NaN,"ns/op",1024,1,copyout,512
"com.evolvedbinary.jnibench.jmhbench.GetJNIBenchmark.getIntoIndirectByteBufferGetElements:getIntoIndirectByteBufferGetElements·p0.95","sample",1,1,397.000000,NaN,"ns/op",1024,1,copyout,512
"com.evolvedbinary.jnibench.jmhbench.GetJNIBenchmark.getIntoIndirectByteBufferGetElements:getIntoIndirectByteBufferGetElements·p0.99","sample",1,1,1012.000000,NaN,"ns/op",1024,1,copyout,512
"com.evolvedbinary.jnibench.jmhbench.GetJNIBenchmark.getIntoIndirectByteBufferGetElements:getIntoIndirectByteBufferGetElements·p0.999","sample",1,1,9696.000000,NaN,"ns/op",1024,1,copyout,512
"com.evolvedbinary.jnibench.jmhbench.GetJNIBenchmark.getIntoIndirectByteBufferGetElements:getIntoIndirectByteBufferGetElements·p0.9999","sample",1,1,11840.000000,NaN,"ns/op",1024,1,copyout,512
"com.evolvedbinary.jnibench.jmhbench.GetJNIBenchmark.getIntoIndirectByteBufferGetElements:getIntoIndirectByteBufferGetElements·p1.00","sample",1,1,234240.000000,NaN,"ns/op",1024,1,copyout,512
"com.evolvedbinary.jnibench.jmhbench.GetJNIBenchmark.getIntoIndirectByteBufferGetElements","sample",1,2789231,402.164877,1.212285,"ns/op",1024,1,copyout,1024
"com.evolvedbinary.jnibench.jmhbench.GetJNIBenchmark.getIntoIndirectByteBufferGetElements:getIntoIndirectByteBufferGetElements·p0.00","sample",1,1,328.000000,NaN,"ns/op",1024,1,copyout,1024
"com.evolvedbinary.jnibench.jmhbench.GetJNIBenchmark.getIntoIndirectByteBufferGetElements:getIntoIndirectByteBufferGetElements·p0.50","sample",1,1,364.000000,NaN,"ns/op",1024,1,copyout,1024
"com.evolvedbinary.jnibench.jmhbench.GetJNIBenchmark.getIntoIndirectByteBufferGetElements:getIntoIndirectByteBufferGetElements·p0.90","sample",1,1,393.000000,NaN,"ns/op",1024,1,copyout,1024
"com.evolvedbinary.jnibench.jmhbench.GetJNIBenchmark.getIntoIndirectByteBufferGetElements:getIntoIndirectByteBufferGetElements·p0.95","sample",1,1,403.000000,NaN,"ns/op",1024,1,copyout,1024
"com.evolvedbinary.jnibench.jmhbench.GetJNIBenchmark.getIntoIndirectByteBufferGetElements:getIntoIndirectByteBufferGetElements·p0.99","sample",1,1,1152.000000,NaN,"ns/op",1024,1,copyout,1024
"com.evolvedbinary.jnibench.jmhbench.GetJNIBenchmark.getIntoIndirectByteBufferGetElements:getIntoIndirectByteBufferGetElements·p0.999","sample",1,1,9760.000000,NaN,"ns/op",1024,1,copyout,1024
"com.evolvedbinary.jnibench.jmhbench.GetJNIBenchmark.getIntoIndirectByteBufferGetElements:getIntoIndirectByteBufferGetElements·p0.9999","sample",1,1,11920.000000,NaN,"ns/op",1024,1,copyout,1024
"com.evolvedbinary.jnibench.jmhbench.GetJNIBenchmark.getIntoIndirectByteBufferGetElements:getIntoIndirectByteBufferGetElements·p1.00","sample",1,1,185856.000000,NaN,"ns/op",1024,1,copyout,1024
"com.evolvedbinary.jnibench.jmhbench.GetJNIBenchmark.getIntoIndirectByteBufferGetElements","sample",1,3510220,633.838780,5.407783,"ns/op",1024,1,copyout,4096
"com.evolvedbinary.jnibench.jmhbench.GetJNIBenchmark.getIntoIndirectByteBufferGetElements:getIntoIndirectByteBufferGetElements·p0.00","sample",1,1,493.000000,NaN,"ns/op",1024,1,copyout,4096
"com.evolvedbinary.jnibench.jmhbench.GetJNIBenchmark.getIntoIndirectByteBufferGetElements:getIntoIndirectByteBufferGetElements·p0.50","sample",1,1,579.000000,NaN,"ns/op",1024,1,copyout,4096
"com.evolvedbinary.jnibench.jmhbench.GetJNIBenchmark.getIntoIndirectByteBufferGetElements:getIntoIndirectByteBufferGetElements·p0.90","sample",1,1,622.000000,NaN,"ns/op",1024,1,copyout,4096
"com.evolvedbinary.jnibench.jmhbench.GetJNIBenchmark.getIntoIndirectByteBufferGetElements:getIntoIndirectByteBufferGetElements·p0.95","sample",1,1,797.000000,NaN,"ns/op",1024,1,copyout,4096
"com.evolvedbinary.jnibench.jmhbench.GetJNIBenchmark.getIntoIndirectByteBufferGetElements:getIntoIndirectByteBufferGetElements·p0.99","sample",1,1,1940.000000,NaN,"ns/op",1024,1,copyout,4096
"com.evolvedbinary.jnibench.jmhbench.GetJNIBenchmark.getIntoIndirectByteBufferGetElements:getIntoIndirectByteBufferGetElements·p0.999","sample",1,1,10672.000000,NaN,"ns/op",1024,1,copyout,4096
"com.evolvedbinary.jnibench.jmhbench.GetJNIBenchmark.getIntoIndirectByteBufferGetElements:getIntoIndirectByteBufferGetElements·p0.9999","sample",1,1,12480.000000,NaN,"ns/op",1024,1,copyout,4096
"com.evolvedbinary.jnibench.jmhbench.GetJNIBenchmark.getIntoIndirectByteBufferGetElements:getIntoIndirectByteBufferGetElements·p1.00","sample",1,1,4390912.000000,NaN,"ns/op",1024,1,copyout,4096
"com.evolvedbinary.jnibench.jmhbench.GetJNIBenchmark.getIntoIndirectByteBufferGetElements","sample",1,3988408,2007.095302,1.837603,"ns/op",1024,1,copyout,16384
"com.evolvedbinary.jnibench.jmhbench.GetJNIBenchmark.getIntoIndirectByteBufferGetElements:getIntoIndirectByteBufferGetElements·p0.00","sample",1,1,1644.000000,NaN,"ns/op",1024,1,copyout,16384
"com.evolvedbinary.jnibench.jmhbench.GetJNIBenchmark.getIntoIndirectByteBufferGetElements:getIntoIndirectByteBufferGetElements·p0.50","sample",1,1,1952.000000,NaN,"ns/op",1024,1,copyout,16384
"com.evolvedbinary.jnibench.jmhbench.GetJNIBenchmark.getIntoIndirectByteBufferGetElements:getIntoIndirectByteBufferGetElements·p0.90","sample",1,1,2084.000000,NaN,"ns/op",1024,1,copyout,16384
"com.evolvedbinary.jnibench.jmhbench.GetJNIBenchmark.getIntoIndirectByteBufferGetElements:getIntoIndirectByteBufferGetElements·p0.95","sample",1,1,2136.000000,NaN,"ns/op",1024,1,copyout,16384
"com.evolvedbinary.jnibench.jmhbench.GetJNIBenchmark.getIntoIndirectByteBufferGetElements:getIntoIndirectByteBufferGetElements·p0.99","sample",1,1,3416.000000,NaN,"ns/op",1024,1,copyout,16384
"com.evolvedbinary.jnibench.jmhbench.GetJNIBenchmark.getIntoIndirectByteBufferGetElements:getIntoIndirectByteBufferGetElements·p0.999","sample",1,1,12352.000000,NaN,"ns/op",1024,1,copyout,16384
"com.evolvedbinary.jnibench.jmhbench.GetJNIBenchmark.getIntoIndirectByteBufferGetElements:getIntoIndirectByteBufferGetElements·p0.9999","sample",1,1,15794.545600,NaN,"ns/op",1024,1,copyout,16384
"com.evolvedbinary.jnibench.jmhbench.GetJNIBenchmark.getIntoIndirectByteBufferGetElements:getIntoIndirectByteBufferGetElements·p1.00","sample",1,1,1069056.000000,NaN,"ns/op",1024,1,copyout,16384
"com.evolvedbinary.jnibench.jmhbench.GetJNIBenchmark.getIntoIndirectByteBufferGetElements","sample",1,3887189,4076.180920,7.194588,"ns/op",1024,1,copyout,32768
"com.evolvedbinary.jnibench.jmhbench.GetJNIBenchmark.getIntoIndirectByteBufferGetElements:getIntoIndirectByteBufferGetElements·p0.00","sample",1,1,3672.000000,NaN,"ns/op",1024,1,copyout,32768
"com.evolvedbinary.jnibench.jmhbench.GetJNIBenchmark.getIntoIndirectByteBufferGetElements:getIntoIndirectByteBufferGetElements·p0.50","sample",1,1,3856.000000,NaN,"ns/op",1024,1,copyout,32768
"com.evolvedbinary.jnibench.jmhbench.GetJNIBenchmark.getIntoIndirectByteBufferGetElements:getIntoIndirectByteBufferGetElements·p0.90","sample",1,1,4416.000000,NaN,"ns/op",1024,1,copyout,32768
"com.evolvedbinary.jnibench.jmhbench.GetJNIBenchmark.getIntoIndirectByteBufferGetElements:getIntoIndirectByteBufferGetElements·p0.95","sample",1,1,4472.000000,NaN,"ns/op",1024,1,copyout,32768
"com.evolvedbinary.jnibench.jmhbench.GetJNIBenchmark.getIntoIndirectByteBufferGetElements:getIntoIndirectByteBufferGetElements·p0.99","sample",1,1,6344.000000,NaN,"ns/op",1024,1,copyout,32768
"com.evolvedbinary.jnibench.jmhbench.GetJNIBenchmark.getIntoIndirectByteBufferGetElements:getIntoIndirectByteBufferGetElements·p0.999","sample",1,1,14960.000000,NaN,"ns/op",1024,1,copyout,32768
"com.evolvedbinary.jnibench.jmhbench.GetJNIBenchmark.getIntoIndirectByteBufferGetElements:getIntoIndirectByteBufferGetElements·p0.9999","sample",1,1,22344.992000,NaN,"ns/op",1024,1,copyout,32768
"com.evolvedbinary.jnibench.jmhbench.GetJNIBenchmark.getIntoIndirectByteBufferGetElements:getIntoIndirectByteBufferGetElements·p1.00","sample",1,1,4874240.000000,NaN,"ns/op",1024,1,copyout,32768
"com.evolvedbinary.jnibench.jmhbench.GetJNIBenchmark.getIntoIndirectByteBufferGetElements","sample",1,3775243,8312.997117,3.052602,"ns/op",1024,1,copyout,65536
"com.evolvedbinary.jnibench.jmhbench.GetJNIBenchmark.getIntoIndirectByteBufferGetElements:getIntoIndirectByteBufferGetElements·p0.00","sample",1,1,7480.000000,NaN,"ns/op",1024,1,copyout,65536
"com.evolvedbinary.jnibench.jmhbench.GetJNIBenchmark.getIntoIndirectByteBufferGetElements:getIntoIndirectByteBufferGetElements·p0.50","sample",1,1,8224.000000,NaN,"ns/op",1024,1,copyout,65536
"com.evolvedbinary.jnibench.jmhbench.GetJNIBenchmark.getIntoIndirectByteBufferGetElements:getIntoIndirectByteBufferGetElements·p0.90","sample",1,1,8656.000000,NaN,"ns/op",1024,1,copyout,65536
"com.evolvedbinary.jnibench.jmhbench.GetJNIBenchmark.getIntoIndirectByteBufferGetElements:getIntoIndirectByteBufferGetElements·p0.95","sample",1,1,8800.000000,NaN,"ns/op",1024,1,copyout,65536
"com.evolvedbinary.jnibench.jmhbench.GetJNIBenchmark.getIntoIndirectByteBufferGetElements:getIntoIndirectByteBufferGetElements·p0.99","sample",1,1,11600.000000,NaN,"ns/op",1024,1,copyout,65536
"com.evolvedbinary.jnibench.jmhbench.GetJNIBenchmark.getIntoIndirectByteBufferGetElements:getIntoIndirectByteBufferGetElements·p0.999","sample",1,1,20224.000000,NaN,"ns/op",1024,1,copyout,65536
"com.evolvedbinary.jnibench.jmhbench.GetJNIBenchmark.getIntoIndirectByteBufferGetElements:getIntoIndirectByteBufferGetElements·p0.9999","sample",1,1,31934.438400,NaN,"ns/op",1024,1,copyout,65536
"com.evolvedbinary.jnibench.jmhbench.GetJNIBenchmark.getIntoIndirectByteBufferGetElements:getIntoIndirectByteBufferGetElements·p1.00","sample",1,1,1091584.000000,NaN,"ns/op",1024,1,copyout,65536
"com.evolvedbinary.jnibench.jmhbench.GetJNIBenchmark.getIntoIndirectByteBufferSetRegion","sample",1,3657259,308.097244,0.829114,"ns/op",1024,1,none,10
"com.evolvedbinary.jnibench.jmhbench.GetJNIBenchmark.getIntoIndirectByteBufferSetRegion:getIntoIndirectByteBufferSetRegion·p0.00","sample",1,1,255.000000,NaN,"ns/op",1024,1,none,10
"com.evolvedbinary.jnibench.jmhbench.GetJNIBenchmark.getIntoIndirectByteBufferSetRegion:getIntoIndirectByteBufferSetRegion·p0.50","sample",1,1,281.000000,NaN,"ns/op",1024,1,none,10
"com.evolvedbinary.jnibench.jmhbench.GetJNIBenchmark.getIntoIndirectByteBufferSetRegion:getIntoIndirectByteBufferSetRegion·p0.90","sample",1,1,299.000000,NaN,"ns/op",1024,1,none,10
"com.evolvedbinary.jnibench.jmhbench.GetJNIBenchmark.getIntoIndirectByteBufferSetRegion:getIntoIndirectByteBufferSetRegion·p0.95","sample",1,1,303.000000,NaN,"ns/op",1024,1,none,10
"com.evolvedbinary.jnibench.jmhbench.GetJNIBenchmark.getIntoIndirectByteBufferSetRegion:getIntoIndirectByteBufferSetRegion·p0.99","sample",1,1,533.000000,NaN,"ns/op",1024,1,none,10
"com.evolvedbinary.jnibench.jmhbench.GetJNIBenchmark.getIntoIndirectByteBufferSetRegion:getIntoIndirectByteBufferSetRegion·p0.999","sample",1,1,4560.000000,NaN,"ns/op",1024,1,none,10
"com.evolvedbinary.jnibench.jmhbench.GetJNIBenchmark.getIntoIndirectByteBufferSetRegion:getIntoIndirectByteBufferSetRegion·p0.9999","sample",1,1,11504.000000,NaN,"ns/op",1024,1,none,10
"com.evolvedbinary.jnibench.jmhbench.GetJNIBenchmark.getIntoIndirectByteBufferSetRegion:getIntoIndirectByteBufferSetRegion·p1.00","sample",1,1,168704.000000,NaN,"ns/op",1024,1,none,10
"com.evolvedbinary.jnibench.jmhbench.GetJNIBenchmark.getIntoIndirectByteBufferSetRegion","sample",1,3666649,311.334884,5.963513,"ns/op",1024,1,none,50
"com.evolvedbinary.jnibench.jmhbench.GetJNIBenchmark.getIntoIndirectByteBufferSetRegion:getIntoIndirectByteBufferSetRegion·p0.00","sample",1,1,251.000000,NaN,"ns/op",1024,1,none,50
"com.evolvedbinary.jnibench.jmhbench.GetJNIBenchmark.getIntoIndirectByteBufferSetRegion:getIntoIndirectByteBufferSetRegion·p0.50","sample",1,1,280.000000,NaN,"ns/op",1024,1,none,50
"com.evolvedbinary.jnibench.jmhbench.GetJNIBenchmark.getIntoIndirectByteBufferSetRegion:getIntoIndirectByteBufferSetRegion·p0.90","sample",1,1,303.000000,NaN,"ns/op",1024,1,none,50
"com.evolvedbinary.jnibench.jmhbench.GetJNIBenchmark.getIntoIndirectByteBufferSetRegion:getIntoIndirectByteBufferSetRegion·p0.95","sample",1,1,313.000000,NaN,"ns/op",1024,1,none,50
"com.evolvedbinary.jnibench.jmhbench.GetJNIBenchmark.getIntoIndirectByteBufferSetRegion:getIntoIndirectByteBufferSetRegion·p0.99","sample",1,1,547.000000,NaN,"ns/op",1024,1,none,50
"com.evolvedbinary.jnibench.jmhbench.GetJNIBenchmark.getIntoIndirectByteBufferSetRegion:getIntoIndirectByteBufferSetRegion·p0.999","sample",1,1,4680.000000,NaN,"ns/op",1024,1,none,50
"com.evolvedbinary.jnibench.jmhbench.GetJNIBenchmark.getIntoIndirectByteBufferSetRegion:getIntoIndirectByteBufferSetRegion·p0.9999","sample",1,1,11536.000000,NaN,"ns/op",1024,1,none,50
"com.evolvedbinary.jnibench.jmhbench.GetJNIBenchmark.getIntoIndirectByteBufferSetRegion:getIntoIndirectByteBufferSetRegion·p1.00","sample",1,1,4816896.000000,NaN,"ns/op",1024,1,none,50
"com.evolvedbinary.jnibench.jmhbench.GetJNIBenchmark.getIntoIndirectByteBufferSetRegion","sample",1,3659976,310.418428,1.247697,"ns/op",1024,1,none,512
"com.evolvedbinary.jnibench.jmhbench.GetJNIBenchmark.getIntoIndirectByteBufferSetRegion:getIntoIndirectByteBufferSetRegion·p0.00","sample",1,1,254.000000,NaN,"ns/op",1024,1,none,512
"com.evolvedbinary.jnibench.jmhbench.GetJNIBenchmark.getIntoIndirectByteBufferSetRegion:getIntoIndirectByteBufferSetRegion·p0.50","sample",1,1,282.000000,NaN,"ns/op",1024,1,none,512
"com.evolvedbinary.jnibench.jmhbench.GetJNIBenchmark.getIntoIndirectByteBufferSetRegion:getIntoIndirectByteBufferSetRegion·p0.90","sample",1,1,299.000000,NaN,"ns/op",1024,1,none,512
"com.evolvedbinary.jnibench.jmhbench.GetJNIBenchmark.getIntoIndirectByteBufferSetRegion:getIntoIndirectByteBufferSetRegion·p0.95","sample",1,1,307.000000,NaN,"ns/op",1024,1,none,512
"com.evolvedbinary.jnibench.jmhbench.GetJNIBenchmark.getIntoIndirectByteBufferSetRegion:getIntoIndirectByteBufferSetRegion·p0.99","sample",1,1,583.000000,NaN,"ns/op",1024,1,none,512
"com.evolvedbinary.jnibench.jmhbench.GetJNIBenchmark.getIntoIndirectByteBufferSetRegion:getIntoIndirectByteBufferSetRegion·p0.999","sample",1,1,4968.000000,NaN,"ns/op",1024,1,none,512
"com.evolvedbinary.jnibench.jmhbench.GetJNIBenchmark.getIntoIndirectByteBufferSetRegion:getIntoIndirectByteBufferSetRegion·p0.9999","sample",1,1,11520.000000,NaN,"ns/op",1024,1,none,512
"com.evolvedbinary.jnibench.jmhbench.GetJNIBenchmark.getIntoIndirectByteBufferSetRegion:getIntoIndirectByteBufferSetRegion·p1.00","sample",1,1,1037312.000000,NaN,"ns/op",1024,1,none,512
"com.evolvedbinary.jnibench.jmhbench.GetJNIBenchmark.getIntoIndirectByteBufferSetRegion","sample",1,3677060,309.105670,4.054318,"ns/op",1024,1,none,1024
"com.evolvedbinary.jnibench.jmhbench.GetJNIBenchmark.getIntoIndirectByteBufferSetRegion:getIntoIndirectByteBufferSetRegion·p0.00","sample",1,1,259.000000,NaN,"ns/op",1024,1,none,1024
"com.evolvedbinary.jnibench.jmhbench.GetJNIBenchmark.getIntoIndirectByteBufferSetRegion:getIntoIndirectByteBufferSetRegion·p0.50","sample",1,1,281.000000,NaN,"ns/op",1024,1,none,1024
"com.evolvedbinary.jnibench.jmhbench.GetJNIBenchmark.getIntoIndirectByteBufferSetRegion:getIntoIndirectByteBufferSetRegion·p0.90","sample",1,1,297.000000,NaN,"ns/op",1024,1,none,1024
"com.evolvedbinary.jnibench.jmhbench.GetJNIBenchmark.getIntoIndirectByteBufferSetRegion:getIntoIndirectByteBufferSetRegion·p0.95","sample",1,1,301.000000,NaN,"ns/op",1024,1,none,1024
"com.evolvedbinary.jnibench.jmhbench.GetJNIBenchmark.getIntoIndirectByteBufferSetRegion:getIntoIndirectByteBufferSetRegion·p0.99","sample",1,1,555.000000,NaN,"ns/op",1024,1,none,1024
"com.evolvedbinary.jnibench.jmhbench.GetJNIBenchmark.getIntoIndirectByteBufferSetRegion:getIntoIndirectByteBufferSetRegion·p0.999","sample",1,1,4728.000000,NaN,"ns/op",1024,1,none,1024
"com.evolvedbinary.jnibench.jmhbench.GetJNIBenchmark.getIntoIndirectByteBufferSetRegion:getIntoIndirectByteBufferSetRegion·p0.9999","sample",1,1,11520.000000,NaN,"ns/op",1024,1,none,1024
"com.evolvedbinary.jnibench.jmhbench.GetJNIBenchmark.getIntoIndirectByteBufferSetRegion:getIntoIndirectByteBufferSetRegion·p1.00","sample",1,1,4325376.000000,NaN,"ns/op",1024,1,none,1024
"com.evolvedbinary.jnibench.jmhbench.GetJNIBenchmark.getIntoIndirectByteBufferSetRegion","sample",1,3224484,354.102081,1.537545,"ns/op",1024,1,none,4096
"com.evolvedbinary.jnibench.jmhbench.GetJNIBenchmark.getIntoIndirectByteBufferSetRegion:getIntoIndirectByteBufferSetRegion·p0.00","sample",1,1,286.000000,NaN,"ns/op",1024,1,none,4096
"com.evolvedbinary.jnibench.jmhbench.GetJNIBenchmark.getIntoIndirectByteBufferSetRegion:getIntoIndirectByteBufferSetRegion·p0.50","sample",1,1,318.000000,NaN,"ns/op",1024,1,none,4096
"com.evolvedbinary.jnibench.jmhbench.GetJNIBenchmark.getIntoIndirectByteBufferSetRegion:getIntoIndirectByteBufferSetRegion·p0.90","sample",1,1,347.000000,NaN,"ns/op",1024,1,none,4096
"com.evolvedbinary.jnibench.jmhbench.GetJNIBenchmark.getIntoIndirectByteBufferSetRegion:getIntoIndirectByteBufferSetRegion·p0.95","sample",1,1,355.000000,NaN,"ns/op",1024,1,none,4096
"com.evolvedbinary.jnibench.jmhbench.GetJNIBenchmark.getIntoIndirectByteBufferSetRegion:getIntoIndirectByteBufferSetRegion·p0.99","sample",1,1,732.000000,NaN,"ns/op",1024,1,none,4096
"com.evolvedbinary.jnibench.jmhbench.GetJNIBenchmark.getIntoIndirectByteBufferSetRegion:getIntoIndirectByteBufferSetRegion·p0.999","sample",1,1,9536.000000,NaN,"ns/op",1024,1,none,4096
"com.evolvedbinary.jnibench.jmhbench.GetJNIBenchmark.getIntoIndirectByteBufferSetRegion:getIntoIndirectByteBufferSetRegion·p0.9999","sample",1,1,11600.000000,NaN,"ns/op",1024,1,none,4096
"com.evolvedbinary.jnibench.jmhbench.GetJNIBenchmark.getIntoIndirectByteBufferSetRegion:getIntoIndirectByteBufferSetRegion·p1.00","sample",1,1,1110016.000000,NaN,"ns/op",1024,1,none,4096
"com.evolvedbinary.jnibench.jmhbench.GetJNIBenchmark.getIntoIndirectByteBufferSetRegion","sample",1,2897045,819.593235,2.280431,"ns/op",1024,1,none,16384
"com.evolvedbinary.jnibench.jmhbench.GetJNIBenchmark.getIntoIndirectByteBufferSetRegion:getIntoIndirectByteBufferSetRegion·p0.00","sample",1,1,627.000000,NaN,"ns/op",1024,1,none,16384
"com.evolvedbinary.jnibench.jmhbench.GetJNIBenchmark.getIntoIndirectByteBufferSetRegion:getIntoIndirectByteBufferSetRegion·p0.50","sample",1,1,773.000000,NaN,"ns/op",1024,1,none,16384
"com.evolvedbinary.jnibench.jmhbench.GetJNIBenchmark.getIntoIndirectByteBufferSetRegion:getIntoIndirectByteBufferSetRegion·p0.90","sample",1,1,807.000000,NaN,"ns/op",1024,1,none,16384
"com.evolvedbinary.jnibench.jmhbench.GetJNIBenchmark.getIntoIndirectByteBufferSetRegion:getIntoIndirectByteBufferSetRegion·p0.95","sample",1,1,826.000000,NaN,"ns/op",1024,1,none,16384
"com.evolvedbinary.jnibench.jmhbench.GetJNIBenchmark.getIntoIndirectByteBufferSetRegion:getIntoIndirectByteBufferSetRegion·p0.99","sample",1,1,2104.000000,NaN,"ns/op",1024,1,none,16384
"com.evolvedbinary.jnibench.jmhbench.GetJNIBenchmark.getIntoIndirectByteBufferSetRegion:getIntoIndirectByteBufferSetRegion·p0.999","sample",1,1,11296.000000,NaN,"ns/op",1024,1,none,16384
"com.evolvedbinary.jnibench.jmhbench.GetJNIBenchmark.getIntoIndirectByteBufferSetRegion:getIntoIndirectByteBufferSetRegion·p0.9999","sample",1,1,12480.000000,NaN,"ns/op",1024,1,none,16384
"com.evolvedbinary.jnibench.jmhbench.GetJNIBenchmark.getIntoIndirectByteBufferSetRegion:getIntoIndirectByteBufferSetRegion·p1.00","sample",1,1,997376.000000,NaN,"ns/op",1024,1,none,16384
"com.evolvedbinary.jnibench.jmhbench.GetJNIBenchmark.getIntoIndirectByteBufferSetRegion","sample",1,2750343,1496.234235,1.531507,"ns/op",1024,1,none,32768
"com.evolvedbinary.jnibench.jmhbench.GetJNIBenchmark.getIntoIndirectByteBufferSetRegion:getIntoIndirectByteBufferSetRegion·p0.00","sample",1,1,1306.000000,NaN,"ns/op",1024,1,none,32768
"com.evolvedbinary.jnibench.jmhbench.GetJNIBenchmark.getIntoIndirectByteBufferSetRegion:getIntoIndirectByteBufferSetRegion·p0.50","sample",1,1,1414.000000,NaN,"ns/op",1024,1,none,32768
"com.evolvedbinary.jnibench.jmhbench.GetJNIBenchmark.getIntoIndirectByteBufferSetRegion:getIntoIndirectByteBufferSetRegion·p0.90","sample",1,1,1522.000000,NaN,"ns/op",1024,1,none,32768
"com.evolvedbinary.jnibench.jmhbench.GetJNIBenchmark.getIntoIndirectByteBufferSetRegion:getIntoIndirectByteBufferSetRegion·p0.95","sample",1,1,1544.000000,NaN,"ns/op",1024,1,none,32768
"com.evolvedbinary.jnibench.jmhbench.GetJNIBenchmark.getIntoIndirectByteBufferSetRegion:getIntoIndirectByteBufferSetRegion·p0.99","sample",1,1,3132.000000,NaN,"ns/op",1024,1,none,32768
"com.evolvedbinary.jnibench.jmhbench.GetJNIBenchmark.getIntoIndirectByteBufferSetRegion:getIntoIndirectByteBufferSetRegion·p0.999","sample",1,1,12224.000000,NaN,"ns/op",1024,1,none,32768
"com.evolvedbinary.jnibench.jmhbench.GetJNIBenchmark.getIntoIndirectByteBufferSetRegion:getIntoIndirectByteBufferSetRegion·p0.9999","sample",1,1,17120.000000,NaN,"ns/op",1024,1,none,32768
"com.evolvedbinary.jnibench.jmhbench.GetJNIBenchmark.getIntoIndirectByteBufferSetRegion:getIntoIndirectByteBufferSetRegion·p1.00","sample",1,1,168960.000000,NaN,"ns/op",1024,1,none,32768
"com.evolvedbinary.jnibench.jmhbench.GetJNIBenchmark.getIntoIndirectByteBufferSetRegion","sample",1,3099486,2590.415140,7.534025,"ns/op",1024,1,none,65536
"com.evolvedbinary.jnibench.jmhbench.GetJNIBenchmark.getIntoIndirectByteBufferSetRegion:getIntoIndirectByteBufferSetRegion·p0.00","sample",1,1,2356.000000,NaN,"ns/op",1024,1,none,65536
"com.evolvedbinary.jnibench.jmhbench.GetJNIBenchmark.getIntoIndirectByteBufferSetRegion:getIntoIndirectByteBufferSetRegion·p0.50","sample",1,1,2524.000000,NaN,"ns/op",1024,1,none,65536
"com.evolvedbinary.jnibench.jmhbench.GetJNIBenchmark.getIntoIndirectByteBufferSetRegion:getIntoIndirectByteBufferSetRegion·p0.90","sample",1,1,2596.000000,NaN,"ns/op",1024,1,none,65536
"com.evolvedbinary.jnibench.jmhbench.GetJNIBenchmark.getIntoIndirectByteBufferSetRegion:getIntoIndirectByteBufferSetRegion·p0.95","sample",1,1,2672.000000,NaN,"ns/op",1024,1,none,65536
"com.evolvedbinary.jnibench.jmhbench.GetJNIBenchmark.getIntoIndirectByteBufferSetRegion:getIntoIndirectByteBufferSetRegion·p0.99","sample",1,1,4328.000000,NaN,"ns/op",1024,1,none,65536
"com.evolvedbinary.jnibench.jmhbench.GetJNIBenchmark.getIntoIndirectByteBufferSetRegion:getIntoIndirectByteBufferSetRegion·p0.999","sample",1,1,13456.000000,NaN,"ns/op",1024,1,none,65536
"com.evolvedbinary.jnibench.jmhbench.GetJNIBenchmark.getIntoIndirectByteBufferSetRegion:getIntoIndirectByteBufferSetRegion·p0.9999","sample",1,1,17953.641600,NaN,"ns/op",1024,1,none,65536
"com.evolvedbinary.jnibench.jmhbench.GetJNIBenchmark.getIntoIndirectByteBufferSetRegion:getIntoIndirectByteBufferSetRegion·p1.00","sample",1,1,5029888.000000,NaN,"ns/op",1024,1,none,65536
"com.evolvedbinary.jnibench.jmhbench.GetJNIBenchmark.getIntoIndirectByteBufferSetRegion","sample",1,3403410,338.991660,4.292113,"ns/op",1024,1,copyout,10
"com.evolvedbinary.jnibench.jmhbench.GetJNIBenchmark.getIntoIndirectByteBufferSetRegion:getIntoIndirectByteBufferSetRegion·p0.00","sample",1,1,276.000000,NaN,"ns/op",1024,1,copyout,10
"com.evolvedbinary.jnibench.jmhbench.GetJNIBenchmark.getIntoIndirectByteBufferSetRegion:getIntoIndirectByteBufferSetRegion·p0.50","sample",1,1,305.000000,NaN,"ns/op",1024,1,copyout,10
"com.evolvedbinary.jnibench.jmhbench.GetJNIBenchmark.getIntoIndirectByteBufferSetRegion:getIntoIndirectByteBufferSetRegion·p0.90","sample",1,1,330.000000,NaN,"ns/op",1024,1,copyout,10
"com.evolvedbinary.jnibench.jmhbench.GetJNIBenchmark.getIntoIndirectByteBufferSetRegion:getIntoIndirectByteBufferSetRegion·p0.95","sample",1,1,336.000000,NaN,"ns/op",1024,1,copyout,10
"com.evolvedbinary.jnibench.jmhbench.GetJNIBenchmark.getIntoIndirectByteBufferSetRegion:getIntoIndirectByteBufferSetRegion·p0.99","sample",1,1,631.000000,NaN,"ns/op",1024,1,copyout,10
"com.evolvedbinary.jnibench.jmhbench.GetJNIBenchmark.getIntoIndirectByteBufferSetRegion:getIntoIndirectByteBufferSetRegion·p0.999","sample",1,1,9232.000000,NaN,"ns/op",1024,1,copyout,10
"com.evolvedbinary.jnibench.jmhbench.GetJNIBenchmark.getIntoIndirectByteBufferSetRegion:getIntoIndirectByteBufferSetRegion·p0.9999","sample",1,1,11632.000000,NaN,"ns/op",1024,1,copyout,10
"com.evolvedbinary.jnibench.jmhbench.GetJNIBenchmark.getIntoIndirectByteBufferSetRegion:getIntoIndirectByteBufferSetRegion·p1.00","sample",1,1,4341760.000000,NaN,"ns/op",1024,1,copyout,10
"com.evolvedbinary.jnibench.jmhbench.GetJNIBenchmark.getIntoIndirectByteBufferSetRegion","sample",1,3423674,334.134015,1.387610,"ns/op",1024,1,copyout,50
"com.evolvedbinary.jnibench.jmhbench.GetJNIBenchmark.getIntoIndirectByteBufferSetRegion:getIntoIndirectByteBufferSetRegion·p0.00","sample",1,1,276.000000,NaN,"ns/op",1024,1,copyout,50
"com.evolvedbinary.jnibench.jmhbench.GetJNIBenchmark.getIntoIndirectByteBufferSetRegion:getIntoIndirectByteBufferSetRegion·p0.50","sample",1,1,303.000000,NaN,"ns/op",1024,1,copyout,50
"com.evolvedbinary.jnibench.jmhbench.GetJNIBenchmark.getIntoIndirectByteBufferSetRegion:getIntoIndirectByteBufferSetRegion·p0.90","sample",1,1,325.000000,NaN,"ns/op",1024,1,copyout,50
"com.evolvedbinary.jnibench.jmhbench.GetJNIBenchmark.getIntoIndirectByteBufferSetRegion:getIntoIndirectByteBufferSetRegion·p0.95","sample",1,1,331.000000,NaN,"ns/op",1024,1,copyout,50
"com.evolvedbinary.jnibench.jmhbench.GetJNIBenchmark.getIntoIndirectByteBufferSetRegion:getIntoIndirectByteBufferSetRegion·p0.99","sample",1,1,603.000000,NaN,"ns/op",1024,1,copyout,50
"com.evolvedbinary.jnibench.jmhbench.GetJNIBenchmark.getIntoIndirectByteBufferSetRegion:getIntoIndirectByteBufferSetRegion·p0.999","sample",1,1,7418.600000,NaN,"ns/op",1024,1,copyout,50
"com.evolvedbinary.jnibench.jmhbench.GetJNIBenchmark.getIntoIndirectByteBufferSetRegion:getIntoIndirectByteBufferSetRegion·p0.9999","sample",1,1,11552.000000,NaN,"ns/op",1024,1,copyout,50
"com.evolvedbinary.jnibench.jmhbench.GetJNIBenchmark.getIntoIndirectByteBufferSetRegion:getIntoIndirectByteBufferSetRegion·p1.00","sample",1,1,1114112.000000,NaN,"ns/op",1024,1,copyout,50
"com.evolvedbinary.jnibench.jmhbench.GetJNIBenchmark.getIntoIndirectByteBufferSetRegion","sample",1,3307901,341.760429,1.379129,"ns/op",1024,1,copyout,512
"com.evolvedbinary.jnibench.jmhbench.GetJNIBenchmark.getIntoIndirectByteBufferSetRegion:getIntoIndirectByteBufferSetRegion·p0.00","sample",1,1,284.000000,NaN,"ns/op",1024,1,copyout,512
"com.evolvedbinary.jnibench.jmhbench.GetJNIBenchmark.getIntoIndirectByteBufferSetRegion:getIntoIndirectByteBufferSetRegion·p0.50","sample",1,1,309.000000,NaN,"ns/op",1024,1,copyout,512
"com.evolvedbinary.jnibench.jmhbench.GetJNIBenchmark.getIntoIndirectByteBufferSetRegion:getIntoIndirectByteBufferSetRegion·p0.90","sample",1,1,334.000000,NaN,"ns/op",1024,1,copyout,512
"com.evolvedbinary.jnibench.jmhbench.GetJNIBenchmark.getIntoIndirectByteBufferSetRegion:getIntoIndirectByteBufferSetRegion·p0.95","sample",1,1,346.000000,NaN,"ns/op",1024,1,copyout,512
"com.evolvedbinary.jnibench.jmhbench.GetJNIBenchmark.getIntoIndirectByteBufferSetRegion:getIntoIndirectByteBufferSetRegion·p0.99","sample",1,1,570.000000,NaN,"ns/op",1024,1,copyout,512
"com.evolvedbinary.jnibench.jmhbench.GetJNIBenchmark.getIntoIndirectByteBufferSetRegion:getIntoIndirectByteBufferSetRegion·p0.999","sample",1,1,9408.000000,NaN,"ns/op",1024,1,copyout,512
"com.evolvedbinary.jnibench.jmhbench.GetJNIBenchmark.getIntoIndirectByteBufferSetRegion:getIntoIndirectByteBufferSetRegion·p0.9999","sample",1,1,11632.000000,NaN,"ns/op",1024,1,copyout,512
"com.evolvedbinary.jnibench.jmhbench.GetJNIBenchmark.getIntoIndirectByteBufferSetRegion:getIntoIndirectByteBufferSetRegion·p1.00","sample",1,1,1003520.000000,NaN,"ns/op",1024,1,copyout,512
"com.evolvedbinary.jnibench.jmhbench.GetJNIBenchmark.getIntoIndirectByteBufferSetRegion","sample",1,3174014,360.258129,3.917147,"ns/op",1024,1,copyout,1024
"com.evolvedbinary.jnibench.jmhbench.GetJNIBenchmark.getIntoIndirectByteBufferSetRegion:getIntoIndirectByteBufferSetRegion·p0.00","sample",1,1,291.000000,NaN,"ns/op",1024,1,copyout,1024
"com.evolvedbinary.jnibench.jmhbench.GetJNIBenchmark.getIntoIndirectByteBufferSetRegion:getIntoIndirectByteBufferSetRegion·p0.50","sample",1,1,321.000000,NaN,"ns/op",1024,1,copyout,1024
"com.evolvedbinary.jnibench.jmhbench.GetJNIBenchmark.getIntoIndirectByteBufferSetRegion:getIntoIndirectByteBufferSetRegion·p0.90","sample",1,1,361.000000,NaN,"ns/op",1024,1,copyout,1024
"com.evolvedbinary.jnibench.jmhbench.GetJNIBenchmark.getIntoIndirectByteBufferSetRegion:getIntoIndirectByteBufferSetRegion·p0.95","sample",1,1,368.000000,NaN,"ns/op",1024,1,copyout,1024
"com.evolvedbinary.jnibench.jmhbench.GetJNIBenchmark.getIntoIndirectByteBufferSetRegion:getIntoIndirectByteBufferSetRegion·p0.99","sample",1,1,758.000000,NaN,"ns/op",1024,1,copyout,1024
"com.evolvedbinary.jnibench.jmhbench.GetJNIBenchmark.getIntoIndirectByteBufferSetRegion:getIntoIndirectByteBufferSetRegion·p0.999","sample",1,1,9552.000000,NaN,"ns/op",1024,1,copyout,1024
"com.evolvedbinary.jnibench.jmhbench.GetJNIBenchmark.getIntoIndirectByteBufferSetRegion:getIntoIndirectByteBufferSetRegion·p0.9999","sample",1,1,11888.000000,NaN,"ns/op",1024,1,copyout,1024
"com.evolvedbinary.jnibench.jmhbench.GetJNIBenchmark.getIntoIndirectByteBufferSetRegion:getIntoIndirectByteBufferSetRegion·p1.00","sample",1,1,3301376.000000,NaN,"ns/op",1024,1,copyout,1024
"com.evolvedbinary.jnibench.jmhbench.GetJNIBenchmark.getIntoIndirectByteBufferSetRegion","sample",1,3827249,450.191218,4.680601,"ns/op",1024,1,copyout,4096
"com.evolvedbinary.jnibench.jmhbench.GetJNIBenchmark.getIntoIndirectByteBufferSetRegion:getIntoIndirectByteBufferSetRegion·p0.00","sample",1,1,355.000000,NaN,"ns/op",1024,1,copyout,4096
"com.evolvedbinary.jnibench.jmhbench.GetJNIBenchmark.getIntoIndirectByteBufferSetRegion:getIntoIndirectByteBufferSetRegion·p0.50","sample",1,1,414.000000,NaN,"ns/op",1024,1,copyout,4096
"com.evolvedbinary.jnibench.jmhbench.GetJNIBenchmark.getIntoIndirectByteBufferSetRegion:getIntoIndirectByteBufferSetRegion·p0.90","sample",1,1,442.000000,NaN,"ns/op",1024,1,copyout,4096
"com.evolvedbinary.jnibench.jmhbench.GetJNIBenchmark.getIntoIndirectByteBufferSetRegion:getIntoIndirectByteBufferSetRegion·p0.95","sample",1,1,455.000000,NaN,"ns/op",1024,1,copyout,4096
"com.evolvedbinary.jnibench.jmhbench.GetJNIBenchmark.getIntoIndirectByteBufferSetRegion:getIntoIndirectByteBufferSetRegion·p0.99","sample",1,1,1360.000000,NaN,"ns/op",1024,1,copyout,4096
"com.evolvedbinary.jnibench.jmhbench.GetJNIBenchmark.getIntoIndirectByteBufferSetRegion:getIntoIndirectByteBufferSetRegion·p0.999","sample",1,1,9472.000000,NaN,"ns/op",1024,1,copyout,4096
"com.evolvedbinary.jnibench.jmhbench.GetJNIBenchmark.getIntoIndirectByteBufferSetRegion:getIntoIndirectByteBufferSetRegion·p0.9999","sample",1,1,11824.000000,NaN,"ns/op",1024,1,copyout,4096
"com.evolvedbinary.jnibench.jmhbench.GetJNIBenchmark.getIntoIndirectByteBufferSetRegion:getIntoIndirectByteBufferSetRegion·p1.00","sample",1,1,4259840.000000,NaN,"ns/op",1024,1,copyout,4096
"com.evolvedbinary.jnibench.jmhbench.GetJNIBenchmark.getIntoIndirectByteBufferSetRegion","sample",1,2773277,1481.988479,9.289844,"ns/op",1024,1,copyout,16384
"com.evolvedbinary.jnibench.jmhbench.GetJNIBenchmark.getIntoIndirectByteBufferSetRegion:getIntoIndirectByteBufferSetRegion·p0.00","sample",1,1,1148.000000,NaN,"ns/op",1024,1,copyout,16384
"com.evolvedbinary.jnibench.jmhbench.GetJNIBenchmark.getIntoIndirectByteBufferSetRegion:getIntoIndirectByteBufferSetRegion·p0.50","sample",1,1,1400.000000,NaN,"ns/op",1024,1,copyout,16384
"com.evolvedbinary.jnibench.jmhbench.GetJNIBenchmark.getIntoIndirectByteBufferSetRegion:getIntoIndirectByteBufferSetRegion·p0.90","sample",1,1,1510.000000,NaN,"ns/op",1024,1,copyout,16384
"com.evolvedbinary.jnibench.jmhbench.GetJNIBenchmark.getIntoIndirectByteBufferSetRegion:getIntoIndirectByteBufferSetRegion·p0.95","sample",1,1,1530.000000,NaN,"ns/op",1024,1,copyout,16384
"com.evolvedbinary.jnibench.jmhbench.GetJNIBenchmark.getIntoIndirectByteBufferSetRegion:getIntoIndirectByteBufferSetRegion·p0.99","sample",1,1,3300.000000,NaN,"ns/op",1024,1,copyout,16384
"com.evolvedbinary.jnibench.jmhbench.GetJNIBenchmark.getIntoIndirectByteBufferSetRegion:getIntoIndirectByteBufferSetRegion·p0.999","sample",1,1,12144.000000,NaN,"ns/op",1024,1,copyout,16384
"com.evolvedbinary.jnibench.jmhbench.GetJNIBenchmark.getIntoIndirectByteBufferSetRegion:getIntoIndirectByteBufferSetRegion·p0.9999","sample",1,1,17664.000000,NaN,"ns/op",1024,1,copyout,16384
"com.evolvedbinary.jnibench.jmhbench.GetJNIBenchmark.getIntoIndirectByteBufferSetRegion:getIntoIndirectByteBufferSetRegion·p1.00","sample",1,1,4784128.000000,NaN,"ns/op",1024,1,copyout,16384
"com.evolvedbinary.jnibench.jmhbench.GetJNIBenchmark.getIntoIndirectByteBufferSetRegion","sample",1,3206427,2916.640838,7.290528,"ns/op",1024,1,copyout,32768
"com.evolvedbinary.jnibench.jmhbench.GetJNIBenchmark.getIntoIndirectByteBufferSetRegion:getIntoIndirectByteBufferSetRegion·p0.00","sample",1,1,2432.000000,NaN,"ns/op",1024,1,copyout,32768
"com.evolvedbinary.jnibench.jmhbench.GetJNIBenchmark.getIntoIndirectByteBufferSetRegion:getIntoIndirectByteBufferSetRegion·p0.50","sample",1,1,2644.000000,NaN,"ns/op",1024,1,copyout,32768
"com.evolvedbinary.jnibench.jmhbench.GetJNIBenchmark.getIntoIndirectByteBufferSetRegion:getIntoIndirectByteBufferSetRegion·p0.90","sample",1,1,3336.000000,NaN,"ns/op",1024,1,copyout,32768
"com.evolvedbinary.jnibench.jmhbench.GetJNIBenchmark.getIntoIndirectByteBufferSetRegion:getIntoIndirectByteBufferSetRegion·p0.95","sample",1,1,3384.000000,NaN,"ns/op",1024,1,copyout,32768
"com.evolvedbinary.jnibench.jmhbench.GetJNIBenchmark.getIntoIndirectByteBufferSetRegion:getIntoIndirectByteBufferSetRegion·p0.99","sample",1,1,4997.760000,NaN,"ns/op",1024,1,copyout,32768
"com.evolvedbinary.jnibench.jmhbench.GetJNIBenchmark.getIntoIndirectByteBufferSetRegion:getIntoIndirectByteBufferSetRegion·p0.999","sample",1,1,13808.000000,NaN,"ns/op",1024,1,copyout,32768
"com.evolvedbinary.jnibench.jmhbench.GetJNIBenchmark.getIntoIndirectByteBufferSetRegion:getIntoIndirectByteBufferSetRegion·p0.9999","sample",1,1,20683.430400,NaN,"ns/op",1024,1,copyout,32768
"com.evolvedbinary.jnibench.jmhbench.GetJNIBenchmark.getIntoIndirectByteBufferSetRegion:getIntoIndirectByteBufferSetRegion·p1.00","sample",1,1,4530176.000000,NaN,"ns/op",1024,1,copyout,32768
"com.evolvedbinary.jnibench.jmhbench.GetJNIBenchmark.getIntoIndirectByteBufferSetRegion","sample",1,2923919,5423.751490,6.400934,"ns/op",1024,1,copyout,65536
"com.evolvedbinary.jnibench.jmhbench.GetJNIBenchmark.getIntoIndirectByteBufferSetRegion:getIntoIndirectByteBufferSetRegion·p0.00","sample",1,1,4848.000000,NaN,"ns/op",1024,1,copyout,65536
"com.evolvedbinary.jnibench.jmhbench.GetJNIBenchmark.getIntoIndirectByteBufferSetRegion:getIntoIndirectByteBufferSetRegion·p0.50","sample",1,1,5232.000000,NaN,"ns/op",1024,1,copyout,65536
"com.evolvedbinary.jnibench.jmhbench.GetJNIBenchmark.getIntoIndirectByteBufferSetRegion:getIntoIndirectByteBufferSetRegion·p0.90","sample",1,1,5888.000000,NaN,"ns/op",1024,1,copyout,65536
"com.evolvedbinary.jnibench.jmhbench.GetJNIBenchmark.getIntoIndirectByteBufferSetRegion:getIntoIndirectByteBufferSetRegion·p0.95","sample",1,1,5968.000000,NaN,"ns/op",1024,1,copyout,65536
"com.evolvedbinary.jnibench.jmhbench.GetJNIBenchmark.getIntoIndirectByteBufferSetRegion:getIntoIndirectByteBufferSetRegion·p0.99","sample",1,1,8288.000000,NaN,"ns/op",1024,1,copyout,65536
"com.evolvedbinary.jnibench.jmhbench.GetJNIBenchmark.getIntoIndirectByteBufferSetRegion:getIntoIndirectByteBufferSetRegion·p0.999","sample",1,1,17152.000000,NaN,"ns/op",1024,1,copyout,65536
"com.evolvedbinary.jnibench.jmhbench.GetJNIBenchmark.getIntoIndirectByteBufferSetRegion:getIntoIndirectByteBufferSetRegion·p0.9999","sample",1,1,29280.000000,NaN,"ns/op",1024,1,copyout,65536
"com.evolvedbinary.jnibench.jmhbench.GetJNIBenchmark.getIntoIndirectByteBufferSetRegion:getIntoIndirectByteBufferSetRegion·p1.00","sample",1,1,4988928.000000,NaN,"ns/op",1024,1,copyout,65536
"com.evolvedbinary.jnibench.jmhbench.GetJNIBenchmark.getIntoNettyByteBuf","sample",1,4134242,154.657575,2.706478,"ns/op",1024,1,none,10
"com.evolvedbinary.jnibench.jmhbench.GetJNIBenchmark.getIntoNettyByteBuf:getIntoNettyByteBuf·p0.00","sample",1,1,122.000000,NaN,"ns/op",1024,1,none,10
"com.evolvedbinary.jnibench.jmhbench.GetJNIBenchmark.getIntoNettyByteBuf:getIntoNettyByteBuf·p0.50","sample",1,1,141.000000,NaN,"ns/op",1024,1,none,10
"com.evolvedbinary.jnibench.jmhbench.GetJNIBenchmark.getIntoNettyByteBuf:getIntoNettyByteBuf·p0.90","sample",1,1,150.000000,NaN,"ns/op",1024,1,none,10
"com.evolvedbinary.jnibench.jmhbench.GetJNIBenchmark.getIntoNettyByteBuf:getIntoNettyByteBuf·p0.95","sample",1,1,157.000000,NaN,"ns/op",1024,1,none,10
"com.evolvedbinary.jnibench.jmhbench.GetJNIBenchmark.getIntoNettyByteBuf:getIntoNettyByteBuf·p0.99","sample",1,1,191.000000,NaN,"ns/op",1024,1,none,10
"com.evolvedbinary.jnibench.jmhbench.GetJNIBenchmark.getIntoNettyByteBuf:getIntoNettyByteBuf·p0.999","sample",1,1,2703.028000,NaN,"ns/op",1024,1,none,10
"com.evolvedbinary.jnibench.jmhbench.GetJNIBenchmark.getIntoNettyByteBuf:getIntoNettyByteBuf·p0.9999","sample",1,1,11088.000000,NaN,"ns/op",1024,1,none,10
"com.evolvedbinary.jnibench.jmhbench.GetJNIBenchmark.getIntoNettyByteBuf:getIntoNettyByteBuf·p1.00","sample",1,1,3325952.000000,NaN,"ns/op",1024,1,none,10
"com.evolvedbinary.jnibench.jmhbench.GetJNIBenchmark.getIntoNettyByteBuf","sample",1,4216703,152.588142,0.530640,"ns/op",1024,1,none,50
"com.evolvedbinary.jnibench.jmhbench.GetJNIBenchmark.getIntoNettyByteBuf:getIntoNettyByteBuf·p0.00","sample",1,1,122.000000,NaN,"ns/op",1024,1,none,50
"com.evolvedbinary.jnibench.jmhbench.GetJNIBenchmark.getIntoNettyByteBuf:getIntoNettyByteBuf·p0.50","sample",1,1,139.000000,NaN,"ns/op",1024,1,none,50
"com.evolvedbinary.jnibench.jmhbench.GetJNIBenchmark.getIntoNettyByteBuf:getIntoNettyByteBuf·p0.90","sample",1,1,156.000000,NaN,"ns/op",1024,1,none,50
"com.evolvedbinary.jnibench.jmhbench.GetJNIBenchmark.getIntoNettyByteBuf:getIntoNettyByteBuf·p0.95","sample",1,1,158.000000,NaN,"ns/op",1024,1,none,50
"com.evolvedbinary.jnibench.jmhbench.GetJNIBenchmark.getIntoNettyByteBuf:getIntoNettyByteBuf·p0.99","sample",1,1,167.000000,NaN,"ns/op",1024,1,none,50
"com.evolvedbinary.jnibench.jmhbench.GetJNIBenchmark.getIntoNettyByteBuf:getIntoNettyByteBuf·p0.999","sample",1,1,2736.000000,NaN,"ns/op",1024,1,none,50
"com.evolvedbinary.jnibench.jmhbench.GetJNIBenchmark.getIntoNettyByteBuf:getIntoNettyByteBuf·p0.9999","sample",1,1,11088.000000,NaN,"ns/op",1024,1,none,50
"com.evolvedbinary.jnibench.jmhbench.GetJNIBenchmark.getIntoNettyByteBuf:getIntoNettyByteBuf·p1.00","sample",1,1,162560.000000,NaN,"ns/op",1024,1,none,50
"com.evolvedbinary.jnibench.jmhbench.GetJNIBenchmark.getIntoNettyByteBuf","sample",1,4090328,156.333407,4.053141,"ns/op",1024,1,none,512
"com.evolvedbinary.jnibench.jmhbench.GetJNIBenchmark.getIntoNettyByteBuf:getIntoNettyByteBuf·p0.00","sample",1,1,125.000000,NaN,"ns/op",1024,1,none,512
"com.evolvedbinary.jnibench.jmhbench.GetJNIBenchmark.getIntoNettyByteBuf:getIntoNettyByteBuf·p0.50","sample",1,1,140.000000,NaN,"ns/op",1024,1,none,512
"com.evolvedbinary.jnibench.jmhbench.GetJNIBenchmark.getIntoNettyByteBuf:getIntoNettyByteBuf·p0.90","sample",1,1,155.000000,NaN,"ns/op",1024,1,none,512
"com.evolvedbinary.jnibench.jmhbench.GetJNIBenchmark.getIntoNettyByteBuf:getIntoNettyByteBuf·p0.95","sample",1,1,159.000000,NaN,"ns/op",1024,1,none,512
"com.evolvedbinary.jnibench.jmhbench.GetJNIBenchmark.getIntoNettyByteBuf:getIntoNettyByteBuf·p0.99","sample",1,1,170.000000,NaN,"ns/op",1024,1,none,512
"com.evolvedbinary.jnibench.jmhbench.GetJNIBenchmark.getIntoNettyByteBuf:getIntoNettyByteBuf·p0.999","sample",1,1,2720.000000,NaN,"ns/op",1024,1,none,512
"com.evolvedbinary.jnibench.jmhbench.GetJNIBenchmark.getIntoNettyByteBuf:getIntoNettyByteBuf·p0.9999","sample",1,1,11104.000000,NaN,"ns/op",1024,1,none,512
"com.evolvedbinary.jnibench.jmhbench.GetJNIBenchmark.getIntoNettyByteBuf:getIntoNettyByteBuf·p1.00","sample",1,1,3575808.000000,NaN,"ns/op",1024,1,none,512
"com.evolvedbinary.jnibench.jmhbench.GetJNIBenchmark.getIntoNettyByteBuf","sample",1,4023379,155.973708,0.553869,"ns/op",1024,1,none,1024
"com.evolvedbinary.jnibench.jmhbench.GetJNIBenchmark.getIntoNettyByteBuf:getIntoNettyByteBuf·p0.00","sample",1,1,126.000000,NaN,"ns/op",1024,1,none,1024
"com.evolvedbinary.jnibench.jmhbench.GetJNIBenchmark.getIntoNettyByteBuf:getIntoNettyByteBuf·p0.50","sample",1,1,142.000000,NaN,"ns/op",1024,1,none,1024
"com.evolvedbinary.jnibench.jmhbench.GetJNIBenchmark.getIntoNettyByteBuf:getIntoNettyByteBuf·p0.90","sample",1,1,155.000000,NaN,"ns/op",1024,1,none,1024
"com.evolvedbinary.jnibench.jmhbench.GetJNIBenchmark.getIntoNettyByteBuf:getIntoNettyByteBuf·p0.95","sample",1,1,160.000000,NaN,"ns/op",1024,1,none,1024
"com.evolvedbinary.jnibench.jmhbench.GetJNIBenchmark.getIntoNettyByteBuf:getIntoNettyByteBuf·p0.99","sample",1,1,171.000000,NaN,"ns/op",1024,1,none,1024
"com.evolvedbinary.jnibench.jmhbench.GetJNIBenchmark.getIntoNettyByteBuf:getIntoNettyByteBuf·p0.999","sample",1,1,2680.000000,NaN,"ns/op",1024,1,none,1024
"com.evolvedbinary.jnibench.jmhbench.GetJNIBenchmark.getIntoNettyByteBuf:getIntoNettyByteBuf·p0.9999","sample",1,1,11072.000000,NaN,"ns/op",1024,1,none,1024
"com.evolvedbinary.jnibench.jmhbench.GetJNIBenchmark.getIntoNettyByteBuf:getIntoNettyByteBuf·p1.00","sample",1,1,143872.000000,NaN,"ns/op",1024,1,none,1024
"com.evolvedbinary.jnibench.jmhbench.GetJNIBenchmark.getIntoNettyByteBuf","sample",1,3207781,192.330058,3.828809,"ns/op",1024,1,none,4096
"com.evolvedbinary.jnibench.jmhbench.GetJNIBenchmark.getIntoNettyByteBuf:getIntoNettyByteBuf·p0.00","sample",1,1,154.000000,NaN,"ns/op",1024,1,none,4096
"com.evolvedbinary.jnibench.jmhbench.GetJNIBenchmark.getIntoNettyByteBuf:getIntoNettyByteBuf·p0.50","sample",1,1,171.000000,NaN,"ns/op",1024,1,none,4096
"com.evolvedbinary.jnibench.jmhbench.GetJNIBenchmark.getIntoNettyByteBuf:getIntoNettyByteBuf·p0.90","sample",1,1,186.000000,NaN,"ns/op",1024,1,none,4096
"com.evolvedbinary.jnibench.jmhbench.GetJNIBenchmark.getIntoNettyByteBuf:getIntoNettyByteBuf·p0.95","sample",1,1,191.000000,NaN,"ns/op",1024,1,none,4096
"com.evolvedbinary.jnibench.jmhbench.GetJNIBenchmark.getIntoNettyByteBuf:getIntoNettyByteBuf·p0.99","sample",1,1,245.000000,NaN,"ns/op",1024,1,none,4096
"com.evolvedbinary.jnibench.jmhbench.GetJNIBenchmark.getIntoNettyByteBuf:getIntoNettyByteBuf·p0.999","sample",1,1,3988.000000,NaN,"ns/op",1024,1,none,4096
"com.evolvedbinary.jnibench.jmhbench.GetJNIBenchmark.getIntoNettyByteBuf:getIntoNettyByteBuf·p0.9999","sample",1,1,11200.000000,NaN,"ns/op",1024,1,none,4096
"com.evolvedbinary.jnibench.jmhbench.GetJNIBenchmark.getIntoNettyByteBuf:getIntoNettyByteBuf·p1.00","sample",1,1,3649536.000000,NaN,"ns/op",1024,1,none,4096
"com.evolvedbinary.jnibench.jmhbench.GetJNIBenchmark.getIntoNettyByteBuf","sample",1,3400124,622.906847,6.372515,"ns/op",1024,1,none,16384
"com.evolvedbinary.jnibench.jmhbench.GetJNIBenchmark.getIntoNettyByteBuf:getIntoNettyByteBuf·p0.00","sample",1,1,422.000000,NaN,"ns/op",1024,1,none,16384
"com.evolvedbinary.jnibench.jmhbench.GetJNIBenchmark.getIntoNettyByteBuf:getIntoNettyByteBuf·p0.50","sample",1,1,592.000000,NaN,"ns/op",1024,1,none,16384
"com.evolvedbinary.jnibench.jmhbench.GetJNIBenchmark.getIntoNettyByteBuf:getIntoNettyByteBuf·p0.90","sample",1,1,633.000000,NaN,"ns/op",1024,1,none,16384
"com.evolvedbinary.jnibench.jmhbench.GetJNIBenchmark.getIntoNettyByteBuf:getIntoNettyByteBuf·p0.95","sample",1,1,646.000000,NaN,"ns/op",1024,1,none,16384
"com.evolvedbinary.jnibench.jmhbench.GetJNIBenchmark.getIntoNettyByteBuf:getIntoNettyByteBuf·p0.99","sample",1,1,1678.000000,NaN,"ns/op",1024,1,none,16384
"com.evolvedbinary.jnibench.jmhbench.GetJNIBenchmark.getIntoNettyByteBuf:getIntoNettyByteBuf·p0.999","sample",1,1,10752.000000,NaN,"ns/op",1024,1,none,16384
"com.evolvedbinary.jnibench.jmhbench.GetJNIBenchmark.getIntoNettyByteBuf:getIntoNettyByteBuf·p0.9999","sample",1,1,11872.000000,NaN,"ns/op",1024,1,none,16384
"com.evolvedbinary.jnibench.jmhbench.GetJNIBenchmark.getIntoNettyByteBuf:getIntoNettyByteBuf·p1.00","sample",1,1,4743168.000000,NaN,"ns/op",1024,1,none,16384
"com.evolvedbinary.jnibench.jmhbench.GetJNIBenchmark.getIntoNettyByteBuf","sample",1,3137874,1309.080285,7.376265,"ns/op",1024,1,none,32768
"com.evolvedbinary.jnibench.jmhbench.GetJNIBenchmark.getIntoNettyByteBuf:getIntoNettyByteBuf·p0.00","sample",1,1,1104.000000,NaN,"ns/op",1024,1,none,32768
"com.evolvedbinary.jnibench.jmhbench.GetJNIBenchmark.getIntoNettyByteBuf:getIntoNettyByteBuf·p0.50","sample",1,1,1248.000000,NaN,"ns/op",1024,1,none,32768
"com.evolvedbinary.jnibench.jmhbench.GetJNIBenchmark.getIntoNettyByteBuf:getIntoNettyByteBuf·p0.90","sample",1,1,1286.000000,NaN,"ns/op",1024,1,none,32768
"com.evolvedbinary.jnibench.jmhbench.GetJNIBenchmark.getIntoNettyByteBuf:getIntoNettyByteBuf·p0.95","sample",1,1,1320.000000,NaN,"ns/op",1024,1,none,32768
"com.evolvedbinary.jnibench.jmhbench.GetJNIBenchmark.getIntoNettyByteBuf:getIntoNettyByteBuf·p0.99","sample",1,1,2728.000000,NaN,"ns/op",1024,1,none,32768
"com.evolvedbinary.jnibench.jmhbench.GetJNIBenchmark.getIntoNettyByteBuf:getIntoNettyByteBuf·p0.999","sample",1,1,11872.000000,NaN,"ns/op",1024,1,none,32768
"com.evolvedbinary.jnibench.jmhbench.GetJNIBenchmark.getIntoNettyByteBuf:getIntoNettyByteBuf·p0.9999","sample",1,1,13552.000000,NaN,"ns/op",1024,1,none,32768
"com.evolvedbinary.jnibench.jmhbench.GetJNIBenchmark.getIntoNettyByteBuf:getIntoNettyByteBuf·p1.00","sample",1,1,4423680.000000,NaN,"ns/op",1024,1,none,32768
"com.evolvedbinary.jnibench.jmhbench.GetJNIBenchmark.getIntoNettyByteBuf","sample",1,3360210,2394.047826,5.113157,"ns/op",1024,1,none,65536
"com.evolvedbinary.jnibench.jmhbench.GetJNIBenchmark.getIntoNettyByteBuf:getIntoNettyByteBuf·p0.00","sample",1,1,2184.000000,NaN,"ns/op",1024,1,none,65536
"com.evolvedbinary.jnibench.jmhbench.GetJNIBenchmark.getIntoNettyByteBuf:getIntoNettyByteBuf·p0.50","sample",1,1,2324.000000,NaN,"ns/op",1024,1,none,65536
"com.evolvedbinary.jnibench.jmhbench.GetJNIBenchmark.getIntoNettyByteBuf:getIntoNettyByteBuf·p0.90","sample",1,1,2384.000000,NaN,"ns/op",1024,1,none,65536
"com.evolvedbinary.jnibench.jmhbench.GetJNIBenchmark.getIntoNettyByteBuf:getIntoNettyByteBuf·p0.95","sample",1,1,2460.000000,NaN,"ns/op",1024,1,none,65536
"com.evolvedbinary.jnibench.jmhbench.GetJNIBenchmark.getIntoNettyByteBuf:getIntoNettyByteBuf·p0.99","sample",1,1,3972.000000,NaN,"ns/op",1024,1,none,65536
"com.evolvedbinary.jnibench.jmhbench.GetJNIBenchmark.getIntoNettyByteBuf:getIntoNettyByteBuf·p0.999","sample",1,1,13120.000000,NaN,"ns/op",1024,1,none,65536
"com.evolvedbinary.jnibench.jmhbench.GetJNIBenchmark.getIntoNettyByteBuf:getIntoNettyByteBuf·p0.9999","sample",1,1,18368.000000,NaN,"ns/op",1024,1,none,65536
"com.evolvedbinary.jnibench.jmhbench.GetJNIBenchmark.getIntoNettyByteBuf:getIntoNettyByteBuf·p1.00","sample",1,1,4571136.000000,NaN,"ns/op",1024,1,none,65536
"com.evolvedbinary.jnibench.jmhbench.GetJNIBenchmark.getIntoNettyByteBuf","sample",1,3426488,183.439103,5.496817,"ns/op",1024,1,copyout,10
"com.evolvedbinary.jnibench.jmhbench.GetJNIBenchmark.getIntoNettyByteBuf:getIntoNettyByteBuf·p0.00","sample",1,1,141.000000,NaN,"ns/op",1024,1,copyout,10
"com.evolvedbinary.jnibench.jmhbench.GetJNIBenchmark.getIntoNettyByteBuf:getIntoNettyByteBuf·p0.50","sample",1,1,162.000000,NaN,"ns/op",1024,1,copyout,10
"com.evolvedbinary.jnibench.jmhbench.GetJNIBenchmark.getIntoNettyByteBuf:getIntoNettyByteBuf·p0.90","sample",1,1,178.000000,NaN,"ns/op",1024,1,copyout,10
"com.evolvedbinary.jnibench.jmhbench.GetJNIBenchmark.getIntoNettyByteBuf:getIntoNettyByteBuf·p0.95","sample",1,1,182.000000,NaN,"ns/op",1024,1,copyout,10
"com.evolvedbinary.jnibench.jmhbench.GetJNIBenchmark.getIntoNettyByteBuf:getIntoNettyByteBuf·p0.99","sample",1,1,273.000000,NaN,"ns/op",1024,1,copyout,10
"com.evolvedbinary.jnibench.jmhbench.GetJNIBenchmark.getIntoNettyByteBuf:getIntoNettyByteBuf·p0.999","sample",1,1,3772.000000,NaN,"ns/op",1024,1,copyout,10
"com.evolvedbinary.jnibench.jmhbench.GetJNIBenchmark.getIntoNettyByteBuf:getIntoNettyByteBuf·p0.9999","sample",1,1,11232.000000,NaN,"ns/op",1024,1,copyout,10
"com.evolvedbinary.jnibench.jmhbench.GetJNIBenchmark.getIntoNettyByteBuf:getIntoNettyByteBuf·p1.00","sample",1,1,4349952.000000,NaN,"ns/op",1024,1,copyout,10
"com.evolvedbinary.jnibench.jmhbench.GetJNIBenchmark.getIntoNettyByteBuf","sample",1,3098004,198.153718,5.281858,"ns/op",1024,1,copyout,50
"com.evolvedbinary.jnibench.jmhbench.GetJNIBenchmark.getIntoNettyByteBuf:getIntoNettyByteBuf·p0.00","sample",1,1,153.000000,NaN,"ns/op",1024,1,copyout,50
"com.evolvedbinary.jnibench.jmhbench.GetJNIBenchmark.getIntoNettyByteBuf:getIntoNettyByteBuf·p0.50","sample",1,1,176.000000,NaN,"ns/op",1024,1,copyout,50
"com.evolvedbinary.jnibench.jmhbench.GetJNIBenchmark.getIntoNettyByteBuf:getIntoNettyByteBuf·p0.90","sample",1,1,192.000000,NaN,"ns/op",1024,1,copyout,50
"com.evolvedbinary.jnibench.jmhbench.GetJNIBenchmark.getIntoNettyByteBuf:getIntoNettyByteBuf·p0.95","sample",1,1,198.000000,NaN,"ns/op",1024,1,copyout,50
"com.evolvedbinary.jnibench.jmhbench.GetJNIBenchmark.getIntoNettyByteBuf:getIntoNettyByteBuf·p0.99","sample",1,1,286.000000,NaN,"ns/op",1024,1,copyout,50
"com.evolvedbinary.jnibench.jmhbench.GetJNIBenchmark.getIntoNettyByteBuf:getIntoNettyByteBuf·p0.999","sample",1,1,4004.000000,NaN,"ns/op",1024,1,copyout,50
"com.evolvedbinary.jnibench.jmhbench.GetJNIBenchmark.getIntoNettyByteBuf:getIntoNettyByteBuf·p0.9999","sample",1,1,11360.000000,NaN,"ns/op",1024,1,copyout,50
"com.evolvedbinary.jnibench.jmhbench.GetJNIBenchmark.getIntoNettyByteBuf:getIntoNettyByteBuf·p1.00","sample",1,1,4808704.000000,NaN,"ns/op",1024,1,copyout,50
"com.evolvedbinary.jnibench.jmhbench.GetJNIBenchmark.getIntoNettyByteBuf","sample",1,3009265,377.421362,1.575014,"ns/op",1024,1,copyout,512
"com.evolvedbinary.jnibench.jmhbench.GetJNIBenchmark.getIntoNettyByteBuf:getIntoNettyByteBuf·p0.00","sample",1,1,312.000000,NaN,"ns/op",1024,1,copyout,512
"com.evolvedbinary.jnibench.jmhbench.GetJNIBenchmark.getIntoNettyByteBuf:getIntoNettyByteBuf·p0.50","sample",1,1,341.000000,NaN,"ns/op",1024,1,copyout,512
"com.evolvedbinary.jnibench.jmhbench.GetJNIBenchmark.getIntoNettyByteBuf:getIntoNettyByteBuf·p0.90","sample",1,1,360.000000,NaN,"ns/op",1024,1,copyout,512
"com.evolvedbinary.jnibench.jmhbench.GetJNIBenchmark.getIntoNettyByteBuf:getIntoNettyByteBuf·p0.95","sample",1,1,367.000000,NaN,"ns/op",1024,1,copyout,512
"com.evolvedbinary.jnibench.jmhbench.GetJNIBenchmark.getIntoNettyByteBuf:getIntoNettyByteBuf·p0.99","sample",1,1,786.000000,NaN,"ns/op",1024,1,copyout,512
"com.evolvedbinary.jnibench.jmhbench.GetJNIBenchmark.getIntoNettyByteBuf:getIntoNettyByteBuf·p0.999","sample",1,1,9680.000000,NaN,"ns/op",1024,1,copyout,512
"com.evolvedbinary.jnibench.jmhbench.GetJNIBenchmark.getIntoNettyByteBuf:getIntoNettyByteBuf·p0.9999","sample",1,1,11824.000000,NaN,"ns/op",1024,1,copyout,512
"com.evolvedbinary.jnibench.jmhbench.GetJNIBenchmark.getIntoNettyByteBuf:getIntoNettyByteBuf·p1.00","sample",1,1,982016.000000,NaN,"ns/op",1024,1,copyout,512
"com.evolvedbinary.jnibench.jmhbench.GetJNIBenchmark.getIntoNettyByteBuf","sample",1,3925464,547.412417,3.010484,"ns/op",1024,1,copyout,1024
"com.evolvedbinary.jnibench.jmhbench.GetJNIBenchmark.getIntoNettyByteBuf:getIntoNettyByteBuf·p0.00","sample",1,1,486.000000,NaN,"ns/op",1024,1,copyout,1024
"com.evolvedbinary.jnibench.jmhbench.GetJNIBenchmark.getIntoNettyByteBuf:getIntoNettyByteBuf·p0.50","sample",1,1,509.000000,NaN,"ns/op",1024,1,copyout,1024
"com.evolvedbinary.jnibench.jmhbench.GetJNIBenchmark.getIntoNettyByteBuf:getIntoNettyByteBuf·p0.90","sample",1,1,531.000000,NaN,"ns/op",1024,1,copyout,1024
"com.evolvedbinary.jnibench.jmhbench.GetJNIBenchmark.getIntoNettyByteBuf:getIntoNettyByteBuf·p0.95","sample",1,1,539.000000,NaN,"ns/op",1024,1,copyout,1024
"com.evolvedbinary.jnibench.jmhbench.GetJNIBenchmark.getIntoNettyByteBuf:getIntoNettyByteBuf·p0.99","sample",1,1,1780.000000,NaN,"ns/op",1024,1,copyout,1024
"com.evolvedbinary.jnibench.jmhbench.GetJNIBenchmark.getIntoNettyByteBuf:getIntoNettyByteBuf·p0.999","sample",1,1,9552.000000,NaN,"ns/op",1024,1,copyout,1024
"com.evolvedbinary.jnibench.jmhbench.GetJNIBenchmark.getIntoNettyByteBuf:getIntoNettyByteBuf·p0.9999","sample",1,1,11840.000000,NaN,"ns/op",1024,1,copyout,1024
"com.evolvedbinary.jnibench.jmhbench.GetJNIBenchmark.getIntoNettyByteBuf:getIntoNettyByteBuf·p1.00","sample",1,1,3395584.000000,NaN,"ns/op",1024,1,copyout,1024
"com.evolvedbinary.jnibench.jmhbench.GetJNIBenchmark.getIntoNettyByteBuf","sample",1,2531532,1624.250443,7.619192,"ns/op",1024,1,copyout,4096
"com.evolvedbinary.jnibench.jmhbench.GetJNIBenchmark.getIntoNettyByteBuf:getIntoNettyByteBuf·p0.00","sample",1,1,1524.000000,NaN,"ns/op",1024,1,copyout,4096
"com.evolvedbinary.jnibench.jmhbench.GetJNIBenchmark.getIntoNettyByteBuf:getIntoNettyByteBuf·p0.50","sample",1,1,1552.000000,NaN,"ns/op",1024,1,copyout,4096
"com.evolvedbinary.jnibench.jmhbench.GetJNIBenchmark.getIntoNettyByteBuf:getIntoNettyByteBuf·p0.90","sample",1,1,1576.000000,NaN,"ns/op",1024,1,copyout,4096
"com.evolvedbinary.jnibench.jmhbench.GetJNIBenchmark.getIntoNettyByteBuf:getIntoNettyByteBuf·p0.95","sample",1,1,1638.000000,NaN,"ns/op",1024,1,copyout,4096
"com.evolvedbinary.jnibench.jmhbench.GetJNIBenchmark.getIntoNettyByteBuf:getIntoNettyByteBuf·p0.99","sample",1,1,3304.000000,NaN,"ns/op",1024,1,copyout,4096
"com.evolvedbinary.jnibench.jmhbench.GetJNIBenchmark.getIntoNettyByteBuf:getIntoNettyByteBuf·p0.999","sample",1,1,12368.000000,NaN,"ns/op",1024,1,copyout,4096
"com.evolvedbinary.jnibench.jmhbench.GetJNIBenchmark.getIntoNettyByteBuf:getIntoNettyByteBuf·p0.9999","sample",1,1,15728.000000,NaN,"ns/op",1024,1,copyout,4096
"com.evolvedbinary.jnibench.jmhbench.GetJNIBenchmark.getIntoNettyByteBuf:getIntoNettyByteBuf·p1.00","sample",1,1,4587520.000000,NaN,"ns/op",1024,1,copyout,4096
"com.evolvedbinary.jnibench.jmhbench.GetJNIBenchmark.getIntoNettyByteBuf","sample",1,2467547,6404.218998,7.026082,"ns/op",1024,1,copyout,16384
"com.evolvedbinary.jnibench.jmhbench.GetJNIBenchmark.getIntoNettyByteBuf:getIntoNettyByteBuf·p0.00","sample",1,1,6088.000000,NaN,"ns/op",1024,1,copyout,16384
"com.evolvedbinary.jnibench.jmhbench.GetJNIBenchmark.getIntoNettyByteBuf:getIntoNettyByteBuf·p0.50","sample",1,1,6288.000000,NaN,"ns/op",1024,1,copyout,16384
"com.evolvedbinary.jnibench.jmhbench.GetJNIBenchmark.getIntoNettyByteBuf:getIntoNettyByteBuf·p0.90","sample",1,1,6520.000000,NaN,"ns/op",1024,1,copyout,16384
"com.evolvedbinary.jnibench.jmhbench.GetJNIBenchmark.getIntoNettyByteBuf:getIntoNettyByteBuf·p0.95","sample",1,1,6632.000000,NaN,"ns/op",1024,1,copyout,16384
"com.evolvedbinary.jnibench.jmhbench.GetJNIBenchmark.getIntoNettyByteBuf:getIntoNettyByteBuf·p0.99","sample",1,1,8464.000000,NaN,"ns/op",1024,1,copyout,16384
"com.evolvedbinary.jnibench.jmhbench.GetJNIBenchmark.getIntoNettyByteBuf:getIntoNettyByteBuf·p0.999","sample",1,1,17504.000000,NaN,"ns/op",1024,1,copyout,16384
"com.evolvedbinary.jnibench.jmhbench.GetJNIBenchmark.getIntoNettyByteBuf:getIntoNettyByteBuf·p0.9999","sample",1,1,30951.846400,NaN,"ns/op",1024,1,copyout,16384
"com.evolvedbinary.jnibench.jmhbench.GetJNIBenchmark.getIntoNettyByteBuf:getIntoNettyByteBuf·p1.00","sample",1,1,4325376.000000,NaN,"ns/op",1024,1,copyout,16384
"com.evolvedbinary.jnibench.jmhbench.GetJNIBenchmark.getIntoNettyByteBuf","sample",1,2565102,12277.298565,9.301552,"ns/op",1024,1,copyout,32768
"com.evolvedbinary.jnibench.jmhbench.GetJNIBenchmark.getIntoNettyByteBuf:getIntoNettyByteBuf·p0.00","sample",1,1,11984.000000,NaN,"ns/op",1024,1,copyout,32768
"com.evolvedbinary.jnibench.jmhbench.GetJNIBenchmark.getIntoNettyByteBuf:getIntoNettyByteBuf·p0.50","sample",1,1,12112.000000,NaN,"ns/op",1024,1,copyout,32768
"com.evolvedbinary.jnibench.jmhbench.GetJNIBenchmark.getIntoNettyByteBuf:getIntoNettyByteBuf·p0.90","sample",1,1,12160.000000,NaN,"ns/op",1024,1,copyout,32768
"com.evolvedbinary.jnibench.jmhbench.GetJNIBenchmark.getIntoNettyByteBuf:getIntoNettyByteBuf·p0.95","sample",1,1,12784.000000,NaN,"ns/op",1024,1,copyout,32768
"com.evolvedbinary.jnibench.jmhbench.GetJNIBenchmark.getIntoNettyByteBuf:getIntoNettyByteBuf·p0.99","sample",1,1,14944.000000,NaN,"ns/op",1024,1,copyout,32768
"com.evolvedbinary.jnibench.jmhbench.GetJNIBenchmark.getIntoNettyByteBuf:getIntoNettyByteBuf·p0.999","sample",1,1,24704.000000,NaN,"ns/op",1024,1,copyout,32768
"com.evolvedbinary.jnibench.jmhbench.GetJNIBenchmark.getIntoNettyByteBuf:getIntoNettyByteBuf·p0.9999","sample",1,1,43008.000000,NaN,"ns/op",1024,1,copyout,32768
"com.evolvedbinary.jnibench.jmhbench.GetJNIBenchmark.getIntoNettyByteBuf:getIntoNettyByteBuf·p1.00","sample",1,1,4562944.000000,NaN,"ns/op",1024,1,copyout,32768
"com.evolvedbinary.jnibench.jmhbench.GetJNIBenchmark.getIntoNettyByteBuf","sample",1,2557014,24478.779414,5.289149,"ns/op",1024,1,copyout,65536
"com.evolvedbinary.jnibench.jmhbench.GetJNIBenchmark.getIntoNettyByteBuf:getIntoNettyByteBuf·p0.00","sample",1,1,23936.000000,NaN,"ns/op",1024,1,copyout,65536
"com.evolvedbinary.jnibench.jmhbench.GetJNIBenchmark.getIntoNettyByteBuf:getIntoNettyByteBuf·p0.50","sample",1,1,24096.000000,NaN,"ns/op",1024,1,copyout,65536
"com.evolvedbinary.jnibench.jmhbench.GetJNIBenchmark.getIntoNettyByteBuf:getIntoNettyByteBuf·p0.90","sample",1,1,25344.000000,NaN,"ns/op",1024,1,copyout,65536
"com.evolvedbinary.jnibench.jmhbench.GetJNIBenchmark.getIntoNettyByteBuf:getIntoNettyByteBuf·p0.95","sample",1,1,25824.000000,NaN,"ns/op",1024,1,copyout,65536
"com.evolvedbinary.jnibench.jmhbench.GetJNIBenchmark.getIntoNettyByteBuf:getIntoNettyByteBuf·p0.99","sample",1,1,30816.000000,NaN,"ns/op",1024,1,copyout,65536
"com.evolvedbinary.jnibench.jmhbench.GetJNIBenchmark.getIntoNettyByteBuf:getIntoNettyByteBuf·p0.999","sample",1,1,41920.000000,NaN,"ns/op",1024,1,copyout,65536
"com.evolvedbinary.jnibench.jmhbench.GetJNIBenchmark.getIntoNettyByteBuf:getIntoNettyByteBuf·p0.9999","sample",1,1,70566.208000,NaN,"ns/op",1024,1,copyout,65536
"com.evolvedbinary.jnibench.jmhbench.GetJNIBenchmark.getIntoNettyByteBuf:getIntoNettyByteBuf·p1.00","sample",1,1,1163264.000000,NaN,"ns/op",1024,1,copyout,65536
"com.evolvedbinary.jnibench.jmhbench.GetJNIBenchmark.getIntoPooledNettyByteBuf","sample",1,4104687,291.041161,3.031555,"ns/op",1024,1,none,10
"com.evolvedbinary.jnibench.jmhbench.GetJNIBenchmark.getIntoPooledNettyByteBuf:getIntoPooledNettyByteBuf·p0.00","sample",1,1,230.000000,NaN,"ns/op",1024,1,none,10
"com.evolvedbinary.jnibench.jmhbench.GetJNIBenchmark.getIntoPooledNettyByteBuf:getIntoPooledNettyByteBuf·p0.50","sample",1,1,246.000000,NaN,"ns/op",1024,1,none,10
"com.evolvedbinary.jnibench.jmhbench.GetJNIBenchmark.getIntoPooledNettyByteBuf:getIntoPooledNettyByteBuf·p0.90","sample",1,1,266.000000,NaN,"ns/op",1024,1,none,10
"com.evolvedbinary.jnibench.jmhbench.GetJNIBenchmark.getIntoPooledNettyByteBuf:getIntoPooledNettyByteBuf·p0.95","sample",1,1,275.000000,NaN,"ns/op",1024,1,none,10
"com.evolvedbinary.jnibench.jmhbench.GetJNIBenchmark.getIntoPooledNettyByteBuf:getIntoPooledNettyByteBuf·p0.99","sample",1,1,1844.000000,NaN,"ns/op",1024,1,none,10
"com.evolvedbinary.jnibench.jmhbench.GetJNIBenchmark.getIntoPooledNettyByteBuf:getIntoPooledNettyByteBuf·p0.999","sample",1,1,5496.000000,NaN,"ns/op",1024,1,none,10
"com.evolvedbinary.jnibench.jmhbench.GetJNIBenchmark.getIntoPooledNettyByteBuf:getIntoPooledNettyByteBuf·p0.9999","sample",1,1,11376.000000,NaN,"ns/op",1024,1,none,10
"com.evolvedbinary.jnibench.jmhbench.GetJNIBenchmark.getIntoPooledNettyByteBuf:getIntoPooledNettyByteBuf·p1.00","sample",1,1,3665920.000000,NaN,"ns/op",1024,1,none,10
"com.evolvedbinary.jnibench.jmhbench.GetJNIBenchmark.getIntoPooledNettyByteBuf","sample",1,4113670,290.683434,1.085000,"ns/op",1024,1,none,50
"com.evolvedbinary.jnibench.jmhbench.GetJNIBenchmark.getIntoPooledNettyByteBuf:getIntoPooledNettyByteBuf·p0.00","sample",1,1,229.000000,NaN,"ns/op",1024,1,none,50
"com.evolvedbinary.jnibench.jmhbench.GetJNIBenchmark.getIntoPooledNettyByteBuf:getIntoPooledNettyByteBuf·p0.50","sample",1,1,248.000000,NaN,"ns/op",1024,1,none,50
"com.evolvedbinary.jnibench.jmhbench.GetJNIBenchmark.getIntoPooledNettyByteBuf:getIntoPooledNettyByteBuf·p0.90","sample",1,1,266.000000,NaN,"ns/op",1024,1,none,50
"com.evolvedbinary.jnibench.jmhbench.GetJNIBenchmark.getIntoPooledNettyByteBuf:getIntoPooledNettyByteBuf·p0.95","sample",1,1,274.000000,NaN,"ns/op",1024,1,none,50
"com.evolvedbinary.jnibench.jmhbench.GetJNIBenchmark.getIntoPooledNettyByteBuf:getIntoPooledNettyByteBuf·p0.99","sample",1,1,1810.000000,NaN,"ns/op",1024,1,none,50
"com.evolvedbinary.jnibench.jmhbench.GetJNIBenchmark.getIntoPooledNettyByteBuf:getIntoPooledNettyByteBuf·p0.999","sample",1,1,5728.000000,NaN,"ns/op",1024,1,none,50
"com.evolvedbinary.jnibench.jmhbench.GetJNIBenchmark.getIntoPooledNettyByteBuf:getIntoPooledNettyByteBuf·p0.9999","sample",1,1,11392.000000,NaN,"ns/op",1024,1,none,50
"com.evolvedbinary.jnibench.jmhbench.GetJNIBenchmark.getIntoPooledNettyByteBuf:getIntoPooledNettyByteBuf·p1.00","sample",1,1,1018880.000000,NaN,"ns/op",1024,1,none,50
"com.evolvedbinary.jnibench.jmhbench.GetJNIBenchmark.getIntoPooledNettyByteBuf","sample",1,4114335,290.250813,0.714898,"ns/op",1024,1,none,512
"com.evolvedbinary.jnibench.jmhbench.GetJNIBenchmark.getIntoPooledNettyByteBuf:getIntoPooledNettyByteBuf·p0.00","sample",1,1,231.000000,NaN,"ns/op",1024,1,none,512
"com.evolvedbinary.jnibench.jmhbench.GetJNIBenchmark.getIntoPooledNettyByteBuf:getIntoPooledNettyByteBuf·p0.50","sample",1,1,247.000000,NaN,"ns/op",1024,1,none,512
"com.evolvedbinary.jnibench.jmhbench.GetJNIBenchmark.getIntoPooledNettyByteBuf:getIntoPooledNettyByteBuf·p0.90","sample",1,1,265.000000,NaN,"ns/op",1024,1,none,512
"com.evolvedbinary.jnibench.jmhbench.GetJNIBenchmark.getIntoPooledNettyByteBuf:getIntoPooledNettyByteBuf·p0.95","sample",1,1,273.000000,NaN,"ns/op",1024,1,none,512
"com.evolvedbinary.jnibench.jmhbench.GetJNIBenchmark.getIntoPooledNettyByteBuf:getIntoPooledNettyByteBuf·p0.99","sample",1,1,1834.000000,NaN,"ns/op",1024,1,none,512
"com.evolvedbinary.jnibench.jmhbench.GetJNIBenchmark.getIntoPooledNettyByteBuf:getIntoPooledNettyByteBuf·p0.999","sample",1,1,5824.000000,NaN,"ns/op",1024,1,none,512
"com.evolvedbinary.jnibench.jmhbench.GetJNIBenchmark.getIntoPooledNettyByteBuf:getIntoPooledNettyByteBuf·p0.9999","sample",1,1,11392.000000,NaN,"ns/op",1024,1,none,512
"com.evolvedbinary.jnibench.jmhbench.GetJNIBenchmark.getIntoPooledNettyByteBuf:getIntoPooledNettyByteBuf·p1.00","sample",1,1,111616.000000,NaN,"ns/op",1024,1,none,512
"com.evolvedbinary.jnibench.jmhbench.GetJNIBenchmark.getIntoPooledNettyByteBuf","sample",1,4059413,293.170544,0.714238,"ns/op",1024,1,none,1024
"com.evolvedbinary.jnibench.jmhbench.GetJNIBenchmark.getIntoPooledNettyByteBuf:getIntoPooledNettyByteBuf·p0.00","sample",1,1,234.000000,NaN,"ns/op",1024,1,none,1024
"com.evolvedbinary.jnibench.jmhbench.GetJNIBenchmark.getIntoPooledNettyByteBuf:getIntoPooledNettyByteBuf·p0.50","sample",1,1,250.000000,NaN,"ns/op",1024,1,none,1024
"com.evolvedbinary.jnibench.jmhbench.GetJNIBenchmark.getIntoPooledNettyByteBuf:getIntoPooledNettyByteBuf·p0.90","sample",1,1,269.000000,NaN,"ns/op",1024,1,none,1024
"com.evolvedbinary.jnibench.jmhbench.GetJNIBenchmark.getIntoPooledNettyByteBuf:getIntoPooledNettyByteBuf·p0.95","sample",1,1,276.000000,NaN,"ns/op",1024,1,none,1024
"com.evolvedbinary.jnibench.jmhbench.GetJNIBenchmark.getIntoPooledNettyByteBuf:getIntoPooledNettyByteBuf·p0.99","sample",1,1,1836.000000,NaN,"ns/op",1024,1,none,1024
"com.evolvedbinary.jnibench.jmhbench.GetJNIBenchmark.getIntoPooledNettyByteBuf:getIntoPooledNettyByteBuf·p0.999","sample",1,1,5724.688000,NaN,"ns/op",1024,1,none,1024
"com.evolvedbinary.jnibench.jmhbench.GetJNIBenchmark.getIntoPooledNettyByteBuf:getIntoPooledNettyByteBuf·p0.9999","sample",1,1,11360.000000,NaN,"ns/op",1024,1,none,1024
"com.evolvedbinary.jnibench.jmhbench.GetJNIBenchmark.getIntoPooledNettyByteBuf:getIntoPooledNettyByteBuf·p1.00","sample",1,1,163584.000000,NaN,"ns/op",1024,1,none,1024
"com.evolvedbinary.jnibench.jmhbench.GetJNIBenchmark.getIntoPooledNettyByteBuf","sample",1,3412145,348.731428,1.287347,"ns/op",1024,1,none,4096
"com.evolvedbinary.jnibench.jmhbench.GetJNIBenchmark.getIntoPooledNettyByteBuf:getIntoPooledNettyByteBuf·p0.00","sample",1,1,272.000000,NaN,"ns/op",1024,1,none,4096
"com.evolvedbinary.jnibench.jmhbench.GetJNIBenchmark.getIntoPooledNettyByteBuf:getIntoPooledNettyByteBuf·p0.50","sample",1,1,295.000000,NaN,"ns/op",1024,1,none,4096
"com.evolvedbinary.jnibench.jmhbench.GetJNIBenchmark.getIntoPooledNettyByteBuf:getIntoPooledNettyByteBuf·p0.90","sample",1,1,319.000000,NaN,"ns/op",1024,1,none,4096
"com.evolvedbinary.jnibench.jmhbench.GetJNIBenchmark.getIntoPooledNettyByteBuf:getIntoPooledNettyByteBuf·p0.95","sample",1,1,330.000000,NaN,"ns/op",1024,1,none,4096
"com.evolvedbinary.jnibench.jmhbench.GetJNIBenchmark.getIntoPooledNettyByteBuf:getIntoPooledNettyByteBuf·p0.99","sample",1,1,2020.000000,NaN,"ns/op",1024,1,none,4096
"com.evolvedbinary.jnibench.jmhbench.GetJNIBenchmark.getIntoPooledNettyByteBuf:getIntoPooledNettyByteBuf·p0.999","sample",1,1,7877.664000,NaN,"ns/op",1024,1,none,4096
"com.evolvedbinary.jnibench.jmhbench.GetJNIBenchmark.getIntoPooledNettyByteBuf:getIntoPooledNettyByteBuf·p0.9999","sample",1,1,11792.000000,NaN,"ns/op",1024,1,none,4096
"com.evolvedbinary.jnibench.jmhbench.GetJNIBenchmark.getIntoPooledNettyByteBuf:getIntoPooledNettyByteBuf·p1.00","sample",1,1,976896.000000,NaN,"ns/op",1024,1,none,4096
"com.evolvedbinary.jnibench.jmhbench.GetJNIBenchmark.getIntoPooledNettyByteBuf","sample",1,3310662,849.059775,1.613318,"ns/op",1024,1,none,16384
"com.evolvedbinary.jnibench.jmhbench.GetJNIBenchmark.getIntoPooledNettyByteBuf:getIntoPooledNettyByteBuf·p0.00","sample",1,1,636.000000,NaN,"ns/op",1024,1,none,16384
"com.evolvedbinary.jnibench.jmhbench.GetJNIBenchmark.getIntoPooledNettyByteBuf:getIntoPooledNettyByteBuf·p0.50","sample",1,1,793.000000,NaN,"ns/op",1024,1,none,16384
"com.evolvedbinary.jnibench.jmhbench.GetJNIBenchmark.getIntoPooledNettyByteBuf:getIntoPooledNettyByteBuf·p0.90","sample",1,1,834.000000,NaN,"ns/op",1024,1,none,16384
"com.evolvedbinary.jnibench.jmhbench.GetJNIBenchmark.getIntoPooledNettyByteBuf:getIntoPooledNettyByteBuf·p0.95","sample",1,1,852.000000,NaN,"ns/op",1024,1,none,16384
"com.evolvedbinary.jnibench.jmhbench.GetJNIBenchmark.getIntoPooledNettyByteBuf:getIntoPooledNettyByteBuf·p0.99","sample",1,1,2684.000000,NaN,"ns/op",1024,1,none,16384
"com.evolvedbinary.jnibench.jmhbench.GetJNIBenchmark.getIntoPooledNettyByteBuf:getIntoPooledNettyByteBuf·p0.999","sample",1,1,11104.000000,NaN,"ns/op",1024,1,none,16384
"com.evolvedbinary.jnibench.jmhbench.GetJNIBenchmark.getIntoPooledNettyByteBuf:getIntoPooledNettyByteBuf·p0.9999","sample",1,1,13166.939200,NaN,"ns/op",1024,1,none,16384
"com.evolvedbinary.jnibench.jmhbench.GetJNIBenchmark.getIntoPooledNettyByteBuf:getIntoPooledNettyByteBuf·p1.00","sample",1,1,1034240.000000,NaN,"ns/op",1024,1,none,16384
"com.evolvedbinary.jnibench.jmhbench.GetJNIBenchmark.getIntoPooledNettyByteBuf","sample",1,2620652,1603.397035,7.040340,"ns/op",1024,1,none,32768
"com.evolvedbinary.jnibench.jmhbench.GetJNIBenchmark.getIntoPooledNettyByteBuf:getIntoPooledNettyByteBuf·p0.00","sample",1,1,1362.000000,NaN,"ns/op",1024,1,none,32768
"com.evolvedbinary.jnibench.jmhbench.GetJNIBenchmark.getIntoPooledNettyByteBuf:getIntoPooledNettyByteBuf·p0.50","sample",1,1,1502.000000,NaN,"ns/op",1024,1,none,32768
"com.evolvedbinary.jnibench.jmhbench.GetJNIBenchmark.getIntoPooledNettyByteBuf:getIntoPooledNettyByteBuf·p0.90","sample",1,1,1556.000000,NaN,"ns/op",1024,1,none,32768
"com.evolvedbinary.jnibench.jmhbench.GetJNIBenchmark.getIntoPooledNettyByteBuf:getIntoPooledNettyByteBuf·p0.95","sample",1,1,1604.000000,NaN,"ns/op",1024,1,none,32768
"com.evolvedbinary.jnibench.jmhbench.GetJNIBenchmark.getIntoPooledNettyByteBuf:getIntoPooledNettyByteBuf·p0.99","sample",1,1,4240.000000,NaN,"ns/op",1024,1,none,32768
"com.evolvedbinary.jnibench.jmhbench.GetJNIBenchmark.getIntoPooledNettyByteBuf:getIntoPooledNettyByteBuf·p0.999","sample",1,1,12224.000000,NaN,"ns/op",1024,1,none,32768
"com.evolvedbinary.jnibench.jmhbench.GetJNIBenchmark.getIntoPooledNettyByteBuf:getIntoPooledNettyByteBuf·p0.9999","sample",1,1,16237.910400,NaN,"ns/op",1024,1,none,32768
"com.evolvedbinary.jnibench.jmhbench.GetJNIBenchmark.getIntoPooledNettyByteBuf:getIntoPooledNettyByteBuf·p1.00","sample",1,1,5160960.000000,NaN,"ns/op",1024,1,none,32768
"com.evolvedbinary.jnibench.jmhbench.GetJNIBenchmark.getIntoPooledNettyByteBuf","sample",1,3019646,2709.866955,2.379060,"ns/op",1024,1,none,65536
"com.evolvedbinary.jnibench.jmhbench.GetJNIBenchmark.getIntoPooledNettyByteBuf:getIntoPooledNettyByteBuf·p0.00","sample",1,1,2444.000000,NaN,"ns/op",1024,1,none,65536
"com.evolvedbinary.jnibench.jmhbench.GetJNIBenchmark.getIntoPooledNettyByteBuf:getIntoPooledNettyByteBuf·p0.50","sample",1,1,2584.000000,NaN,"ns/op",1024,1,none,65536
"com.evolvedbinary.jnibench.jmhbench.GetJNIBenchmark.getIntoPooledNettyByteBuf:getIntoPooledNettyByteBuf·p0.90","sample",1,1,2696.000000,NaN,"ns/op",1024,1,none,65536
"com.evolvedbinary.jnibench.jmhbench.GetJNIBenchmark.getIntoPooledNettyByteBuf:getIntoPooledNettyByteBuf·p0.95","sample",1,1,2764.000000,NaN,"ns/op",1024,1,none,65536
"com.evolvedbinary.jnibench.jmhbench.GetJNIBenchmark.getIntoPooledNettyByteBuf:getIntoPooledNettyByteBuf·p0.99","sample",1,1,5944.000000,NaN,"ns/op",1024,1,none,65536
"com.evolvedbinary.jnibench.jmhbench.GetJNIBenchmark.getIntoPooledNettyByteBuf:getIntoPooledNettyByteBuf·p0.999","sample",1,1,13600.000000,NaN,"ns/op",1024,1,none,65536
"com.evolvedbinary.jnibench.jmhbench.GetJNIBenchmark.getIntoPooledNettyByteBuf:getIntoPooledNettyByteBuf·p0.9999","sample",1,1,20097.129600,NaN,"ns/op",1024,1,none,65536
"com.evolvedbinary.jnibench.jmhbench.GetJNIBenchmark.getIntoPooledNettyByteBuf:getIntoPooledNettyByteBuf·p1.00","sample",1,1,1122304.000000,NaN,"ns/op",1024,1,none,65536
"com.evolvedbinary.jnibench.jmhbench.GetJNIBenchmark.getIntoPooledNettyByteBuf","sample",1,3654486,326.628523,1.585997,"ns/op",1024,1,copyout,10
"com.evolvedbinary.jnibench.jmhbench.GetJNIBenchmark.getIntoPooledNettyByteBuf:getIntoPooledNettyByteBuf·p0.00","sample",1,1,248.000000,NaN,"ns/op",1024,1,copyout,10
"com.evolvedbinary.jnibench.jmhbench.GetJNIBenchmark.getIntoPooledNettyByteBuf:getIntoPooledNettyByteBuf·p0.50","sample",1,1,273.000000,NaN,"ns/op",1024,1,copyout,10
"com.evolvedbinary.jnibench.jmhbench.GetJNIBenchmark.getIntoPooledNettyByteBuf:getIntoPooledNettyByteBuf·p0.90","sample",1,1,292.000000,NaN,"ns/op",1024,1,copyout,10
"com.evolvedbinary.jnibench.jmhbench.GetJNIBenchmark.getIntoPooledNettyByteBuf:getIntoPooledNettyByteBuf·p0.95","sample",1,1,301.000000,NaN,"ns/op",1024,1,copyout,10
"com.evolvedbinary.jnibench.jmhbench.GetJNIBenchmark.getIntoPooledNettyByteBuf:getIntoPooledNettyByteBuf·p0.99","sample",1,1,1944.000000,NaN,"ns/op",1024,1,copyout,10
"com.evolvedbinary.jnibench.jmhbench.GetJNIBenchmark.getIntoPooledNettyByteBuf:getIntoPooledNettyByteBuf·p0.999","sample",1,1,6752.000000,NaN,"ns/op",1024,1,copyout,10
"com.evolvedbinary.jnibench.jmhbench.GetJNIBenchmark.getIntoPooledNettyByteBuf:getIntoPooledNettyByteBuf·p0.9999","sample",1,1,11969.641600,NaN,"ns/op",1024,1,copyout,10
"com.evolvedbinary.jnibench.jmhbench.GetJNIBenchmark.getIntoPooledNettyByteBuf:getIntoPooledNettyByteBuf·p1.00","sample",1,1,980992.000000,NaN,"ns/op",1024,1,copyout,10
"com.evolvedbinary.jnibench.jmhbench.GetJNIBenchmark.getIntoPooledNettyByteBuf","sample",1,3485626,343.375290,1.368927,"ns/op",1024,1,copyout,50
"com.evolvedbinary.jnibench.jmhbench.GetJNIBenchmark.getIntoPooledNettyByteBuf:getIntoPooledNettyByteBuf·p0.00","sample",1,1,265.000000,NaN,"ns/op",1024,1,copyout,50
"com.evolvedbinary.jnibench.jmhbench.GetJNIBenchmark.getIntoPooledNettyByteBuf:getIntoPooledNettyByteBuf·p0.50","sample",1,1,286.000000,NaN,"ns/op",1024,1,copyout,50
"com.evolvedbinary.jnibench.jmhbench.GetJNIBenchmark.getIntoPooledNettyByteBuf:getIntoPooledNettyByteBuf·p0.90","sample",1,1,305.000000,NaN,"ns/op",1024,1,copyout,50
"com.evolvedbinary.jnibench.jmhbench.GetJNIBenchmark.getIntoPooledNettyByteBuf:getIntoPooledNettyByteBuf·p0.95","sample",1,1,315.000000,NaN,"ns/op",1024,1,copyout,50
"com.evolvedbinary.jnibench.jmhbench.GetJNIBenchmark.getIntoPooledNettyByteBuf:getIntoPooledNettyByteBuf·p0.99","sample",1,1,2000.000000,NaN,"ns/op",1024,1,copyout,50
"com.evolvedbinary.jnibench.jmhbench.GetJNIBenchmark.getIntoPooledNettyByteBuf:getIntoPooledNettyByteBuf·p0.999","sample",1,1,7858.984000,NaN,"ns/op",1024,1,copyout,50
"com.evolvedbinary.jnibench.jmhbench.GetJNIBenchmark.getIntoPooledNettyByteBuf:getIntoPooledNettyByteBuf·p0.9999","sample",1,1,12208.000000,NaN,"ns/op",1024,1,copyout,50
"com.evolvedbinary.jnibench.jmhbench.GetJNIBenchmark.getIntoPooledNettyByteBuf:getIntoPooledNettyByteBuf·p1.00","sample",1,1,994304.000000,NaN,"ns/op",1024,1,copyout,50
"com.evolvedbinary.jnibench.jmhbench.GetJNIBenchmark.getIntoPooledNettyByteBuf","sample",1,4414158,499.168926,3.369005,"ns/op",1024,1,copyout,512
"com.evolvedbinary.jnibench.jmhbench.GetJNIBenchmark.getIntoPooledNettyByteBuf:getIntoPooledNettyByteBuf·p0.00","sample",1,1,418.000000,NaN,"ns/op",1024,1,copyout,512
"com.evolvedbinary.jnibench.jmhbench.GetJNIBenchmark.getIntoPooledNettyByteBuf:getIntoPooledNettyByteBuf·p0.50","sample",1,1,442.000000,NaN,"ns/op",1024,1,copyout,512
"com.evolvedbinary.jnibench.jmhbench.GetJNIBenchmark.getIntoPooledNettyByteBuf:getIntoPooledNettyByteBuf·p0.90","sample",1,1,464.000000,NaN,"ns/op",1024,1,copyout,512
"com.evolvedbinary.jnibench.jmhbench.GetJNIBenchmark.getIntoPooledNettyByteBuf:getIntoPooledNettyByteBuf·p0.95","sample",1,1,474.000000,NaN,"ns/op",1024,1,copyout,512
"com.evolvedbinary.jnibench.jmhbench.GetJNIBenchmark.getIntoPooledNettyByteBuf:getIntoPooledNettyByteBuf·p0.99","sample",1,1,2228.000000,NaN,"ns/op",1024,1,copyout,512
"com.evolvedbinary.jnibench.jmhbench.GetJNIBenchmark.getIntoPooledNettyByteBuf:getIntoPooledNettyByteBuf·p0.999","sample",1,1,7760.000000,NaN,"ns/op",1024,1,copyout,512
"com.evolvedbinary.jnibench.jmhbench.GetJNIBenchmark.getIntoPooledNettyByteBuf:getIntoPooledNettyByteBuf·p0.9999","sample",1,1,11929.345600,NaN,"ns/op",1024,1,copyout,512
"com.evolvedbinary.jnibench.jmhbench.GetJNIBenchmark.getIntoPooledNettyByteBuf:getIntoPooledNettyByteBuf·p1.00","sample",1,1,4202496.000000,NaN,"ns/op",1024,1,copyout,512
"com.evolvedbinary.jnibench.jmhbench.GetJNIBenchmark.getIntoPooledNettyByteBuf","sample",1,3151815,708.864228,12.202061,"ns/op",1024,1,copyout,1024
"com.evolvedbinary.jnibench.jmhbench.GetJNIBenchmark.getIntoPooledNettyByteBuf:getIntoPooledNettyByteBuf·p0.00","sample",1,1,591.000000,NaN,"ns/op",1024,1,copyout,1024
"com.evolvedbinary.jnibench.jmhbench.GetJNIBenchmark.getIntoPooledNettyByteBuf:getIntoPooledNettyByteBuf·p0.50","sample",1,1,619.000000,NaN,"ns/op",1024,1,copyout,1024
"com.evolvedbinary.jnibench.jmhbench.GetJNIBenchmark.getIntoPooledNettyByteBuf:getIntoPooledNettyByteBuf·p0.90","sample",1,1,646.000000,NaN,"ns/op",1024,1,copyout,1024
"com.evolvedbinary.jnibench.jmhbench.GetJNIBenchmark.getIntoPooledNettyByteBuf:getIntoPooledNettyByteBuf·p0.95","sample",1,1,661.000000,NaN,"ns/op",1024,1,copyout,1024
"com.evolvedbinary.jnibench.jmhbench.GetJNIBenchmark.getIntoPooledNettyByteBuf:getIntoPooledNettyByteBuf·p0.99","sample",1,1,2820.000000,NaN,"ns/op",1024,1,copyout,1024
"com.evolvedbinary.jnibench.jmhbench.GetJNIBenchmark.getIntoPooledNettyByteBuf:getIntoPooledNettyByteBuf·p0.999","sample",1,1,10896.000000,NaN,"ns/op",1024,1,copyout,1024
"com.evolvedbinary.jnibench.jmhbench.GetJNIBenchmark.getIntoPooledNettyByteBuf:getIntoPooledNettyByteBuf·p0.9999","sample",1,1,13933.094400,NaN,"ns/op",1024,1,copyout,1024
"com.evolvedbinary.jnibench.jmhbench.GetJNIBenchmark.getIntoPooledNettyByteBuf:getIntoPooledNettyByteBuf·p1.00","sample",1,1,4882432.000000,NaN,"ns/op",1024,1,copyout,1024
"com.evolvedbinary.jnibench.jmhbench.GetJNIBenchmark.getIntoPooledNettyByteBuf","sample",1,4569334,1779.577518,7.535196,"ns/op",1024,1,copyout,4096
"com.evolvedbinary.jnibench.jmhbench.GetJNIBenchmark.getIntoPooledNettyByteBuf:getIntoPooledNettyByteBuf·p0.00","sample",1,1,1600.000000,NaN,"ns/op",1024,1,copyout,4096
"com.evolvedbinary.jnibench.jmhbench.GetJNIBenchmark.getIntoPooledNettyByteBuf:getIntoPooledNettyByteBuf·p0.50","sample",1,1,1682.000000,NaN,"ns/op",1024,1,copyout,4096
"com.evolvedbinary.jnibench.jmhbench.GetJNIBenchmark.getIntoPooledNettyByteBuf:getIntoPooledNettyByteBuf·p0.90","sample",1,1,1740.000000,NaN,"ns/op",1024,1,copyout,4096
"com.evolvedbinary.jnibench.jmhbench.GetJNIBenchmark.getIntoPooledNettyByteBuf:getIntoPooledNettyByteBuf·p0.95","sample",1,1,1784.000000,NaN,"ns/op",1024,1,copyout,4096
"com.evolvedbinary.jnibench.jmhbench.GetJNIBenchmark.getIntoPooledNettyByteBuf:getIntoPooledNettyByteBuf·p0.99","sample",1,1,4608.000000,NaN,"ns/op",1024,1,copyout,4096
"com.evolvedbinary.jnibench.jmhbench.GetJNIBenchmark.getIntoPooledNettyByteBuf:getIntoPooledNettyByteBuf·p0.999","sample",1,1,12192.000000,NaN,"ns/op",1024,1,copyout,4096
"com.evolvedbinary.jnibench.jmhbench.GetJNIBenchmark.getIntoPooledNettyByteBuf:getIntoPooledNettyByteBuf·p0.9999","sample",1,1,16096.000000,NaN,"ns/op",1024,1,copyout,4096
"com.evolvedbinary.jnibench.jmhbench.GetJNIBenchmark.getIntoPooledNettyByteBuf:getIntoPooledNettyByteBuf·p1.00","sample",1,1,5152768.000000,NaN,"ns/op",1024,1,copyout,4096
"com.evolvedbinary.jnibench.jmhbench.GetJNIBenchmark.getIntoPooledNettyByteBuf","sample",1,2393567,6680.961701,10.844311,"ns/op",1024,1,copyout,16384
"com.evolvedbinary.jnibench.jmhbench.GetJNIBenchmark.getIntoPooledNettyByteBuf:getIntoPooledNettyByteBuf·p0.00","sample",1,1,6248.000000,NaN,"ns/op",1024,1,copyout,16384
"com.evolvedbinary.jnibench.jmhbench.GetJNIBenchmark.getIntoPooledNettyByteBuf:getIntoPooledNettyByteBuf·p0.50","sample",1,1,6472.000000,NaN,"ns/op",1024,1,copyout,16384
"com.evolvedbinary.jnibench.jmhbench.GetJNIBenchmark.getIntoPooledNettyByteBuf:getIntoPooledNettyByteBuf·p0.90","sample",1,1,6728.000000,NaN,"ns/op",1024,1,copyout,16384
"com.evolvedbinary.jnibench.jmhbench.GetJNIBenchmark.getIntoPooledNettyByteBuf:getIntoPooledNettyByteBuf·p0.95","sample",1,1,6856.000000,NaN,"ns/op",1024,1,copyout,16384
"com.evolvedbinary.jnibench.jmhbench.GetJNIBenchmark.getIntoPooledNettyByteBuf:getIntoPooledNettyByteBuf·p0.99","sample",1,1,13344.000000,NaN,"ns/op",1024,1,copyout,16384
"com.evolvedbinary.jnibench.jmhbench.GetJNIBenchmark.getIntoPooledNettyByteBuf:getIntoPooledNettyByteBuf·p0.999","sample",1,1,20032.000000,NaN,"ns/op",1024,1,copyout,16384
"com.evolvedbinary.jnibench.jmhbench.GetJNIBenchmark.getIntoPooledNettyByteBuf:getIntoPooledNettyByteBuf·p0.9999","sample",1,1,38208.000000,NaN,"ns/op",1024,1,copyout,16384
"com.evolvedbinary.jnibench.jmhbench.GetJNIBenchmark.getIntoPooledNettyByteBuf:getIntoPooledNettyByteBuf·p1.00","sample",1,1,5341184.000000,NaN,"ns/op",1024,1,copyout,16384
"com.evolvedbinary.jnibench.jmhbench.GetJNIBenchmark.getIntoPooledNettyByteBuf","sample",1,2489845,12680.885006,10.148307,"ns/op",1024,1,copyout,32768
"com.evolvedbinary.jnibench.jmhbench.GetJNIBenchmark.getIntoPooledNettyByteBuf:getIntoPooledNettyByteBuf·p0.00","sample",1,1,12256.000000,NaN,"ns/op",1024,1,copyout,32768
"com.evolvedbinary.jnibench.jmhbench.GetJNIBenchmark.getIntoPooledNettyByteBuf:getIntoPooledNettyByteBuf·p0.50","sample",1,1,12352.000000,NaN,"ns/op",1024,1,copyout,32768
"com.evolvedbinary.jnibench.jmhbench.GetJNIBenchmark.getIntoPooledNettyByteBuf:getIntoPooledNettyByteBuf·p0.90","sample",1,1,12960.000000,NaN,"ns/op",1024,1,copyout,32768
"com.evolvedbinary.jnibench.jmhbench.GetJNIBenchmark.getIntoPooledNettyByteBuf:getIntoPooledNettyByteBuf·p0.95","sample",1,1,13088.000000,NaN,"ns/op",1024,1,copyout,32768
"com.evolvedbinary.jnibench.jmhbench.GetJNIBenchmark.getIntoPooledNettyByteBuf:getIntoPooledNettyByteBuf·p0.99","sample",1,1,23776.000000,NaN,"ns/op",1024,1,copyout,32768
"com.evolvedbinary.jnibench.jmhbench.GetJNIBenchmark.getIntoPooledNettyByteBuf:getIntoPooledNettyByteBuf·p0.999","sample",1,1,29856.000000,NaN,"ns/op",1024,1,copyout,32768
"com.evolvedbinary.jnibench.jmhbench.GetJNIBenchmark.getIntoPooledNettyByteBuf:getIntoPooledNettyByteBuf·p0.9999","sample",1,1,48832.985600,NaN,"ns/op",1024,1,copyout,32768
"com.evolvedbinary.jnibench.jmhbench.GetJNIBenchmark.getIntoPooledNettyByteBuf:getIntoPooledNettyByteBuf·p1.00","sample",1,1,4931584.000000,NaN,"ns/op",1024,1,copyout,32768
"com.evolvedbinary.jnibench.jmhbench.GetJNIBenchmark.getIntoPooledNettyByteBuf","sample",1,2509144,24984.869970,7.469604,"ns/op",1024,1,copyout,65536
"com.evolvedbinary.jnibench.jmhbench.GetJNIBenchmark.getIntoPooledNettyByteBuf:getIntoPooledNettyByteBuf·p0.00","sample",1,1,24224.000000,NaN,"ns/op",1024,1,copyout,65536
"com.evolvedbinary.jnibench.jmhbench.GetJNIBenchmark.getIntoPooledNettyByteBuf:getIntoPooledNettyByteBuf·p0.50","sample",1,1,24384.000000,NaN,"ns/op",1024,1,copyout,65536
"com.evolvedbinary.jnibench.jmhbench.GetJNIBenchmark.getIntoPooledNettyByteBuf:getIntoPooledNettyByteBuf·p0.90","sample",1,1,25664.000000,NaN,"ns/op",1024,1,copyout,65536
"com.evolvedbinary.jnibench.jmhbench.GetJNIBenchmark.getIntoPooledNettyByteBuf:getIntoPooledNettyByteBuf·p0.95","sample",1,1,27072.000000,NaN,"ns/op",1024,1,copyout,65536
"com.evolvedbinary.jnibench.jmhbench.GetJNIBenchmark.getIntoPooledNettyByteBuf:getIntoPooledNettyByteBuf·p0.99","sample",1,1,43584.000000,NaN,"ns/op",1024,1,copyout,65536
"com.evolvedbinary.jnibench.jmhbench.GetJNIBenchmark.getIntoPooledNettyByteBuf:getIntoPooledNettyByteBuf·p0.999","sample",1,1,53120.000000,NaN,"ns/op",1024,1,copyout,65536
"com.evolvedbinary.jnibench.jmhbench.GetJNIBenchmark.getIntoPooledNettyByteBuf:getIntoPooledNettyByteBuf·p0.9999","sample",1,1,75264.000000,NaN,"ns/op",1024,1,copyout,65536
"com.evolvedbinary.jnibench.jmhbench.GetJNIBenchmark.getIntoPooledNettyByteBuf:getIntoPooledNettyByteBuf·p1.00","sample",1,1,1075200.000000,NaN,"ns/op",1024,1,copyout,65536
"com.evolvedbinary.jnibench.jmhbench.GetJNIBenchmark.getIntoUnsafe","sample",1,4125590,153.893613,0.618900,"ns/op",1024,1,none,10
"com.evolvedbinary.jnibench.jmhbench.GetJNIBenchmark.getIntoUnsafe:getIntoUnsafe·p0.00","sample",1,1,121.000000,NaN,"ns/op",1024,1,none,10
"com.evolvedbinary.jnibench.jmhbench.GetJNIBenchmark.getIntoUnsafe:getIntoUnsafe·p0.50","sample",1,1,140.000000,NaN,"ns/op",1024,1,none,10
"com.evolvedbinary.jnibench.jmhbench.GetJNIBenchmark.getIntoUnsafe:getIntoUnsafe·p0.90","sample",1,1,149.000000,NaN,"ns/op",1024,1,none,10
"com.evolvedbinary.jnibench.jmhbench.GetJNIBenchmark.getIntoUnsafe:getIntoUnsafe·p0.95","sample",1,1,156.000000,NaN,"ns/op",1024,1,none,10
"com.evolvedbinary.jnibench.jmhbench.GetJNIBenchmark.getIntoUnsafe:getIntoUnsafe·p0.99","sample",1,1,171.000000,NaN,"ns/op",1024,1,none,10
"com.evolvedbinary.jnibench.jmhbench.GetJNIBenchmark.getIntoUnsafe:getIntoUnsafe·p0.999","sample",1,1,2996.000000,NaN,"ns/op",1024,1,none,10
"com.evolvedbinary.jnibench.jmhbench.GetJNIBenchmark.getIntoUnsafe:getIntoUnsafe·p0.9999","sample",1,1,11152.000000,NaN,"ns/op",1024,1,none,10
"com.evolvedbinary.jnibench.jmhbench.GetJNIBenchmark.getIntoUnsafe:getIntoUnsafe·p1.00","sample",1,1,196608.000000,NaN,"ns/op",1024,1,none,10
"com.evolvedbinary.jnibench.jmhbench.GetJNIBenchmark.getIntoUnsafe","sample",1,4241938,151.449925,0.986903,"ns/op",1024,1,none,50
"com.evolvedbinary.jnibench.jmhbench.GetJNIBenchmark.getIntoUnsafe:getIntoUnsafe·p0.00","sample",1,1,120.000000,NaN,"ns/op",1024,1,none,50
"com.evolvedbinary.jnibench.jmhbench.GetJNIBenchmark.getIntoUnsafe:getIntoUnsafe·p0.50","sample",1,1,138.000000,NaN,"ns/op",1024,1,none,50
"com.evolvedbinary.jnibench.jmhbench.GetJNIBenchmark.getIntoUnsafe:getIntoUnsafe·p0.90","sample",1,1,152.000000,NaN,"ns/op",1024,1,none,50
"com.evolvedbinary.jnibench.jmhbench.GetJNIBenchmark.getIntoUnsafe:getIntoUnsafe·p0.95","sample",1,1,156.000000,NaN,"ns/op",1024,1,none,50
"com.evolvedbinary.jnibench.jmhbench.GetJNIBenchmark.getIntoUnsafe:getIntoUnsafe·p0.99","sample",1,1,168.000000,NaN,"ns/op",1024,1,none,50
"com.evolvedbinary.jnibench.jmhbench.GetJNIBenchmark.getIntoUnsafe:getIntoUnsafe·p0.999","sample",1,1,2612.000000,NaN,"ns/op",1024,1,none,50
"com.evolvedbinary.jnibench.jmhbench.GetJNIBenchmark.getIntoUnsafe:getIntoUnsafe·p0.9999","sample",1,1,11072.000000,NaN,"ns/op",1024,1,none,50
"com.evolvedbinary.jnibench.jmhbench.GetJNIBenchmark.getIntoUnsafe:getIntoUnsafe·p1.00","sample",1,1,1043456.000000,NaN,"ns/op",1024,1,none,50
"com.evolvedbinary.jnibench.jmhbench.GetJNIBenchmark.getIntoUnsafe","sample",1,4094702,152.795241,0.569051,"ns/op",1024,1,none,512
"com.evolvedbinary.jnibench.jmhbench.GetJNIBenchmark.getIntoUnsafe:getIntoUnsafe·p0.00","sample",1,1,122.000000,NaN,"ns/op",1024,1,none,512
"com.evolvedbinary.jnibench.jmhbench.GetJNIBenchmark.getIntoUnsafe:getIntoUnsafe·p0.50","sample",1,1,139.000000,NaN,"ns/op",1024,1,none,512
"com.evolvedbinary.jnibench.jmhbench.GetJNIBenchmark.getIntoUnsafe:getIntoUnsafe·p0.90","sample",1,1,155.000000,NaN,"ns/op",1024,1,none,512
"com.evolvedbinary.jnibench.jmhbench.GetJNIBenchmark.getIntoUnsafe:getIntoUnsafe·p0.95","sample",1,1,158.000000,NaN,"ns/op",1024,1,none,512
"com.evolvedbinary.jnibench.jmhbench.GetJNIBenchmark.getIntoUnsafe:getIntoUnsafe·p0.99","sample",1,1,175.000000,NaN,"ns/op",1024,1,none,512
"com.evolvedbinary.jnibench.jmhbench.GetJNIBenchmark.getIntoUnsafe:getIntoUnsafe·p0.999","sample",1,1,2704.000000,NaN,"ns/op",1024,1,none,512
"com.evolvedbinary.jnibench.jmhbench.GetJNIBenchmark.getIntoUnsafe:getIntoUnsafe·p0.9999","sample",1,1,11072.000000,NaN,"ns/op",1024,1,none,512
"com.evolvedbinary.jnibench.jmhbench.GetJNIBenchmark.getIntoUnsafe:getIntoUnsafe·p1.00","sample",1,1,117248.000000,NaN,"ns/op",1024,1,none,512
"com.evolvedbinary.jnibench.jmhbench.GetJNIBenchmark.getIntoUnsafe","sample",1,4145515,153.949219,3.021376,"ns/op",1024,1,none,1024
"com.evolvedbinary.jnibench.jmhbench.GetJNIBenchmark.getIntoUnsafe:getIntoUnsafe·p0.00","sample",1,1,125.000000,NaN,"ns/op",1024,1,none,1024
"com.evolvedbinary.jnibench.jmhbench.GetJNIBenchmark.getIntoUnsafe:getIntoUnsafe·p0.50","sample",1,1,138.000000,NaN,"ns/op",1024,1,none,1024
"com.evolvedbinary.jnibench.jmhbench.GetJNIBenchmark.getIntoUnsafe:getIntoUnsafe·p0.90","sample",1,1,150.000000,NaN,"ns/op",1024,1,none,1024
"com.evolvedbinary.jnibench.jmhbench.GetJNIBenchmark.getIntoUnsafe:getIntoUnsafe·p0.95","sample",1,1,158.000000,NaN,"ns/op",1024,1,none,1024
"com.evolvedbinary.jnibench.jmhbench.GetJNIBenchmark.getIntoUnsafe:getIntoUnsafe·p0.99","sample",1,1,209.000000,NaN,"ns/op",1024,1,none,1024
"com.evolvedbinary.jnibench.jmhbench.GetJNIBenchmark.getIntoUnsafe:getIntoUnsafe·p0.999","sample",1,1,2812.000000,NaN,"ns/op",1024,1,none,1024
"com.evolvedbinary.jnibench.jmhbench.GetJNIBenchmark.getIntoUnsafe:getIntoUnsafe·p0.9999","sample",1,1,11120.000000,NaN,"ns/op",1024,1,none,1024
"com.evolvedbinary.jnibench.jmhbench.GetJNIBenchmark.getIntoUnsafe:getIntoUnsafe·p1.00","sample",1,1,3723264.000000,NaN,"ns/op",1024,1,none,1024
"com.evolvedbinary.jnibench.jmhbench.GetJNIBenchmark.getIntoUnsafe","sample",1,3210167,193.506359,0.823504,"ns/op",1024,1,none,4096
"com.evolvedbinary.jnibench.jmhbench.GetJNIBenchmark.getIntoUnsafe:getIntoUnsafe·p0.00","sample",1,1,155.000000,NaN,"ns/op",1024,1,none,4096
"com.evolvedbinary.jnibench.jmhbench.GetJNIBenchmark.getIntoUnsafe:getIntoUnsafe·p0.50","sample",1,1,173.000000,NaN,"ns/op",1024,1,none,4096
"com.evolvedbinary.jnibench.jmhbench.GetJNIBenchmark.getIntoUnsafe:getIntoUnsafe·p0.90","sample",1,1,190.000000,NaN,"ns/op",1024,1,none,4096
"com.evolvedbinary.jnibench.jmhbench.GetJNIBenchmark.getIntoUnsafe:getIntoUnsafe·p0.95","sample",1,1,194.000000,NaN,"ns/op",1024,1,none,4096
"com.evolvedbinary.jnibench.jmhbench.GetJNIBenchmark.getIntoUnsafe:getIntoUnsafe·p0.99","sample",1,1,251.000000,NaN,"ns/op",1024,1,none,4096
"com.evolvedbinary.jnibench.jmhbench.GetJNIBenchmark.getIntoUnsafe:getIntoUnsafe·p0.999","sample",1,1,3868.000000,NaN,"ns/op",1024,1,none,4096
"com.evolvedbinary.jnibench.jmhbench.GetJNIBenchmark.getIntoUnsafe:getIntoUnsafe·p0.9999","sample",1,1,11216.000000,NaN,"ns/op",1024,1,none,4096
"com.evolvedbinary.jnibench.jmhbench.GetJNIBenchmark.getIntoUnsafe:getIntoUnsafe·p1.00","sample",1,1,170496.000000,NaN,"ns/op",1024,1,none,4096
"com.evolvedbinary.jnibench.jmhbench.GetJNIBenchmark.getIntoUnsafe","sample",1,3436261,613.226384,5.708297,"ns/op",1024,1,none,16384
"com.evolvedbinary.jnibench.jmhbench.GetJNIBenchmark.getIntoUnsafe:getIntoUnsafe·p0.00","sample",1,1,435.000000,NaN,"ns/op",1024,1,none,16384
"com.evolvedbinary.jnibench.jmhbench.GetJNIBenchmark.getIntoUnsafe:getIntoUnsafe·p0.50","sample",1,1,580.000000,NaN,"ns/op",1024,1,none,16384
"com.evolvedbinary.jnibench.jmhbench.GetJNIBenchmark.getIntoUnsafe:getIntoUnsafe·p0.90","sample",1,1,606.000000,NaN,"ns/op",1024,1,none,16384
"com.evolvedbinary.jnibench.jmhbench.GetJNIBenchmark.getIntoUnsafe:getIntoUnsafe·p0.95","sample",1,1,618.000000,NaN,"ns/op",1024,1,none,16384
"com.evolvedbinary.jnibench.jmhbench.GetJNIBenchmark.getIntoUnsafe:getIntoUnsafe·p0.99","sample",1,1,966.000000,NaN,"ns/op",1024,1,none,16384
"com.evolvedbinary.jnibench.jmhbench.GetJNIBenchmark.getIntoUnsafe:getIntoUnsafe·p0.999","sample",1,1,10672.000000,NaN,"ns/op",1024,1,none,16384
"com.evolvedbinary.jnibench.jmhbench.GetJNIBenchmark.getIntoUnsafe:getIntoUnsafe·p0.9999","sample",1,1,11904.000000,NaN,"ns/op",1024,1,none,16384
"com.evolvedbinary.jnibench.jmhbench.GetJNIBenchmark.getIntoUnsafe:getIntoUnsafe·p1.00","sample",1,1,5021696.000000,NaN,"ns/op",1024,1,none,16384
"com.evolvedbinary.jnibench.jmhbench.GetJNIBenchmark.getIntoUnsafe","sample",1,3080490,1320.479209,3.770976,"ns/op",1024,1,none,32768
"com.evolvedbinary.jnibench.jmhbench.GetJNIBenchmark.getIntoUnsafe:getIntoUnsafe·p0.00","sample",1,1,1146.000000,NaN,"ns/op",1024,1,none,32768
"com.evolvedbinary.jnibench.jmhbench.GetJNIBenchmark.getIntoUnsafe:getIntoUnsafe·p0.50","sample",1,1,1268.000000,NaN,"ns/op",1024,1,none,32768
"com.evolvedbinary.jnibench.jmhbench.GetJNIBenchmark.getIntoUnsafe:getIntoUnsafe·p0.90","sample",1,1,1302.000000,NaN,"ns/op",1024,1,none,32768
"com.evolvedbinary.jnibench.jmhbench.GetJNIBenchmark.getIntoUnsafe:getIntoUnsafe·p0.95","sample",1,1,1340.000000,NaN,"ns/op",1024,1,none,32768
"com.evolvedbinary.jnibench.jmhbench.GetJNIBenchmark.getIntoUnsafe:getIntoUnsafe·p0.99","sample",1,1,2708.000000,NaN,"ns/op",1024,1,none,32768
"com.evolvedbinary.jnibench.jmhbench.GetJNIBenchmark.getIntoUnsafe:getIntoUnsafe·p0.999","sample",1,1,11696.000000,NaN,"ns/op",1024,1,none,32768
"com.evolvedbinary.jnibench.jmhbench.GetJNIBenchmark.getIntoUnsafe:getIntoUnsafe·p0.9999","sample",1,1,12688.000000,NaN,"ns/op",1024,1,none,32768
"com.evolvedbinary.jnibench.jmhbench.GetJNIBenchmark.getIntoUnsafe:getIntoUnsafe·p1.00","sample",1,1,3141632.000000,NaN,"ns/op",1024,1,none,32768
"com.evolvedbinary.jnibench.jmhbench.GetJNIBenchmark.getIntoUnsafe","sample",1,3281783,2441.925579,5.265942,"ns/op",1024,1,none,65536
"com.evolvedbinary.jnibench.jmhbench.GetJNIBenchmark.getIntoUnsafe:getIntoUnsafe·p0.00","sample",1,1,2252.000000,NaN,"ns/op",1024,1,none,65536
"com.evolvedbinary.jnibench.jmhbench.GetJNIBenchmark.getIntoUnsafe:getIntoUnsafe·p0.50","sample",1,1,2380.000000,NaN,"ns/op",1024,1,none,65536
"com.evolvedbinary.jnibench.jmhbench.GetJNIBenchmark.getIntoUnsafe:getIntoUnsafe·p0.90","sample",1,1,2436.000000,NaN,"ns/op",1024,1,none,65536
"com.evolvedbinary.jnibench.jmhbench.GetJNIBenchmark.getIntoUnsafe:getIntoUnsafe·p0.95","sample",1,1,2516.000000,NaN,"ns/op",1024,1,none,65536
"com.evolvedbinary.jnibench.jmhbench.GetJNIBenchmark.getIntoUnsafe:getIntoUnsafe·p0.99","sample",1,1,3984.000000,NaN,"ns/op",1024,1,none,65536
"com.evolvedbinary.jnibench.jmhbench.GetJNIBenchmark.getIntoUnsafe:getIntoUnsafe·p0.999","sample",1,1,12992.000000,NaN,"ns/op",1024,1,none,65536
"com.evolvedbinary.jnibench.jmhbench.GetJNIBenchmark.getIntoUnsafe:getIntoUnsafe·p0.9999","sample",1,1,15997.145600,NaN,"ns/op",1024,1,none,65536
"com.evolvedbinary.jnibench.jmhbench.GetJNIBenchmark.getIntoUnsafe:getIntoUnsafe·p1.00","sample",1,1,4890624.000000,NaN,"ns/op",1024,1,none,65536
"com.evolvedbinary.jnibench.jmhbench.GetJNIBenchmark.getIntoUnsafe","sample",1,3532509,174.786731,0.791353,"ns/op",1024,1,copyout,10
"com.evolvedbinary.jnibench.jmhbench.GetJNIBenchmark.getIntoUnsafe:getIntoUnsafe·p0.00","sample",1,1,135.000000,NaN,"ns/op",1024,1,copyout,10
"com.evolvedbinary.jnibench.jmhbench.GetJNIBenchmark.getIntoUnsafe:getIntoUnsafe·p0.50","sample",1,1,158.000000,NaN,"ns/op",1024,1,copyout,10
"com.evolvedbinary.jnibench.jmhbench.GetJNIBenchmark.getIntoUnsafe:getIntoUnsafe·p0.90","sample",1,1,170.000000,NaN,"ns/op",1024,1,copyout,10
"com.evolvedbinary.jnibench.jmhbench.GetJNIBenchmark.getIntoUnsafe:getIntoUnsafe·p0.95","sample",1,1,177.000000,NaN,"ns/op",1024,1,copyout,10
"com.evolvedbinary.jnibench.jmhbench.GetJNIBenchmark.getIntoUnsafe:getIntoUnsafe·p0.99","sample",1,1,222.000000,NaN,"ns/op",1024,1,copyout,10
"com.evolvedbinary.jnibench.jmhbench.GetJNIBenchmark.getIntoUnsafe:getIntoUnsafe·p0.999","sample",1,1,3656.000000,NaN,"ns/op",1024,1,copyout,10
"com.evolvedbinary.jnibench.jmhbench.GetJNIBenchmark.getIntoUnsafe:getIntoUnsafe·p0.9999","sample",1,1,11184.000000,NaN,"ns/op",1024,1,copyout,10
"com.evolvedbinary.jnibench.jmhbench.GetJNIBenchmark.getIntoUnsafe:getIntoUnsafe·p1.00","sample",1,1,208896.000000,NaN,"ns/op",1024,1,copyout,10
"com.evolvedbinary.jnibench.jmhbench.GetJNIBenchmark.getIntoUnsafe","sample",1,3191187,192.431819,1.279233,"ns/op",1024,1,copyout,50
"com.evolvedbinary.jnibench.jmhbench.GetJNIBenchmark.getIntoUnsafe:getIntoUnsafe·p0.00","sample",1,1,147.000000,NaN,"ns/op",1024,1,copyout,50
"com.evolvedbinary.jnibench.jmhbench.GetJNIBenchmark.getIntoUnsafe:getIntoUnsafe·p0.50","sample",1,1,174.000000,NaN,"ns/op",1024,1,copyout,50
"com.evolvedbinary.jnibench.jmhbench.GetJNIBenchmark.getIntoUnsafe:getIntoUnsafe·p0.90","sample",1,1,187.000000,NaN,"ns/op",1024,1,copyout,50
"com.evolvedbinary.jnibench.jmhbench.GetJNIBenchmark.getIntoUnsafe:getIntoUnsafe·p0.95","sample",1,1,193.000000,NaN,"ns/op",1024,1,copyout,50
"com.evolvedbinary.jnibench.jmhbench.GetJNIBenchmark.getIntoUnsafe:getIntoUnsafe·p0.99","sample",1,1,220.000000,NaN,"ns/op",1024,1,copyout,50
"com.evolvedbinary.jnibench.jmhbench.GetJNIBenchmark.getIntoUnsafe:getIntoUnsafe·p0.999","sample",1,1,3824.000000,NaN,"ns/op",1024,1,copyout,50
"com.evolvedbinary.jnibench.jmhbench.GetJNIBenchmark.getIntoUnsafe:getIntoUnsafe·p0.9999","sample",1,1,11216.000000,NaN,"ns/op",1024,1,copyout,50
"com.evolvedbinary.jnibench.jmhbench.GetJNIBenchmark.getIntoUnsafe:getIntoUnsafe·p1.00","sample",1,1,964608.000000,NaN,"ns/op",1024,1,copyout,50
"com.evolvedbinary.jnibench.jmhbench.GetJNIBenchmark.getIntoUnsafe","sample",1,3043305,370.306243,3.720041,"ns/op",1024,1,copyout,512
"com.evolvedbinary.jnibench.jmhbench.GetJNIBenchmark.getIntoUnsafe:getIntoUnsafe·p0.00","sample",1,1,304.000000,NaN,"ns/op",1024,1,copyout,512
"com.evolvedbinary.jnibench.jmhbench.GetJNIBenchmark.getIntoUnsafe:getIntoUnsafe·p0.50","sample",1,1,337.000000,NaN,"ns/op",1024,1,copyout,512
"com.evolvedbinary.jnibench.jmhbench.GetJNIBenchmark.getIntoUnsafe:getIntoUnsafe·p0.90","sample",1,1,355.000000,NaN,"ns/op",1024,1,copyout,512
"com.evolvedbinary.jnibench.jmhbench.GetJNIBenchmark.getIntoUnsafe:getIntoUnsafe·p0.95","sample",1,1,359.000000,NaN,"ns/op",1024,1,copyout,512
"com.evolvedbinary.jnibench.jmhbench.GetJNIBenchmark.getIntoUnsafe:getIntoUnsafe·p0.99","sample",1,1,718.000000,NaN,"ns/op",1024,1,copyout,512
"com.evolvedbinary.jnibench.jmhbench.GetJNIBenchmark.getIntoUnsafe:getIntoUnsafe·p0.999","sample",1,1,9520.000000,NaN,"ns/op",1024,1,copyout,512
"com.evolvedbinary.jnibench.jmhbench.GetJNIBenchmark.getIntoUnsafe:getIntoUnsafe·p0.9999","sample",1,1,11600.000000,NaN,"ns/op",1024,1,copyout,512
"com.evolvedbinary.jnibench.jmhbench.GetJNIBenchmark.getIntoUnsafe:getIntoUnsafe·p1.00","sample",1,1,3022848.000000,NaN,"ns/op",1024,1,copyout,512
"com.evolvedbinary.jnibench.jmhbench.GetJNIBenchmark.getIntoUnsafe","sample",1,3915090,545.446028,3.661554,"ns/op",1024,1,copyout,1024
"com.evolvedbinary.jnibench.jmhbench.GetJNIBenchmark.getIntoUnsafe:getIntoUnsafe·p0.00","sample",1,1,483.000000,NaN,"ns/op",1024,1,copyout,1024
"com.evolvedbinary.jnibench.jmhbench.GetJNIBenchmark.getIntoUnsafe:getIntoUnsafe·p0.50","sample",1,1,508.000000,NaN,"ns/op",1024,1,copyout,1024
"com.evolvedbinary.jnibench.jmhbench.GetJNIBenchmark.getIntoUnsafe:getIntoUnsafe·p0.90","sample",1,1,530.000000,NaN,"ns/op",1024,1,copyout,1024
"com.evolvedbinary.jnibench.jmhbench.GetJNIBenchmark.getIntoUnsafe:getIntoUnsafe·p0.95","sample",1,1,541.000000,NaN,"ns/op",1024,1,copyout,1024
"com.evolvedbinary.jnibench.jmhbench.GetJNIBenchmark.getIntoUnsafe:getIntoUnsafe·p0.99","sample",1,1,1770.000000,NaN,"ns/op",1024,1,copyout,1024
"com.evolvedbinary.jnibench.jmhbench.GetJNIBenchmark.getIntoUnsafe:getIntoUnsafe·p0.999","sample",1,1,9536.000000,NaN,"ns/op",1024,1,copyout,1024
"com.evolvedbinary.jnibench.jmhbench.GetJNIBenchmark.getIntoUnsafe:getIntoUnsafe·p0.9999","sample",1,1,11808.000000,NaN,"ns/op",1024,1,copyout,1024
"com.evolvedbinary.jnibench.jmhbench.GetJNIBenchmark.getIntoUnsafe:getIntoUnsafe·p1.00","sample",1,1,4210688.000000,NaN,"ns/op",1024,1,copyout,1024
"com.evolvedbinary.jnibench.jmhbench.GetJNIBenchmark.getIntoUnsafe","sample",1,2517993,1650.373590,10.948760,"ns/op",1024,1,copyout,4096
"com.evolvedbinary.jnibench.jmhbench.GetJNIBenchmark.getIntoUnsafe:getIntoUnsafe·p0.00","sample",1,1,1536.000000,NaN,"ns/op",1024,1,copyout,4096
"com.evolvedbinary.jnibench.jmhbench.GetJNIBenchmark.getIntoUnsafe:getIntoUnsafe·p0.50","sample",1,1,1566.000000,NaN,"ns/op",1024,1,copyout,4096
"com.evolvedbinary.jnibench.jmhbench.GetJNIBenchmark.getIntoUnsafe:getIntoUnsafe·p0.90","sample",1,1,1592.000000,NaN,"ns/op",1024,1,copyout,4096
"com.evolvedbinary.jnibench.jmhbench.GetJNIBenchmark.getIntoUnsafe:getIntoUnsafe·p0.95","sample",1,1,1662.000000,NaN,"ns/op",1024,1,copyout,4096
"com.evolvedbinary.jnibench.jmhbench.GetJNIBenchmark.getIntoUnsafe:getIntoUnsafe·p0.99","sample",1,1,3428.000000,NaN,"ns/op",1024,1,copyout,4096
"com.evolvedbinary.jnibench.jmhbench.GetJNIBenchmark.getIntoUnsafe:getIntoUnsafe·p0.999","sample",1,1,12496.000000,NaN,"ns/op",1024,1,copyout,4096
"com.evolvedbinary.jnibench.jmhbench.GetJNIBenchmark.getIntoUnsafe:getIntoUnsafe·p0.9999","sample",1,1,17766.419200,NaN,"ns/op",1024,1,copyout,4096
"com.evolvedbinary.jnibench.jmhbench.GetJNIBenchmark.getIntoUnsafe:getIntoUnsafe·p1.00","sample",1,1,4841472.000000,NaN,"ns/op",1024,1,copyout,4096
"com.evolvedbinary.jnibench.jmhbench.GetJNIBenchmark.getIntoUnsafe","sample",1,2485491,6378.524617,11.932417,"ns/op",1024,1,copyout,16384
"com.evolvedbinary.jnibench.jmhbench.GetJNIBenchmark.getIntoUnsafe:getIntoUnsafe·p0.00","sample",1,1,6048.000000,NaN,"ns/op",1024,1,copyout,16384
"com.evolvedbinary.jnibench.jmhbench.GetJNIBenchmark.getIntoUnsafe:getIntoUnsafe·p0.50","sample",1,1,6256.000000,NaN,"ns/op",1024,1,copyout,16384
"com.evolvedbinary.jnibench.jmhbench.GetJNIBenchmark.getIntoUnsafe:getIntoUnsafe·p0.90","sample",1,1,6368.000000,NaN,"ns/op",1024,1,copyout,16384
"com.evolvedbinary.jnibench.jmhbench.GetJNIBenchmark.getIntoUnsafe:getIntoUnsafe·p0.95","sample",1,1,6624.000000,NaN,"ns/op",1024,1,copyout,16384
"com.evolvedbinary.jnibench.jmhbench.GetJNIBenchmark.getIntoUnsafe:getIntoUnsafe·p0.99","sample",1,1,8912.000000,NaN,"ns/op",1024,1,copyout,16384
"com.evolvedbinary.jnibench.jmhbench.GetJNIBenchmark.getIntoUnsafe:getIntoUnsafe·p0.999","sample",1,1,18272.000000,NaN,"ns/op",1024,1,copyout,16384
"com.evolvedbinary.jnibench.jmhbench.GetJNIBenchmark.getIntoUnsafe:getIntoUnsafe·p0.9999","sample",1,1,30753.830400,NaN,"ns/op",1024,1,copyout,16384
"com.evolvedbinary.jnibench.jmhbench.GetJNIBenchmark.getIntoUnsafe:getIntoUnsafe·p1.00","sample",1,1,5021696.000000,NaN,"ns/op",1024,1,copyout,16384
"com.evolvedbinary.jnibench.jmhbench.GetJNIBenchmark.getIntoUnsafe","sample",1,2549028,12374.018878,13.117304,"ns/op",1024,1,copyout,32768
"com.evolvedbinary.jnibench.jmhbench.GetJNIBenchmark.getIntoUnsafe:getIntoUnsafe·p0.00","sample",1,1,12048.000000,NaN,"ns/op",1024,1,copyout,32768
"com.evolvedbinary.jnibench.jmhbench.GetJNIBenchmark.getIntoUnsafe:getIntoUnsafe·p0.50","sample",1,1,12160.000000,NaN,"ns/op",1024,1,copyout,32768
"com.evolvedbinary.jnibench.jmhbench.GetJNIBenchmark.getIntoUnsafe:getIntoUnsafe·p0.90","sample",1,1,12240.000000,NaN,"ns/op",1024,1,copyout,32768
"com.evolvedbinary.jnibench.jmhbench.GetJNIBenchmark.getIntoUnsafe:getIntoUnsafe·p0.95","sample",1,1,12848.000000,NaN,"ns/op",1024,1,copyout,32768
"com.evolvedbinary.jnibench.jmhbench.GetJNIBenchmark.getIntoUnsafe:getIntoUnsafe·p0.99","sample",1,1,16576.000000,NaN,"ns/op",1024,1,copyout,32768
"com.evolvedbinary.jnibench.jmhbench.GetJNIBenchmark.getIntoUnsafe:getIntoUnsafe·p0.999","sample",1,1,26176.000000,NaN,"ns/op",1024,1,copyout,32768
"com.evolvedbinary.jnibench.jmhbench.GetJNIBenchmark.getIntoUnsafe:getIntoUnsafe·p0.9999","sample",1,1,46214.214400,NaN,"ns/op",1024,1,copyout,32768
"com.evolvedbinary.jnibench.jmhbench.GetJNIBenchmark.getIntoUnsafe:getIntoUnsafe·p1.00","sample",1,1,5398528.000000,NaN,"ns/op",1024,1,copyout,32768
"com.evolvedbinary.jnibench.jmhbench.GetJNIBenchmark.getIntoUnsafe","sample",1,2550896,24536.052725,6.162337,"ns/op",1024,1,copyout,65536
"com.evolvedbinary.jnibench.jmhbench.GetJNIBenchmark.getIntoUnsafe:getIntoUnsafe·p0.00","sample",1,1,24032.000000,NaN,"ns/op",1024,1,copyout,65536
"com.evolvedbinary.jnibench.jmhbench.GetJNIBenchmark.getIntoUnsafe:getIntoUnsafe·p0.50","sample",1,1,24160.000000,NaN,"ns/op",1024,1,copyout,65536
"com.evolvedbinary.jnibench.jmhbench.GetJNIBenchmark.getIntoUnsafe:getIntoUnsafe·p0.90","sample",1,1,25120.000000,NaN,"ns/op",1024,1,copyout,65536
"com.evolvedbinary.jnibench.jmhbench.GetJNIBenchmark.getIntoUnsafe:getIntoUnsafe·p0.95","sample",1,1,26048.000000,NaN,"ns/op",1024,1,copyout,65536
"com.evolvedbinary.jnibench.jmhbench.GetJNIBenchmark.getIntoUnsafe:getIntoUnsafe·p0.99","sample",1,1,31104.000000,NaN,"ns/op",1024,1,copyout,65536
"com.evolvedbinary.jnibench.jmhbench.GetJNIBenchmark.getIntoUnsafe:getIntoUnsafe·p0.999","sample",1,1,42822.592000,NaN,"ns/op",1024,1,copyout,65536
"com.evolvedbinary.jnibench.jmhbench.GetJNIBenchmark.getIntoUnsafe:getIntoUnsafe·p0.9999","sample",1,1,76544.000000,NaN,"ns/op",1024,1,copyout,65536
"com.evolvedbinary.jnibench.jmhbench.GetJNIBenchmark.getIntoUnsafe:getIntoUnsafe·p1.00","sample",1,1,1169408.000000,NaN,"ns/op",1024,1,copyout,65536
"com.evolvedbinary.jnibench.jmhbench.GetJNIUnsafeBenchmark.getFromUnsafeIntoDirectByteBuffer","sample",1,3390839,333.334330,3.195773,"ns/op",1024,1,none,10
"com.evolvedbinary.jnibench.jmhbench.GetJNIUnsafeBenchmark.getFromUnsafeIntoDirectByteBuffer:getFromUnsafeIntoDirectByteBuffer·p0.00","sample",1,1,280.000000,NaN,"ns/op",1024,1,none,10
"com.evolvedbinary.jnibench.jmhbench.GetJNIUnsafeBenchmark.getFromUnsafeIntoDirectByteBuffer:getFromUnsafeIntoDirectByteBuffer·p0.50","sample",1,1,303.000000,NaN,"ns/op",1024,1,none,10
"com.evolvedbinary.jnibench.jmhbench.GetJNIUnsafeBenchmark.getFromUnsafeIntoDirectByteBuffer:getFromUnsafeIntoDirectByteBuffer·p0.90","sample",1,1,320.000000,NaN,"ns/op",1024,1,none,10
"com.evolvedbinary.jnibench.jmhbench.GetJNIUnsafeBenchmark.getFromUnsafeIntoDirectByteBuffer:getFromUnsafeIntoDirectByteBuffer·p0.95","sample",1,1,325.000000,NaN,"ns/op",1024,1,none,10
"com.evolvedbinary.jnibench.jmhbench.GetJNIUnsafeBenchmark.getFromUnsafeIntoDirectByteBuffer:getFromUnsafeIntoDirectByteBuffer·p0.99","sample",1,1,637.000000,NaN,"ns/op",1024,1,none,10
"com.evolvedbinary.jnibench.jmhbench.GetJNIUnsafeBenchmark.getFromUnsafeIntoDirectByteBuffer:getFromUnsafeIntoDirectByteBuffer·p0.999","sample",1,1,6145.280000,NaN,"ns/op",1024,1,none,10
"com.evolvedbinary.jnibench.jmhbench.GetJNIUnsafeBenchmark.getFromUnsafeIntoDirectByteBuffer:getFromUnsafeIntoDirectByteBuffer·p0.9999","sample",1,1,11760.000000,NaN,"ns/op",1024,1,none,10
"com.evolvedbinary.jnibench.jmhbench.GetJNIUnsafeBenchmark.getFromUnsafeIntoDirectByteBuffer:getFromUnsafeIntoDirectByteBuffer·p1.00","sample",1,1,3162112.000000,NaN,"ns/op",1024,1,none,10
"com.evolvedbinary.jnibench.jmhbench.GetJNIUnsafeBenchmark.getFromUnsafeIntoDirectByteBuffer","sample",1,3414290,332.853626,4.876089,"ns/op",1024,1,none,50
"com.evolvedbinary.jnibench.jmhbench.GetJNIUnsafeBenchmark.getFromUnsafeIntoDirectByteBuffer:getFromUnsafeIntoDirectByteBuffer·p0.00","sample",1,1,275.000000,NaN,"ns/op",1024,1,none,50
"com.evolvedbinary.jnibench.jmhbench.GetJNIUnsafeBenchmark.getFromUnsafeIntoDirectByteBuffer:getFromUnsafeIntoDirectByteBuffer·p0.50","sample",1,1,302.000000,NaN,"ns/op",1024,1,none,50
"com.evolvedbinary.jnibench.jmhbench.GetJNIUnsafeBenchmark.getFromUnsafeIntoDirectByteBuffer:getFromUnsafeIntoDirectByteBuffer·p0.90","sample",1,1,319.000000,NaN,"ns/op",1024,1,none,50
"com.evolvedbinary.jnibench.jmhbench.GetJNIUnsafeBenchmark.getFromUnsafeIntoDirectByteBuffer:getFromUnsafeIntoDirectByteBuffer·p0.95","sample",1,1,324.000000,NaN,"ns/op",1024,1,none,50
"com.evolvedbinary.jnibench.jmhbench.GetJNIUnsafeBenchmark.getFromUnsafeIntoDirectByteBuffer:getFromUnsafeIntoDirectByteBuffer·p0.99","sample",1,1,613.000000,NaN,"ns/op",1024,1,none,50
"com.evolvedbinary.jnibench.jmhbench.GetJNIUnsafeBenchmark.getFromUnsafeIntoDirectByteBuffer:getFromUnsafeIntoDirectByteBuffer·p0.999","sample",1,1,6504.000000,NaN,"ns/op",1024,1,none,50
"com.evolvedbinary.jnibench.jmhbench.GetJNIUnsafeBenchmark.getFromUnsafeIntoDirectByteBuffer:getFromUnsafeIntoDirectByteBuffer·p0.9999","sample",1,1,11648.000000,NaN,"ns/op",1024,1,none,50
"com.evolvedbinary.jnibench.jmhbench.GetJNIUnsafeBenchmark.getFromUnsafeIntoDirectByteBuffer:getFromUnsafeIntoDirectByteBuffer·p1.00","sample",1,1,4083712.000000,NaN,"ns/op",1024,1,none,50
"com.evolvedbinary.jnibench.jmhbench.GetJNIUnsafeBenchmark.getFromUnsafeIntoDirectByteBuffer","sample",1,3359700,335.973352,0.945051,"ns/op",1024,1,none,512
"com.evolvedbinary.jnibench.jmhbench.GetJNIUnsafeBenchmark.getFromUnsafeIntoDirectByteBuffer:getFromUnsafeIntoDirectByteBuffer·p0.00","sample",1,1,279.000000,NaN,"ns/op",1024,1,none,512
"com.evolvedbinary.jnibench.jmhbench.GetJNIUnsafeBenchmark.getFromUnsafeIntoDirectByteBuffer:getFromUnsafeIntoDirectByteBuffer·p0.50","sample",1,1,307.000000,NaN,"ns/op",1024,1,none,512
"com.evolvedbinary.jnibench.jmhbench.GetJNIUnsafeBenchmark.getFromUnsafeIntoDirectByteBuffer:getFromUnsafeIntoDirectByteBuffer·p0.90","sample",1,1,323.000000,NaN,"ns/op",1024,1,none,512
"com.evolvedbinary.jnibench.jmhbench.GetJNIUnsafeBenchmark.getFromUnsafeIntoDirectByteBuffer:getFromUnsafeIntoDirectByteBuffer·p0.95","sample",1,1,329.000000,NaN,"ns/op",1024,1,none,512
"com.evolvedbinary.jnibench.jmhbench.GetJNIUnsafeBenchmark.getFromUnsafeIntoDirectByteBuffer:getFromUnsafeIntoDirectByteBuffer·p0.99","sample",1,1,597.000000,NaN,"ns/op",1024,1,none,512
"com.evolvedbinary.jnibench.jmhbench.GetJNIUnsafeBenchmark.getFromUnsafeIntoDirectByteBuffer:getFromUnsafeIntoDirectByteBuffer·p0.999","sample",1,1,6924.784000,NaN,"ns/op",1024,1,none,512
"com.evolvedbinary.jnibench.jmhbench.GetJNIUnsafeBenchmark.getFromUnsafeIntoDirectByteBuffer:getFromUnsafeIntoDirectByteBuffer·p0.9999","sample",1,1,11648.000000,NaN,"ns/op",1024,1,none,512
"com.evolvedbinary.jnibench.jmhbench.GetJNIUnsafeBenchmark.getFromUnsafeIntoDirectByteBuffer:getFromUnsafeIntoDirectByteBuffer·p1.00","sample",1,1,151552.000000,NaN,"ns/op",1024,1,none,512
"com.evolvedbinary.jnibench.jmhbench.GetJNIUnsafeBenchmark.getFromUnsafeIntoDirectByteBuffer","sample",1,3360526,337.423311,2.928979,"ns/op",1024,1,none,1024
"com.evolvedbinary.jnibench.jmhbench.GetJNIUnsafeBenchmark.getFromUnsafeIntoDirectByteBuffer:getFromUnsafeIntoDirectByteBuffer·p0.00","sample",1,1,284.000000,NaN,"ns/op",1024,1,none,1024
"com.evolvedbinary.jnibench.jmhbench.GetJNIUnsafeBenchmark.getFromUnsafeIntoDirectByteBuffer:getFromUnsafeIntoDirectByteBuffer·p0.50","sample",1,1,307.000000,NaN,"ns/op",1024,1,none,1024
"com.evolvedbinary.jnibench.jmhbench.GetJNIUnsafeBenchmark.getFromUnsafeIntoDirectByteBuffer:getFromUnsafeIntoDirectByteBuffer·p0.90","sample",1,1,324.000000,NaN,"ns/op",1024,1,none,1024
"com.evolvedbinary.jnibench.jmhbench.GetJNIUnsafeBenchmark.getFromUnsafeIntoDirectByteBuffer:getFromUnsafeIntoDirectByteBuffer·p0.95","sample",1,1,329.000000,NaN,"ns/op",1024,1,none,1024
"com.evolvedbinary.jnibench.jmhbench.GetJNIUnsafeBenchmark.getFromUnsafeIntoDirectByteBuffer:getFromUnsafeIntoDirectByteBuffer·p0.99","sample",1,1,644.000000,NaN,"ns/op",1024,1,none,1024
"com.evolvedbinary.jnibench.jmhbench.GetJNIUnsafeBenchmark.getFromUnsafeIntoDirectByteBuffer:getFromUnsafeIntoDirectByteBuffer·p0.999","sample",1,1,6287.568000,NaN,"ns/op",1024,1,none,1024
"com.evolvedbinary.jnibench.jmhbench.GetJNIUnsafeBenchmark.getFromUnsafeIntoDirectByteBuffer:getFromUnsafeIntoDirectByteBuffer·p0.9999","sample",1,1,11648.000000,NaN,"ns/op",1024,1,none,1024
"com.evolvedbinary.jnibench.jmhbench.GetJNIUnsafeBenchmark.getFromUnsafeIntoDirectByteBuffer:getFromUnsafeIntoDirectByteBuffer·p1.00","sample",1,1,2826240.000000,NaN,"ns/op",1024,1,none,1024
"com.evolvedbinary.jnibench.jmhbench.GetJNIUnsafeBenchmark.getFromUnsafeIntoDirectByteBuffer","sample",1,2961035,383.534177,3.654603,"ns/op",1024,1,none,4096
"com.evolvedbinary.jnibench.jmhbench.GetJNIUnsafeBenchmark.getFromUnsafeIntoDirectByteBuffer:getFromUnsafeIntoDirectByteBuffer·p0.00","sample",1,1,321.000000,NaN,"ns/op",1024,1,none,4096
"com.evolvedbinary.jnibench.jmhbench.GetJNIUnsafeBenchmark.getFromUnsafeIntoDirectByteBuffer:getFromUnsafeIntoDirectByteBuffer·p0.50","sample",1,1,345.000000,NaN,"ns/op",1024,1,none,4096
"com.evolvedbinary.jnibench.jmhbench.GetJNIUnsafeBenchmark.getFromUnsafeIntoDirectByteBuffer:getFromUnsafeIntoDirectByteBuffer·p0.90","sample",1,1,362.000000,NaN,"ns/op",1024,1,none,4096
"com.evolvedbinary.jnibench.jmhbench.GetJNIUnsafeBenchmark.getFromUnsafeIntoDirectByteBuffer:getFromUnsafeIntoDirectByteBuffer·p0.95","sample",1,1,369.000000,NaN,"ns/op",1024,1,none,4096
"com.evolvedbinary.jnibench.jmhbench.GetJNIUnsafeBenchmark.getFromUnsafeIntoDirectByteBuffer:getFromUnsafeIntoDirectByteBuffer·p0.99","sample",1,1,851.000000,NaN,"ns/op",1024,1,none,4096
"com.evolvedbinary.jnibench.jmhbench.GetJNIUnsafeBenchmark.getFromUnsafeIntoDirectByteBuffer:getFromUnsafeIntoDirectByteBuffer·p0.999","sample",1,1,9568.000000,NaN,"ns/op",1024,1,none,4096
"com.evolvedbinary.jnibench.jmhbench.GetJNIUnsafeBenchmark.getFromUnsafeIntoDirectByteBuffer:getFromUnsafeIntoDirectByteBuffer·p0.9999","sample",1,1,11904.000000,NaN,"ns/op",1024,1,none,4096
"com.evolvedbinary.jnibench.jmhbench.GetJNIUnsafeBenchmark.getFromUnsafeIntoDirectByteBuffer:getFromUnsafeIntoDirectByteBuffer·p1.00","sample",1,1,2932736.000000,NaN,"ns/op",1024,1,none,4096
"com.evolvedbinary.jnibench.jmhbench.GetJNIUnsafeBenchmark.getFromUnsafeIntoDirectByteBuffer","sample",1,3307092,842.644959,1.693189,"ns/op",1024,1,none,16384
"com.evolvedbinary.jnibench.jmhbench.GetJNIUnsafeBenchmark.getFromUnsafeIntoDirectByteBuffer:getFromUnsafeIntoDirectByteBuffer·p0.00","sample",1,1,589.000000,NaN,"ns/op",1024,1,none,16384
"com.evolvedbinary.jnibench.jmhbench.GetJNIUnsafeBenchmark.getFromUnsafeIntoDirectByteBuffer:getFromUnsafeIntoDirectByteBuffer·p0.50","sample",1,1,779.000000,NaN,"ns/op",1024,1,none,16384
"com.evolvedbinary.jnibench.jmhbench.GetJNIUnsafeBenchmark.getFromUnsafeIntoDirectByteBuffer:getFromUnsafeIntoDirectByteBuffer·p0.90","sample",1,1,856.000000,NaN,"ns/op",1024,1,none,16384
"com.evolvedbinary.jnibench.jmhbench.GetJNIUnsafeBenchmark.getFromUnsafeIntoDirectByteBuffer:getFromUnsafeIntoDirectByteBuffer·p0.95","sample",1,1,872.000000,NaN,"ns/op",1024,1,none,16384
"com.evolvedbinary.jnibench.jmhbench.GetJNIUnsafeBenchmark.getFromUnsafeIntoDirectByteBuffer:getFromUnsafeIntoDirectByteBuffer·p0.99","sample",1,1,2276.000000,NaN,"ns/op",1024,1,none,16384
"com.evolvedbinary.jnibench.jmhbench.GetJNIUnsafeBenchmark.getFromUnsafeIntoDirectByteBuffer:getFromUnsafeIntoDirectByteBuffer·p0.999","sample",1,1,11104.000000,NaN,"ns/op",1024,1,none,16384
"com.evolvedbinary.jnibench.jmhbench.GetJNIUnsafeBenchmark.getFromUnsafeIntoDirectByteBuffer:getFromUnsafeIntoDirectByteBuffer·p0.9999","sample",1,1,13938.604800,NaN,"ns/op",1024,1,none,16384
"com.evolvedbinary.jnibench.jmhbench.GetJNIUnsafeBenchmark.getFromUnsafeIntoDirectByteBuffer:getFromUnsafeIntoDirectByteBuffer·p1.00","sample",1,1,1026048.000000,NaN,"ns/op",1024,1,none,16384
"com.evolvedbinary.jnibench.jmhbench.GetJNIUnsafeBenchmark.getFromUnsafeIntoDirectByteBuffer","sample",1,2797179,1474.916713,11.582389,"ns/op",1024,1,none,32768
"com.evolvedbinary.jnibench.jmhbench.GetJNIUnsafeBenchmark.getFromUnsafeIntoDirectByteBuffer:getFromUnsafeIntoDirectByteBuffer·p0.00","sample",1,1,1278.000000,NaN,"ns/op",1024,1,none,32768
"com.evolvedbinary.jnibench.jmhbench.GetJNIUnsafeBenchmark.getFromUnsafeIntoDirectByteBuffer:getFromUnsafeIntoDirectByteBuffer·p0.50","sample",1,1,1392.000000,NaN,"ns/op",1024,1,none,32768
"com.evolvedbinary.jnibench.jmhbench.GetJNIUnsafeBenchmark.getFromUnsafeIntoDirectByteBuffer:getFromUnsafeIntoDirectByteBuffer·p0.90","sample",1,1,1438.000000,NaN,"ns/op",1024,1,none,32768
"com.evolvedbinary.jnibench.jmhbench.GetJNIUnsafeBenchmark.getFromUnsafeIntoDirectByteBuffer:getFromUnsafeIntoDirectByteBuffer·p0.95","sample",1,1,1482.000000,NaN,"ns/op",1024,1,none,32768
"com.evolvedbinary.jnibench.jmhbench.GetJNIUnsafeBenchmark.getFromUnsafeIntoDirectByteBuffer:getFromUnsafeIntoDirectByteBuffer·p0.99","sample",1,1,3180.000000,NaN,"ns/op",1024,1,none,32768
"com.evolvedbinary.jnibench.jmhbench.GetJNIUnsafeBenchmark.getFromUnsafeIntoDirectByteBuffer:getFromUnsafeIntoDirectByteBuffer·p0.999","sample",1,1,12208.000000,NaN,"ns/op",1024,1,none,32768
"com.evolvedbinary.jnibench.jmhbench.GetJNIUnsafeBenchmark.getFromUnsafeIntoDirectByteBuffer:getFromUnsafeIntoDirectByteBuffer·p0.9999","sample",1,1,17211.072000,NaN,"ns/op",1024,1,none,32768
"com.evolvedbinary.jnibench.jmhbench.GetJNIUnsafeBenchmark.getFromUnsafeIntoDirectByteBuffer:getFromUnsafeIntoDirectByteBuffer·p1.00","sample",1,1,4366336.000000,NaN,"ns/op",1024,1,none,32768
"com.evolvedbinary.jnibench.jmhbench.GetJNIUnsafeBenchmark.getFromUnsafeIntoDirectByteBuffer","sample",1,3084006,2605.929346,7.398598,"ns/op",1024,1,none,65536
"com.evolvedbinary.jnibench.jmhbench.GetJNIUnsafeBenchmark.getFromUnsafeIntoDirectByteBuffer:getFromUnsafeIntoDirectByteBuffer·p0.00","sample",1,1,2364.000000,NaN,"ns/op",1024,1,none,65536
"com.evolvedbinary.jnibench.jmhbench.GetJNIUnsafeBenchmark.getFromUnsafeIntoDirectByteBuffer:getFromUnsafeIntoDirectByteBuffer·p0.50","sample",1,1,2504.000000,NaN,"ns/op",1024,1,none,65536
"com.evolvedbinary.jnibench.jmhbench.GetJNIUnsafeBenchmark.getFromUnsafeIntoDirectByteBuffer:getFromUnsafeIntoDirectByteBuffer·p0.90","sample",1,1,2608.000000,NaN,"ns/op",1024,1,none,65536
"com.evolvedbinary.jnibench.jmhbench.GetJNIUnsafeBenchmark.getFromUnsafeIntoDirectByteBuffer:getFromUnsafeIntoDirectByteBuffer·p0.95","sample",1,1,2676.000000,NaN,"ns/op",1024,1,none,65536
"com.evolvedbinary.jnibench.jmhbench.GetJNIUnsafeBenchmark.getFromUnsafeIntoDirectByteBuffer:getFromUnsafeIntoDirectByteBuffer·p0.99","sample",1,1,4824.000000,NaN,"ns/op",1024,1,none,65536
"com.evolvedbinary.jnibench.jmhbench.GetJNIUnsafeBenchmark.getFromUnsafeIntoDirectByteBuffer:getFromUnsafeIntoDirectByteBuffer·p0.999","sample",1,1,13504.000000,NaN,"ns/op",1024,1,none,65536
"com.evolvedbinary.jnibench.jmhbench.GetJNIUnsafeBenchmark.getFromUnsafeIntoDirectByteBuffer:getFromUnsafeIntoDirectByteBuffer·p0.9999","sample",1,1,19059.177600,NaN,"ns/op",1024,1,none,65536
"com.evolvedbinary.jnibench.jmhbench.GetJNIUnsafeBenchmark.getFromUnsafeIntoDirectByteBuffer:getFromUnsafeIntoDirectByteBuffer·p1.00","sample",1,1,4530176.000000,NaN,"ns/op",1024,1,none,65536
"com.evolvedbinary.jnibench.jmhbench.GetJNIUnsafeBenchmark.getFromUnsafeIntoDirectByteBuffer","sample",1,3130004,361.678067,5.259997,"ns/op",1024,1,copyout,10
"com.evolvedbinary.jnibench.jmhbench.GetJNIUnsafeBenchmark.getFromUnsafeIntoDirectByteBuffer:getFromUnsafeIntoDirectByteBuffer·p0.00","sample",1,1,299.000000,NaN,"ns/op",1024,1,copyout,10
"com.evolvedbinary.jnibench.jmhbench.GetJNIUnsafeBenchmark.getFromUnsafeIntoDirectByteBuffer:getFromUnsafeIntoDirectByteBuffer·p0.50","sample",1,1,326.000000,NaN,"ns/op",1024,1,copyout,10
"com.evolvedbinary.jnibench.jmhbench.GetJNIUnsafeBenchmark.getFromUnsafeIntoDirectByteBuffer:getFromUnsafeIntoDirectByteBuffer·p0.90","sample",1,1,347.000000,NaN,"ns/op",1024,1,copyout,10
"com.evolvedbinary.jnibench.jmhbench.GetJNIUnsafeBenchmark.getFromUnsafeIntoDirectByteBuffer:getFromUnsafeIntoDirectByteBuffer·p0.95","sample",1,1,353.000000,NaN,"ns/op",1024,1,copyout,10
"com.evolvedbinary.jnibench.jmhbench.GetJNIUnsafeBenchmark.getFromUnsafeIntoDirectByteBuffer:getFromUnsafeIntoDirectByteBuffer·p0.99","sample",1,1,666.000000,NaN,"ns/op",1024,1,copyout,10
"com.evolvedbinary.jnibench.jmhbench.GetJNIUnsafeBenchmark.getFromUnsafeIntoDirectByteBuffer:getFromUnsafeIntoDirectByteBuffer·p0.999","sample",1,1,9632.000000,NaN,"ns/op",1024,1,copyout,10
"com.evolvedbinary.jnibench.jmhbench.GetJNIUnsafeBenchmark.getFromUnsafeIntoDirectByteBuffer:getFromUnsafeIntoDirectByteBuffer·p0.9999","sample",1,1,11920.000000,NaN,"ns/op",1024,1,copyout,10
"com.evolvedbinary.jnibench.jmhbench.GetJNIUnsafeBenchmark.getFromUnsafeIntoDirectByteBuffer:getFromUnsafeIntoDirectByteBuffer·p1.00","sample",1,1,3956736.000000,NaN,"ns/op",1024,1,copyout,10
"com.evolvedbinary.jnibench.jmhbench.GetJNIUnsafeBenchmark.getFromUnsafeIntoDirectByteBuffer","sample",1,2997355,380.170948,3.212072,"ns/op",1024,1,copyout,50
"com.evolvedbinary.jnibench.jmhbench.GetJNIUnsafeBenchmark.getFromUnsafeIntoDirectByteBuffer:getFromUnsafeIntoDirectByteBuffer·p0.00","sample",1,1,308.000000,NaN,"ns/op",1024,1,copyout,50
"com.evolvedbinary.jnibench.jmhbench.GetJNIUnsafeBenchmark.getFromUnsafeIntoDirectByteBuffer:getFromUnsafeIntoDirectByteBuffer·p0.50","sample",1,1,341.000000,NaN,"ns/op",1024,1,copyout,50
"com.evolvedbinary.jnibench.jmhbench.GetJNIUnsafeBenchmark.getFromUnsafeIntoDirectByteBuffer:getFromUnsafeIntoDirectByteBuffer·p0.90","sample",1,1,361.000000,NaN,"ns/op",1024,1,copyout,50
"com.evolvedbinary.jnibench.jmhbench.GetJNIUnsafeBenchmark.getFromUnsafeIntoDirectByteBuffer:getFromUnsafeIntoDirectByteBuffer·p0.95","sample",1,1,372.000000,NaN,"ns/op",1024,1,copyout,50
"com.evolvedbinary.jnibench.jmhbench.GetJNIUnsafeBenchmark.getFromUnsafeIntoDirectByteBuffer:getFromUnsafeIntoDirectByteBuffer·p0.99","sample",1,1,809.000000,NaN,"ns/op",1024,1,copyout,50
"com.evolvedbinary.jnibench.jmhbench.GetJNIUnsafeBenchmark.getFromUnsafeIntoDirectByteBuffer:getFromUnsafeIntoDirectByteBuffer·p0.999","sample",1,1,9728.000000,NaN,"ns/op",1024,1,copyout,50
"com.evolvedbinary.jnibench.jmhbench.GetJNIUnsafeBenchmark.getFromUnsafeIntoDirectByteBuffer:getFromUnsafeIntoDirectByteBuffer·p0.9999","sample",1,1,12128.000000,NaN,"ns/op",1024,1,copyout,50
"com.evolvedbinary.jnibench.jmhbench.GetJNIUnsafeBenchmark.getFromUnsafeIntoDirectByteBuffer:getFromUnsafeIntoDirectByteBuffer·p1.00","sample",1,1,2723840.000000,NaN,"ns/op",1024,1,copyout,50
"com.evolvedbinary.jnibench.jmhbench.GetJNIUnsafeBenchmark.getFromUnsafeIntoDirectByteBuffer","sample",1,3911379,546.711811,3.127903,"ns/op",1024,1,copyout,512
"com.evolvedbinary.jnibench.jmhbench.GetJNIUnsafeBenchmark.getFromUnsafeIntoDirectByteBuffer:getFromUnsafeIntoDirectByteBuffer·p0.00","sample",1,1,464.000000,NaN,"ns/op",1024,1,copyout,512
"com.evolvedbinary.jnibench.jmhbench.GetJNIUnsafeBenchmark.getFromUnsafeIntoDirectByteBuffer:getFromUnsafeIntoDirectByteBuffer·p0.50","sample",1,1,509.000000,NaN,"ns/op",1024,1,copyout,512
"com.evolvedbinary.jnibench.jmhbench.GetJNIUnsafeBenchmark.getFromUnsafeIntoDirectByteBuffer:getFromUnsafeIntoDirectByteBuffer·p0.90","sample",1,1,532.000000,NaN,"ns/op",1024,1,copyout,512
"com.evolvedbinary.jnibench.jmhbench.GetJNIUnsafeBenchmark.getFromUnsafeIntoDirectByteBuffer:getFromUnsafeIntoDirectByteBuffer·p0.95","sample",1,1,540.000000,NaN,"ns/op",1024,1,copyout,512
"com.evolvedbinary.jnibench.jmhbench.GetJNIUnsafeBenchmark.getFromUnsafeIntoDirectByteBuffer:getFromUnsafeIntoDirectByteBuffer·p0.99","sample",1,1,1640.000000,NaN,"ns/op",1024,1,copyout,512
"com.evolvedbinary.jnibench.jmhbench.GetJNIUnsafeBenchmark.getFromUnsafeIntoDirectByteBuffer:getFromUnsafeIntoDirectByteBuffer·p0.999","sample",1,1,9744.000000,NaN,"ns/op",1024,1,copyout,512
"com.evolvedbinary.jnibench.jmhbench.GetJNIUnsafeBenchmark.getFromUnsafeIntoDirectByteBuffer:getFromUnsafeIntoDirectByteBuffer·p0.9999","sample",1,1,12000.000000,NaN,"ns/op",1024,1,copyout,512
"com.evolvedbinary.jnibench.jmhbench.GetJNIUnsafeBenchmark.getFromUnsafeIntoDirectByteBuffer:getFromUnsafeIntoDirectByteBuffer·p1.00","sample",1,1,2969600.000000,NaN,"ns/op",1024,1,copyout,512
"com.evolvedbinary.jnibench.jmhbench.GetJNIUnsafeBenchmark.getFromUnsafeIntoDirectByteBuffer","sample",1,2910242,733.120607,4.256903,"ns/op",1024,1,copyout,1024
"com.evolvedbinary.jnibench.jmhbench.GetJNIUnsafeBenchmark.getFromUnsafeIntoDirectByteBuffer:getFromUnsafeIntoDirectByteBuffer·p0.00","sample",1,1,644.000000,NaN,"ns/op",1024,1,copyout,1024
"com.evolvedbinary.jnibench.jmhbench.GetJNIUnsafeBenchmark.getFromUnsafeIntoDirectByteBuffer:getFromUnsafeIntoDirectByteBuffer·p0.50","sample",1,1,680.000000,NaN,"ns/op",1024,1,copyout,1024
"com.evolvedbinary.jnibench.jmhbench.GetJNIUnsafeBenchmark.getFromUnsafeIntoDirectByteBuffer:getFromUnsafeIntoDirectByteBuffer·p0.90","sample",1,1,705.000000,NaN,"ns/op",1024,1,copyout,1024
"com.evolvedbinary.jnibench.jmhbench.GetJNIUnsafeBenchmark.getFromUnsafeIntoDirectByteBuffer:getFromUnsafeIntoDirectByteBuffer·p0.95","sample",1,1,721.000000,NaN,"ns/op",1024,1,copyout,1024
"com.evolvedbinary.jnibench.jmhbench.GetJNIUnsafeBenchmark.getFromUnsafeIntoDirectByteBuffer:getFromUnsafeIntoDirectByteBuffer·p0.99","sample",1,1,2046.000000,NaN,"ns/op",1024,1,copyout,1024
"com.evolvedbinary.jnibench.jmhbench.GetJNIUnsafeBenchmark.getFromUnsafeIntoDirectByteBuffer:getFromUnsafeIntoDirectByteBuffer·p0.999","sample",1,1,11120.000000,NaN,"ns/op",1024,1,copyout,1024
"com.evolvedbinary.jnibench.jmhbench.GetJNIUnsafeBenchmark.getFromUnsafeIntoDirectByteBuffer:getFromUnsafeIntoDirectByteBuffer·p0.9999","sample",1,1,13104.000000,NaN,"ns/op",1024,1,copyout,1024
"com.evolvedbinary.jnibench.jmhbench.GetJNIUnsafeBenchmark.getFromUnsafeIntoDirectByteBuffer:getFromUnsafeIntoDirectByteBuffer·p1.00","sample",1,1,3416064.000000,NaN,"ns/op",1024,1,copyout,1024
"com.evolvedbinary.jnibench.jmhbench.GetJNIUnsafeBenchmark.getFromUnsafeIntoDirectByteBuffer","sample",1,4428230,1821.585153,4.438866,"ns/op",1024,1,copyout,4096
"com.evolvedbinary.jnibench.jmhbench.GetJNIUnsafeBenchmark.getFromUnsafeIntoDirectByteBuffer:getFromUnsafeIntoDirectByteBuffer·p0.00","sample",1,1,1646.000000,NaN,"ns/op",1024,1,copyout,4096
"com.evolvedbinary.jnibench.jmhbench.GetJNIUnsafeBenchmark.getFromUnsafeIntoDirectByteBuffer:getFromUnsafeIntoDirectByteBuffer·p0.50","sample",1,1,1756.000000,NaN,"ns/op",1024,1,copyout,4096
"com.evolvedbinary.jnibench.jmhbench.GetJNIUnsafeBenchmark.getFromUnsafeIntoDirectByteBuffer:getFromUnsafeIntoDirectByteBuffer·p0.90","sample",1,1,1792.000000,NaN,"ns/op",1024,1,copyout,4096
"com.evolvedbinary.jnibench.jmhbench.GetJNIUnsafeBenchmark.getFromUnsafeIntoDirectByteBuffer:getFromUnsafeIntoDirectByteBuffer·p0.95","sample",1,1,1860.000000,NaN,"ns/op",1024,1,copyout,4096
"com.evolvedbinary.jnibench.jmhbench.GetJNIUnsafeBenchmark.getFromUnsafeIntoDirectByteBuffer:getFromUnsafeIntoDirectByteBuffer·p0.99","sample",1,1,3336.000000,NaN,"ns/op",1024,1,copyout,4096
"com.evolvedbinary.jnibench.jmhbench.GetJNIUnsafeBenchmark.getFromUnsafeIntoDirectByteBuffer:getFromUnsafeIntoDirectByteBuffer·p0.999","sample",1,1,12336.000000,NaN,"ns/op",1024,1,copyout,4096
"com.evolvedbinary.jnibench.jmhbench.GetJNIUnsafeBenchmark.getFromUnsafeIntoDirectByteBuffer:getFromUnsafeIntoDirectByteBuffer·p0.9999","sample",1,1,16421.660800,NaN,"ns/op",1024,1,copyout,4096
"com.evolvedbinary.jnibench.jmhbench.GetJNIUnsafeBenchmark.getFromUnsafeIntoDirectByteBuffer:getFromUnsafeIntoDirectByteBuffer·p1.00","sample",1,1,3375104.000000,NaN,"ns/op",1024,1,copyout,4096
"com.evolvedbinary.jnibench.jmhbench.GetJNIUnsafeBenchmark.getFromUnsafeIntoDirectByteBuffer","sample",1,2414386,6578.317923,9.210818,"ns/op",1024,1,copyout,16384
"com.evolvedbinary.jnibench.jmhbench.GetJNIUnsafeBenchmark.getFromUnsafeIntoDirectByteBuffer:getFromUnsafeIntoDirectByteBuffer·p0.00","sample",1,1,6208.000000,NaN,"ns/op",1024,1,copyout,16384
"com.evolvedbinary.jnibench.jmhbench.GetJNIUnsafeBenchmark.getFromUnsafeIntoDirectByteBuffer:getFromUnsafeIntoDirectByteBuffer·p0.50","sample",1,1,6408.000000,NaN,"ns/op",1024,1,copyout,16384
"com.evolvedbinary.jnibench.jmhbench.GetJNIUnsafeBenchmark.getFromUnsafeIntoDirectByteBuffer:getFromUnsafeIntoDirectByteBuffer·p0.90","sample",1,1,6496.000000,NaN,"ns/op",1024,1,copyout,16384
"com.evolvedbinary.jnibench.jmhbench.GetJNIUnsafeBenchmark.getFromUnsafeIntoDirectByteBuffer:getFromUnsafeIntoDirectByteBuffer·p0.95","sample",1,1,6824.000000,NaN,"ns/op",1024,1,copyout,16384
"com.evolvedbinary.jnibench.jmhbench.GetJNIUnsafeBenchmark.getFromUnsafeIntoDirectByteBuffer:getFromUnsafeIntoDirectByteBuffer·p0.99","sample",1,1,10128.000000,NaN,"ns/op",1024,1,copyout,16384
"com.evolvedbinary.jnibench.jmhbench.GetJNIUnsafeBenchmark.getFromUnsafeIntoDirectByteBuffer:getFromUnsafeIntoDirectByteBuffer·p0.999","sample",1,1,19872.000000,NaN,"ns/op",1024,1,copyout,16384
"com.evolvedbinary.jnibench.jmhbench.GetJNIUnsafeBenchmark.getFromUnsafeIntoDirectByteBuffer:getFromUnsafeIntoDirectByteBuffer·p0.9999","sample",1,1,42683.462400,NaN,"ns/op",1024,1,copyout,16384
"com.evolvedbinary.jnibench.jmhbench.GetJNIUnsafeBenchmark.getFromUnsafeIntoDirectByteBuffer:getFromUnsafeIntoDirectByteBuffer·p1.00","sample",1,1,4227072.000000,NaN,"ns/op",1024,1,copyout,16384
"com.evolvedbinary.jnibench.jmhbench.GetJNIUnsafeBenchmark.getFromUnsafeIntoDirectByteBuffer","sample",1,2517236,12517.571120,9.309276,"ns/op",1024,1,copyout,32768
"com.evolvedbinary.jnibench.jmhbench.GetJNIUnsafeBenchmark.getFromUnsafeIntoDirectByteBuffer:getFromUnsafeIntoDirectByteBuffer·p0.00","sample",1,1,12192.000000,NaN,"ns/op",1024,1,copyout,32768
"com.evolvedbinary.jnibench.jmhbench.GetJNIUnsafeBenchmark.getFromUnsafeIntoDirectByteBuffer:getFromUnsafeIntoDirectByteBuffer·p0.50","sample",1,1,12288.000000,NaN,"ns/op",1024,1,copyout,32768
"com.evolvedbinary.jnibench.jmhbench.GetJNIUnsafeBenchmark.getFromUnsafeIntoDirectByteBuffer:getFromUnsafeIntoDirectByteBuffer·p0.90","sample",1,1,12480.000000,NaN,"ns/op",1024,1,copyout,32768
"com.evolvedbinary.jnibench.jmhbench.GetJNIUnsafeBenchmark.getFromUnsafeIntoDirectByteBuffer:getFromUnsafeIntoDirectByteBuffer·p0.95","sample",1,1,13024.000000,NaN,"ns/op",1024,1,copyout,32768
"com.evolvedbinary.jnibench.jmhbench.GetJNIUnsafeBenchmark.getFromUnsafeIntoDirectByteBuffer:getFromUnsafeIntoDirectByteBuffer·p0.99","sample",1,1,16448.000000,NaN,"ns/op",1024,1,copyout,32768
"com.evolvedbinary.jnibench.jmhbench.GetJNIUnsafeBenchmark.getFromUnsafeIntoDirectByteBuffer:getFromUnsafeIntoDirectByteBuffer·p0.999","sample",1,1,26528.000000,NaN,"ns/op",1024,1,copyout,32768
"com.evolvedbinary.jnibench.jmhbench.GetJNIUnsafeBenchmark.getFromUnsafeIntoDirectByteBuffer:getFromUnsafeIntoDirectByteBuffer·p0.9999","sample",1,1,50001.683200,NaN,"ns/op",1024,1,copyout,32768
"com.evolvedbinary.jnibench.jmhbench.GetJNIUnsafeBenchmark.getFromUnsafeIntoDirectByteBuffer:getFromUnsafeIntoDirectByteBuffer·p1.00","sample",1,1,4521984.000000,NaN,"ns/op",1024,1,copyout,32768
"com.evolvedbinary.jnibench.jmhbench.GetJNIUnsafeBenchmark.getFromUnsafeIntoDirectByteBuffer","sample",1,2527526,24752.986539,13.438184,"ns/op",1024,1,copyout,65536
"com.evolvedbinary.jnibench.jmhbench.GetJNIUnsafeBenchmark.getFromUnsafeIntoDirectByteBuffer:getFromUnsafeIntoDirectByteBuffer·p0.00","sample",1,1,24160.000000,NaN,"ns/op",1024,1,copyout,65536
"com.evolvedbinary.jnibench.jmhbench.GetJNIUnsafeBenchmark.getFromUnsafeIntoDirectByteBuffer:getFromUnsafeIntoDirectByteBuffer·p0.50","sample",1,1,24384.000000,NaN,"ns/op",1024,1,copyout,65536
"com.evolvedbinary.jnibench.jmhbench.GetJNIUnsafeBenchmark.getFromUnsafeIntoDirectByteBuffer:getFromUnsafeIntoDirectByteBuffer·p0.90","sample",1,1,25632.000000,NaN,"ns/op",1024,1,copyout,65536
"com.evolvedbinary.jnibench.jmhbench.GetJNIUnsafeBenchmark.getFromUnsafeIntoDirectByteBuffer:getFromUnsafeIntoDirectByteBuffer·p0.95","sample",1,1,26432.000000,NaN,"ns/op",1024,1,copyout,65536
"com.evolvedbinary.jnibench.jmhbench.GetJNIUnsafeBenchmark.getFromUnsafeIntoDirectByteBuffer:getFromUnsafeIntoDirectByteBuffer·p0.99","sample",1,1,34880.000000,NaN,"ns/op",1024,1,copyout,65536
"com.evolvedbinary.jnibench.jmhbench.GetJNIUnsafeBenchmark.getFromUnsafeIntoDirectByteBuffer:getFromUnsafeIntoDirectByteBuffer·p0.999","sample",1,1,42496.000000,NaN,"ns/op",1024,1,copyout,65536
"com.evolvedbinary.jnibench.jmhbench.GetJNIUnsafeBenchmark.getFromUnsafeIntoDirectByteBuffer:getFromUnsafeIntoDirectByteBuffer·p0.9999","sample",1,1,77471.654400,NaN,"ns/op",1024,1,copyout,65536
"com.evolvedbinary.jnibench.jmhbench.GetJNIUnsafeBenchmark.getFromUnsafeIntoDirectByteBuffer:getFromUnsafeIntoDirectByteBuffer·p1.00","sample",1,1,4374528.000000,NaN,"ns/op",1024,1,copyout,65536
